writer_id,file_name,label,text,category
Coverage3,Coverage3/1.png,SUP_01,အဲဒီနေ့က သူ့ရဲ့သူငယ်ချင်းနဲ့ တွေ့ခဲ့တဲ့အကြောင်းကို ပြောတယ်။,SUP
Coverage3,Coverage3/2.png,SUP_02,စာမေးပွဲအောင်ဖို့ ကြိုးစားရမယ်လို့ ဆရာက ဆိုတယ်။,SUP
Coverage3,Coverage3/3.png,SUP_03,လိုအပ်တဲ့စာအုပ်ကို စာကြည့်တိုက်ဆီက ယူပြီး အိမ်ထိ သယ်လာခဲ့တယ်။,SUP
Coverage3,Coverage3/4.png,SUP_04,ဒီမြေကွက်ပဲ ဝယ်မယ့်သူတွေရှိလို့ ဈေးနှုန်းကို သေချာစစ်တယ်။,SUP
Coverage3,Coverage3/5.png,SUP_05,ဥယျာဉ်ထဲမှာ ဂန္ဓမာပန်းနဲ့ ဇီဇဝါပန်းတွေ ပွင့်နေတယ်။,SUP
Coverage3,Coverage3/6.png,SUP_06,ဗိုလ်ချုပ်လမ်းဘေးက ဆေးဆိုင်မှာ ဆေးဝယ်ဖို့ သွားတယ်။,SUP
Coverage3,Coverage3/7.png,SUP_07,ရိပ်သာရှေ့မှာ ယေဘုယျစည်းကမ်းတွေကို ဖတ်ပြီး ရုံးထဲဝင်တယ်။,SUP
Coverage3,Coverage3/8.png,SUP_08,သူက သုံးရက်အတွင်း အလုပ်ပြီးအောင် ကြိုးစားမယ်လို့ ပြောတယ်။,SUP
Coverage3,Coverage3/9.png,SUP_09,မိုးစိုနေတဲ့လမ်းပေါ်မှာ ထီးဆောင်းပြီး ဖြည်းဖြည်းလျှောက်တယ်။,SUP
Coverage3,Coverage3/10.png,SUP_10,ထုတ်ကုန်အသစ်ကို ထေရဝါဒစာအုပ်တွေနဲ့အတူ စာအုပ်ဆိုင်မှာ တင်ထားတယ်။,SUP
Coverage3,Coverage3/11.png,SUP_11,တီဗီကြည့်ပြီး အိပ်ချိန်ရောက်တော့ မီးပိတ်လိုက်တယ်။,SUP
Coverage3,Coverage3/12.png,SUP_12,လွယ်ကူတဲ့နည်းလမ်းကို ဖေဖေက ရှင်းပြပေးတယ်။,SUP
Coverage3,Coverage3/13.png,SUP_13,ခိုင်မာတဲ့တံတားက ကူးသွားဖို့ ပိုလုံခြုံတယ်။,SUP
Coverage3,Coverage3/14.png,SUP_14,နီလာက ချုပ်ထားတဲ့အင်္ကျီကို ဝတ်ပြီး အပြင်ထွက်တယ်။,SUP
Coverage3,Coverage3/15.png,SUP_15,ဝိဇ္ဇာဘာသာကို စိတ်ဝင်စားတဲ့ကျောင်းသားတွေ စာကြည့်တိုက်မှာ လေ့လာကြတယ်။,SUP
Coverage1,Coverage1/1.png,SUP_01,အဲဒီနေ့က သူ့ရဲ့သူငယ်ချင်းနဲ့ တွေ့ခဲ့တဲ့အကြောင်းကို ပြောတယ်။,SUP
Coverage1,Coverage1/2.png,SUP_02,စာမေးပွဲအောင်ဖို့ ကြိုးစားရမယ်လို့ ဆရာက ဆိုတယ်။,SUP
Coverage1,Coverage1/3.png,SUP_03,လိုအပ်တဲ့စာအုပ်ကို စာကြည့်တိုက်ဆီက ယူပြီး အိမ်ထိ သယ်လာခဲ့တယ်။,SUP
Coverage1,Coverage1/4.png,SUP_04,ဒီမြေကွက်ပဲ ဝယ်မယ့်သူတွေရှိလို့ ဈေးနှုန်းကို သေချာစစ်တယ်။,SUP
Coverage1,Coverage1/5.png,SUP_05,ဥယျာဉ်ထဲမှာ ဂန္ဓမာပန်းနဲ့ ဇီဇဝါပန်းတွေ ပွင့်နေတယ်။,SUP
Coverage1,Coverage1/6.png,SUP_06,ဗိုလ်ချုပ်လမ်းဘေးက ဆေးဆိုင်မှာ ဆေးဝယ်ဖို့ သွားတယ်။,SUP
Coverage1,Coverage1/7.png,SUP_07,ရိပ်သာရှေ့မှာ ယေဘုယျစည်းကမ်းတွေကို ဖတ်ပြီး ရုံးထဲဝင်တယ်။,SUP
Coverage1,Coverage1/8.png,SUP_08,သူက သုံးရက်အတွင်း အလုပ်ပြီးအောင် ကြိုးစားမယ်လို့ ပြောတယ်။,SUP
Coverage1,Coverage1/9.png,SUP_09,မိုးစိုနေတဲ့လမ်းပေါ်မှာ ထီးဆောင်းပြီး ဖြည်းဖြည်းလျှောက်တယ်။,SUP
Coverage1,Coverage1/10.png,SUP_10,ထုတ်ကုန်အသစ်ကို ထေရဝါဒစာအုပ်တွေနဲ့အတူ စာအုပ်ဆိုင်မှာ တင်ထားတယ်။,SUP
Coverage1,Coverage1/11.png,SUP_11,တီဗီကြည့်ပြီး အိပ်ချိန်ရောက်တော့ မီးပိတ်လိုက်တယ်။,SUP
Coverage1,Coverage1/12.png,SUP_12,လွယ်ကူတဲ့နည်းလမ်းကို ဖေဖေက ရှင်းပြပေးတယ်။,SUP
Coverage1,Coverage1/13.png,SUP_13,ခိုင်မာတဲ့တံတားက ကူးသွားဖို့ ပိုလုံခြုံတယ်။,SUP
Coverage1,Coverage1/14.png,SUP_14,နီလာက ချုပ်ထားတဲ့အင်္ကျီကို ဝတ်ပြီး အပြင်ထွက်တယ်။,SUP
Coverage1,Coverage1/15.png,SUP_15,ဝိဇ္ဇာဘာသာကို စိတ်ဝင်စားတဲ့ကျောင်းသားတွေ စာကြည့်တိုက်မှာ လေ့လာကြတယ်။,SUP
Coverage10,Coverage10/1.png,SUP_01,အဲဒီနေ့က သူ့ရဲ့သူငယ်ချင်းနဲ့ တွေ့ခဲ့တဲ့အကြောင်းကို ပြောတယ်။,SUP
Coverage10,Coverage10/2.png,SUP_02,စာမေးပွဲအောင်ဖို့ ကြိုးစားရမယ်လို့ ဆရာက ဆိုတယ်။,SUP
Coverage10,Coverage10/3.png,SUP_03,လိုအပ်တဲ့စာအုပ်ကို စာကြည့်တိုက်ဆီက ယူပြီး အိမ်ထိ သယ်လာခဲ့တယ်။,SUP
Coverage10,Coverage10/4.png,SUP_04,ဒီမြေကွက်ပဲ ဝယ်မယ့်သူတွေရှိလို့ ဈေးနှုန်းကို သေချာစစ်တယ်။,SUP
Coverage10,Coverage10/5.png,SUP_05,ဥယျာဉ်ထဲမှာ ဂန္ဓမာပန်းနဲ့ ဇီဇဝါပန်းတွေ ပွင့်နေတယ်။,SUP
Coverage10,Coverage10/6.png,SUP_06,ဗိုလ်ချုပ်လမ်းဘေးက ဆေးဆိုင်မှာ ဆေးဝယ်ဖို့ သွားတယ်။,SUP
Coverage10,Coverage10/7.png,SUP_07,ရိပ်သာရှေ့မှာ ယေဘုယျစည်းကမ်းတွေကို ဖတ်ပြီး ရုံးထဲဝင်တယ်။,SUP
Coverage10,Coverage10/8.png,SUP_08,သူက သုံးရက်အတွင်း အလုပ်ပြီးအောင် ကြိုးစားမယ်လို့ ပြောတယ်။,SUP
Coverage10,Coverage10/9.png,SUP_09,မိုးစိုနေတဲ့လမ်းပေါ်မှာ ထီးဆောင်းပြီး ဖြည်းဖြည်းလျှောက်တယ်။,SUP
Coverage10,Coverage10/10.png,SUP_10,ထုတ်ကုန်အသစ်ကို ထေရဝါဒစာအုပ်တွေနဲ့အတူ စာအုပ်ဆိုင်မှာ တင်ထားတယ်။,SUP
Coverage10,Coverage10/11.png,SUP_11,တီဗီကြည့်ပြီး အိပ်ချိန်ရောက်တော့ မီးပိတ်လိုက်တယ်။,SUP
Coverage10,Coverage10/12.png,SUP_12,လွယ်ကူတဲ့နည်းလမ်းကို ဖေဖေက ရှင်းပြပေးတယ်။,SUP
Coverage10,Coverage10/13.png,SUP_13,ခိုင်မာတဲ့တံတားက ကူးသွားဖို့ ပိုလုံခြုံတယ်။,SUP
Coverage10,Coverage10/14.png,SUP_14,နီလာက ချုပ်ထားတဲ့အင်္ကျီကို ဝတ်ပြီး အပြင်ထွက်တယ်။,SUP
Coverage10,Coverage10/15.png,SUP_15,ဝိဇ္ဇာဘာသာကို စိတ်ဝင်စားတဲ့ကျောင်းသားတွေ စာကြည့်တိုက်မှာ လေ့လာကြတယ်။,SUP
Coverage2,Coverage2/1.png,SUP_01,အဲဒီနေ့က သူ့ရဲ့သူငယ်ချင်းနဲ့ တွေ့ခဲ့တဲ့အကြောင်းကို ပြောတယ်။,SUP
Coverage2,Coverage2/2.png,SUP_02,စာမေးပွဲအောင်ဖို့ ကြိုးစားရမယ်လို့ ဆရာက ဆိုတယ်။,SUP
Coverage2,Coverage2/3.png,SUP_03,လိုအပ်တဲ့စာအုပ်ကို စာကြည့်တိုက်ဆီက ယူပြီး အိမ်ထိ သယ်လာခဲ့တယ်။,SUP
Coverage2,Coverage2/4.png,SUP_04,ဒီမြေကွက်ပဲ ဝယ်မယ့်သူတွေရှိလို့ ဈေးနှုန်းကို သေချာစစ်တယ်။,SUP
Coverage2,Coverage2/5.png,SUP_05,ဥယျာဉ်ထဲမှာ ဂန္ဓမာပန်းနဲ့ ဇီဇဝါပန်းတွေ ပွင့်နေတယ်။,SUP
Coverage2,Coverage2/6.png,SUP_06,ဗိုလ်ချုပ်လမ်းဘေးက ဆေးဆိုင်မှာ ဆေးဝယ်ဖို့ သွားတယ်။,SUP
Coverage2,Coverage2/7.png,SUP_07,ရိပ်သာရှေ့မှာ ယေဘုယျစည်းကမ်းတွေကို ဖတ်ပြီး ရုံးထဲဝင်တယ်။,SUP
Coverage2,Coverage2/8.png,SUP_08,သူက သုံးရက်အတွင်း အလုပ်ပြီးအောင် ကြိုးစားမယ်လို့ ပြောတယ်။,SUP
Coverage2,Coverage2/9.png,SUP_09,မိုးစိုနေတဲ့လမ်းပေါ်မှာ ထီးဆောင်းပြီး ဖြည်းဖြည်းလျှောက်တယ်။,SUP
Coverage2,Coverage2/10.png,SUP_10,ထုတ်ကုန်အသစ်ကို ထေရဝါဒစာအုပ်တွေနဲ့အတူ စာအုပ်ဆိုင်မှာ တင်ထားတယ်။,SUP
Coverage2,Coverage2/11.png,SUP_11,တီဗီကြည့်ပြီး အိပ်ချိန်ရောက်တော့ မီးပိတ်လိုက်တယ်။,SUP
Coverage2,Coverage2/12.png,SUP_12,လွယ်ကူတဲ့နည်းလမ်းကို ဖေဖေက ရှင်းပြပေးတယ်။,SUP
Coverage2,Coverage2/13.png,SUP_13,ခိုင်မာတဲ့တံတားက ကူးသွားဖို့ ပိုလုံခြုံတယ်။,SUP
Coverage2,Coverage2/14.png,SUP_14,နီလာက ချုပ်ထားတဲ့အင်္ကျီကို ဝတ်ပြီး အပြင်ထွက်တယ်။,SUP
Coverage2,Coverage2/15.png,SUP_15,ဝိဇ္ဇာဘာသာကို စိတ်ဝင်စားတဲ့ကျောင်းသားတွေ စာကြည့်တိုက်မှာ လေ့လာကြတယ်။,SUP
Coverage4,Coverage4/1.png,SUP_01,အဲဒီနေ့က သူ့ရဲ့သူငယ်ချင်းနဲ့ တွေ့ခဲ့တဲ့အကြောင်းကို ပြောတယ်။,SUP
Coverage4,Coverage4/2.png,SUP_02,စာမေးပွဲအောင်ဖို့ ကြိုးစားရမယ်လို့ ဆရာက ဆိုတယ်။,SUP
Coverage4,Coverage4/3.png,SUP_03,လိုအပ်တဲ့စာအုပ်ကို စာကြည့်တိုက်ဆီက ယူပြီး အိမ်ထိ သယ်လာခဲ့တယ်။,SUP
Coverage4,Coverage4/4.png,SUP_04,ဒီမြေကွက်ပဲ ဝယ်မယ့်သူတွေရှိလို့ ဈေးနှုန်းကို သေချာစစ်တယ်။,SUP
Coverage4,Coverage4/5.png,SUP_05,ဥယျာဉ်ထဲမှာ ဂန္ဓမာပန်းနဲ့ ဇီဇဝါပန်းတွေ ပွင့်နေတယ်။,SUP
Coverage4,Coverage4/6.png,SUP_06,ဗိုလ်ချုပ်လမ်းဘေးက ဆေးဆိုင်မှာ ဆေးဝယ်ဖို့ သွားတယ်။,SUP
Coverage4,Coverage4/7.png,SUP_07,ရိပ်သာရှေ့မှာ ယေဘုယျစည်းကမ်းတွေကို ဖတ်ပြီး ရုံးထဲဝင်တယ်။,SUP
Coverage4,Coverage4/8.png,SUP_08,သူက သုံးရက်အတွင်း အလုပ်ပြီးအောင် ကြိုးစားမယ်လို့ ပြောတယ်။,SUP
Coverage4,Coverage4/9.png,SUP_09,မိုးစိုနေတဲ့လမ်းပေါ်မှာ ထီးဆောင်းပြီး ဖြည်းဖြည်းလျှောက်တယ်။,SUP
Coverage4,Coverage4/10.png,SUP_10,ထုတ်ကုန်အသစ်ကို ထေရဝါဒစာအုပ်တွေနဲ့အတူ စာအုပ်ဆိုင်မှာ တင်ထားတယ်။,SUP
Coverage4,Coverage4/11.png,SUP_11,တီဗီကြည့်ပြီး အိပ်ချိန်ရောက်တော့ မီးပိတ်လိုက်တယ်။,SUP
Coverage4,Coverage4/12.png,SUP_12,လွယ်ကူတဲ့နည်းလမ်းကို ဖေဖေက ရှင်းပြပေးတယ်။,SUP
Coverage4,Coverage4/13.png,SUP_13,ခိုင်မာတဲ့တံတားက ကူးသွားဖို့ ပိုလုံခြုံတယ်။,SUP
Coverage4,Coverage4/14.png,SUP_14,နီလာက ချုပ်ထားတဲ့အင်္ကျီကို ဝတ်ပြီး အပြင်ထွက်တယ်။,SUP
Coverage4,Coverage4/15.png,SUP_15,ဝိဇ္ဇာဘာသာကို စိတ်ဝင်စားတဲ့ကျောင်းသားတွေ စာကြည့်တိုက်မှာ လေ့လာကြတယ်။,SUP
Coverage5,Coverage5/1.png,SUP_01,အဲဒီနေ့က သူ့ရဲ့သူငယ်ချင်းနဲ့ တွေ့ခဲ့တဲ့အကြောင်းကို ပြောတယ်။,SUP
Coverage5,Coverage5/2.png,SUP_02,စာမေးပွဲအောင်ဖို့ ကြိုးစားရမယ်လို့ ဆရာက ဆိုတယ်။,SUP
Coverage5,Coverage5/3.png,SUP_03,လိုအပ်တဲ့စာအုပ်ကို စာကြည့်တိုက်ဆီက ယူပြီး အိမ်ထိ သယ်လာခဲ့တယ်။,SUP
Coverage5,Coverage5/4.png,SUP_04,ဒီမြေကွက်ပဲ ဝယ်မယ့်သူတွေရှိလို့ ဈေးနှုန်းကို သေချာစစ်တယ်။,SUP
Coverage5,Coverage5/5.png,SUP_05,ဥယျာဉ်ထဲမှာ ဂန္ဓမာပန်းနဲ့ ဇီဇဝါပန်းတွေ ပွင့်နေတယ်။,SUP
Coverage5,Coverage5/6.png,SUP_06,ဗိုလ်ချုပ်လမ်းဘေးက ဆေးဆိုင်မှာ ဆေးဝယ်ဖို့ သွားတယ်။,SUP
Coverage5,Coverage5/7.png,SUP_07,ရိပ်သာရှေ့မှာ ယေဘုယျစည်းကမ်းတွေကို ဖတ်ပြီး ရုံးထဲဝင်တယ်။,SUP
Coverage5,Coverage5/8.png,SUP_08,သူက သုံးရက်အတွင်း အလုပ်ပြီးအောင် ကြိုးစားမယ်လို့ ပြောတယ်။,SUP
Coverage5,Coverage5/9.png,SUP_09,မိုးစိုနေတဲ့လမ်းပေါ်မှာ ထီးဆောင်းပြီး ဖြည်းဖြည်းလျှောက်တယ်။,SUP
Coverage5,Coverage5/10.png,SUP_10,ထုတ်ကုန်အသစ်ကို ထေရဝါဒစာအုပ်တွေနဲ့အတူ စာအုပ်ဆိုင်မှာ တင်ထားတယ်။,SUP
Coverage5,Coverage5/11.png,SUP_11,တီဗီကြည့်ပြီး အိပ်ချိန်ရောက်တော့ မီးပိတ်လိုက်တယ်။,SUP
Coverage5,Coverage5/12.png,SUP_12,လွယ်ကူတဲ့နည်းလမ်းကို ဖေဖေက ရှင်းပြပေးတယ်။,SUP
Coverage5,Coverage5/13.png,SUP_13,ခိုင်မာတဲ့တံတားက ကူးသွားဖို့ ပိုလုံခြုံတယ်။,SUP
Coverage5,Coverage5/14.png,SUP_14,နီလာက ချုပ်ထားတဲ့အင်္ကျီကို ဝတ်ပြီး အပြင်ထွက်တယ်။,SUP
Coverage5,Coverage5/15.png,SUP_15,ဝိဇ္ဇာဘာသာကို စိတ်ဝင်စားတဲ့ကျောင်းသားတွေ စာကြည့်တိုက်မှာ လေ့လာကြတယ်။,SUP
Coverage6,Coverage6/1.png,SUP_01,အဲဒီနေ့က သူ့ရဲ့သူငယ်ချင်းနဲ့ တွေ့ခဲ့တဲ့အကြောင်းကို ပြောတယ်။,SUP
Coverage6,Coverage6/2.png,SUP_02,စာမေးပွဲအောင်ဖို့ ကြိုးစားရမယ်လို့ ဆရာက ဆိုတယ်။,SUP
Coverage6,Coverage6/3.png,SUP_03,လိုအပ်တဲ့စာအုပ်ကို စာကြည့်တိုက်ဆီက ယူပြီး အိမ်ထိ သယ်လာခဲ့တယ်။,SUP
Coverage6,Coverage6/4.png,SUP_04,ဒီမြေကွက်ပဲ ဝယ်မယ့်သူတွေရှိလို့ ဈေးနှုန်းကို သေချာစစ်တယ်။,SUP
Coverage6,Coverage6/5.png,SUP_05,ဥယျာဉ်ထဲမှာ ဂန္ဓမာပန်းနဲ့ ဇီဇဝါပန်းတွေ ပွင့်နေတယ်။,SUP
Coverage6,Coverage6/6.png,SUP_06,ဗိုလ်ချုပ်လမ်းဘေးက ဆေးဆိုင်မှာ ဆေးဝယ်ဖို့ သွားတယ်။,SUP
Coverage6,Coverage6/7.png,SUP_07,ရိပ်သာရှေ့မှာ ယေဘုယျစည်းကမ်းတွေကို ဖတ်ပြီး ရုံးထဲဝင်တယ်။,SUP
Coverage6,Coverage6/8.png,SUP_08,သူက သုံးရက်အတွင်း အလုပ်ပြီးအောင် ကြိုးစားမယ်လို့ ပြောတယ်။,SUP
Coverage6,Coverage6/9.png,SUP_09,မိုးစိုနေတဲ့လမ်းပေါ်မှာ ထီးဆောင်းပြီး ဖြည်းဖြည်းလျှောက်တယ်။,SUP
Coverage6,Coverage6/10.png,SUP_10,ထုတ်ကုန်အသစ်ကို ထေရဝါဒစာအုပ်တွေနဲ့အတူ စာအုပ်ဆိုင်မှာ တင်ထားတယ်။,SUP
Coverage6,Coverage6/11.png,SUP_11,တီဗီကြည့်ပြီး အိပ်ချိန်ရောက်တော့ မီးပိတ်လိုက်တယ်။,SUP
Coverage6,Coverage6/12.png,SUP_12,လွယ်ကူတဲ့နည်းလမ်းကို ဖေဖေက ရှင်းပြပေးတယ်။,SUP
Coverage6,Coverage6/13.png,SUP_13,ခိုင်မာတဲ့တံတားက ကူးသွားဖို့ ပိုလုံခြုံတယ်။,SUP
Coverage6,Coverage6/14.png,SUP_14,နီလာက ချုပ်ထားတဲ့အင်္ကျီကို ဝတ်ပြီး အပြင်ထွက်တယ်။,SUP
Coverage6,Coverage6/15.png,SUP_15,ဝိဇ္ဇာဘာသာကို စိတ်ဝင်စားတဲ့ကျောင်းသားတွေ စာကြည့်တိုက်မှာ လေ့လာကြတယ်။,SUP
Coverage7,Coverage7/1.png,SUP_01,အဲဒီနေ့က သူ့ရဲ့သူငယ်ချင်းနဲ့ တွေ့ခဲ့တဲ့အကြောင်းကို ပြောတယ်။,SUP
Coverage7,Coverage7/2.png,SUP_02,စာမေးပွဲအောင်ဖို့ ကြိုးစားရမယ်လို့ ဆရာက ဆိုတယ်။,SUP
Coverage7,Coverage7/3.png,SUP_03,လိုအပ်တဲ့စာအုပ်ကို စာကြည့်တိုက်ဆီက ယူပြီး အိမ်ထိ သယ်လာခဲ့တယ်။,SUP
Coverage7,Coverage7/4.png,SUP_04,ဒီမြေကွက်ပဲ ဝယ်မယ့်သူတွေရှိလို့ ဈေးနှုန်းကို သေချာစစ်တယ်။,SUP
Coverage7,Coverage7/5.png,SUP_05,ဥယျာဉ်ထဲမှာ ဂန္ဓမာပန်းနဲ့ ဇီဇဝါပန်းတွေ ပွင့်နေတယ်။,SUP
Coverage7,Coverage7/6.png,SUP_06,ဗိုလ်ချုပ်လမ်းဘေးက ဆေးဆိုင်မှာ ဆေးဝယ်ဖို့ သွားတယ်။,SUP
Coverage7,Coverage7/7.png,SUP_07,ရိပ်သာရှေ့မှာ ယေဘုယျစည်းကမ်းတွေကို ဖတ်ပြီး ရုံးထဲဝင်တယ်။,SUP
Coverage7,Coverage7/8.png,SUP_08,သူက သုံးရက်အတွင်း အလုပ်ပြီးအောင် ကြိုးစားမယ်လို့ ပြောတယ်။,SUP
Coverage7,Coverage7/9.png,SUP_09,မိုးစိုနေတဲ့လမ်းပေါ်မှာ ထီးဆောင်းပြီး ဖြည်းဖြည်းလျှောက်တယ်။,SUP
Coverage7,Coverage7/10.png,SUP_10,ထုတ်ကုန်အသစ်ကို ထေရဝါဒစာအုပ်တွေနဲ့အတူ စာအုပ်ဆိုင်မှာ တင်ထားတယ်။,SUP
Coverage7,Coverage7/11.png,SUP_11,တီဗီကြည့်ပြီး အိပ်ချိန်ရောက်တော့ မီးပိတ်လိုက်တယ်။,SUP
Coverage7,Coverage7/12.png,SUP_12,လွယ်ကူတဲ့နည်းလမ်းကို ဖေဖေက ရှင်းပြပေးတယ်။,SUP
Coverage7,Coverage7/13.png,SUP_13,ခိုင်မာတဲ့တံတားက ကူးသွားဖို့ ပိုလုံခြုံတယ်။,SUP
Coverage7,Coverage7/14.png,SUP_14,နီလာက ချုပ်ထားတဲ့အင်္ကျီကို ဝတ်ပြီး အပြင်ထွက်တယ်။,SUP
Coverage7,Coverage7/15.png,SUP_15,ဝိဇ္ဇာဘာသာကို စိတ်ဝင်စားတဲ့ကျောင်းသားတွေ စာကြည့်တိုက်မှာ လေ့လာကြတယ်။,SUP
Coverage8,Coverage8/1.png,SUP_01,အဲဒီနေ့က သူ့ရဲ့သူငယ်ချင်းနဲ့ တွေ့ခဲ့တဲ့အကြောင်းကို ပြောတယ်။,SUP
Coverage8,Coverage8/2.png,SUP_02,စာမေးပွဲအောင်ဖို့ ကြိုးစားရမယ်လို့ ဆရာက ဆိုတယ်။,SUP
Coverage8,Coverage8/3.png,SUP_03,လိုအပ်တဲ့စာအုပ်ကို စာကြည့်တိုက်ဆီက ယူပြီး အိမ်ထိ သယ်လာခဲ့တယ်။,SUP
Coverage8,Coverage8/4.png,SUP_04,ဒီမြေကွက်ပဲ ဝယ်မယ့်သူတွေရှိလို့ ဈေးနှုန်းကို သေချာစစ်တယ်။,SUP
Coverage8,Coverage8/5.png,SUP_05,ဥယျာဉ်ထဲမှာ ဂန္ဓမာပန်းနဲ့ ဇီဇဝါပန်းတွေ ပွင့်နေတယ်။,SUP
Coverage8,Coverage8/6.png,SUP_06,ဗိုလ်ချုပ်လမ်းဘေးက ဆေးဆိုင်မှာ ဆေးဝယ်ဖို့ သွားတယ်။,SUP
Coverage8,Coverage8/7.png,SUP_07,ရိပ်သာရှေ့မှာ ယေဘုယျစည်းကမ်းတွေကို ဖတ်ပြီး ရုံးထဲဝင်တယ်။,SUP
Coverage8,Coverage8/8.png,SUP_08,သူက သုံးရက်အတွင်း အလုပ်ပြီးအောင် ကြိုးစားမယ်လို့ ပြောတယ်။,SUP
Coverage8,Coverage8/9.png,SUP_09,မိုးစိုနေတဲ့လမ်းပေါ်မှာ ထီးဆောင်းပြီး ဖြည်းဖြည်းလျှောက်တယ်။,SUP
Coverage8,Coverage8/10.png,SUP_10,ထုတ်ကုန်အသစ်ကို ထေရဝါဒစာအုပ်တွေနဲ့အတူ စာအုပ်ဆိုင်မှာ တင်ထားတယ်။,SUP
Coverage8,Coverage8/11.png,SUP_11,တီဗီကြည့်ပြီး အိပ်ချိန်ရောက်တော့ မီးပိတ်လိုက်တယ်။,SUP
Coverage8,Coverage8/12.png,SUP_12,လွယ်ကူတဲ့နည်းလမ်းကို ဖေဖေက ရှင်းပြပေးတယ်။,SUP
Coverage8,Coverage8/13.png,SUP_13,ခိုင်မာတဲ့တံတားက ကူးသွားဖို့ ပိုလုံခြုံတယ်။,SUP
Coverage8,Coverage8/14.png,SUP_14,နီလာက ချုပ်ထားတဲ့အင်္ကျီကို ဝတ်ပြီး အပြင်ထွက်တယ်။,SUP
Coverage8,Coverage8/15.png,SUP_15,ဝိဇ္ဇာဘာသာကို စိတ်ဝင်စားတဲ့ကျောင်းသားတွေ စာကြည့်တိုက်မှာ လေ့လာကြတယ်။,SUP
Coverage9,Coverage9/1.png,SUP_01,အဲဒီနေ့က သူ့ရဲ့သူငယ်ချင်းနဲ့ တွေ့ခဲ့တဲ့အကြောင်းကို ပြောတယ်။,SUP
Coverage9,Coverage9/2.png,SUP_02,စာမေးပွဲအောင်ဖို့ ကြိုးစားရမယ်လို့ ဆရာက ဆိုတယ်။,SUP
Coverage9,Coverage9/3.png,SUP_03,လိုအပ်တဲ့စာအုပ်ကို စာကြည့်တိုက်ဆီက ယူပြီး အိမ်ထိ သယ်လာခဲ့တယ်။,SUP
Coverage9,Coverage9/4.png,SUP_04,ဒီမြေကွက်ပဲ ဝယ်မယ့်သူတွေရှိလို့ ဈေးနှုန်းကို သေချာစစ်တယ်။,SUP
Coverage9,Coverage9/5.png,SUP_05,ဥယျာဉ်ထဲမှာ ဂန္ဓမာပန်းနဲ့ ဇီဇဝါပန်းတွေ ပွင့်နေတယ်။,SUP
Coverage9,Coverage9/6.png,SUP_06,ဗိုလ်ချုပ်လမ်းဘေးက ဆေးဆိုင်မှာ ဆေးဝယ်ဖို့ သွားတယ်။,SUP
Coverage9,Coverage9/7.png,SUP_07,ရိပ်သာရှေ့မှာ ယေဘုယျစည်းကမ်းတွေကို ဖတ်ပြီး ရုံးထဲဝင်တယ်။,SUP
Coverage9,Coverage9/8.png,SUP_08,သူက သုံးရက်အတွင်း အလုပ်ပြီးအောင် ကြိုးစားမယ်လို့ ပြောတယ်။,SUP
Coverage9,Coverage9/9.png,SUP_09,မိုးစိုနေတဲ့လမ်းပေါ်မှာ ထီးဆောင်းပြီး ဖြည်းဖြည်းလျှောက်တယ်။,SUP
Coverage9,Coverage9/10.png,SUP_10,ထုတ်ကုန်အသစ်ကို ထေရဝါဒစာအုပ်တွေနဲ့အတူ စာအုပ်ဆိုင်မှာ တင်ထားတယ်။,SUP
Coverage9,Coverage9/11.png,SUP_11,တီဗီကြည့်ပြီး အိပ်ချိန်ရောက်တော့ မီးပိတ်လိုက်တယ်။,SUP
Coverage9,Coverage9/12.png,SUP_12,လွယ်ကူတဲ့နည်းလမ်းကို ဖေဖေက ရှင်းပြပေးတယ်။,SUP
Coverage9,Coverage9/13.png,SUP_13,ခိုင်မာတဲ့တံတားက ကူးသွားဖို့ ပိုလုံခြုံတယ်။,SUP
Coverage9,Coverage9/14.png,SUP_14,နီလာက ချုပ်ထားတဲ့အင်္ကျီကို ဝတ်ပြီး အပြင်ထွက်တယ်။,SUP
Coverage9,Coverage9/15.png,SUP_15,ဝိဇ္ဇာဘာသာကို စိတ်ဝင်စားတဲ့ကျောင်းသားတွေ စာကြည့်တိုက်မှာ လေ့လာကြတယ်။,SUP
Writer01,Writer01/NAT01.png,NAT_01,အစောပိုင်း အမျိုးသမီးစာရေးဆရာများသည် စာရေးခြင်းဖြင့် ရပ်တည်ရန် အခက်အခဲများ ကြုံခဲ့ရသည်။,NAT
Writer01,Writer01/NAT02.png,NAT_02,မမလေးက ပြည်တွင်းယဉ်ကျေးမှုဘက်ကို အားပြုပြီး ကြည်အေးက လူသားဝါဒကို အသားပေးပါတယ်။,NAT
Writer01,Writer01/NAT03.png,NAT_03,သူသည် အကြောင်းအရာများကို သွယ်ဝိုက်ရေးသားတတ်သောကြောင့် စာဖတ်သူများ၏ စိတ်ဝင်စားမှုကို ရရှိခဲ့သည်။,NAT
Writer01,Writer01/NAT04.png,NAT_04,တစ်ခါက ဒီဝတ္ထုကြီးကို အကောင်းဆုံး မြန်မာဝတ္ထုရှည် ၅ ပုဒ်တွင် ပါဝင်သည်ဟု ချီးမွမ်းခဲ့ကြသည်။,NAT
Writer01,Writer01/NAT05.png,NAT_05,ကျောင်းသားလူငယ်များသည် လူငယ်များပီပီ ပျော်ပျော်ရွှင်ရွှင် နေချင်ကြသည်။,NAT
Writer01,Writer01/NAT06.png,NAT_06,ကျွန်မတို့နိုင်ငံသည် အရင်က လူတန်းစားများအကြား ကွာခြားမှုနည်းသော နိုင်ငံအဖြစ် လူသိများခဲ့သည်။,NAT
Writer01,Writer01/NAT07.png,NAT_07,လူတန်းစားများအကြား ကွာဟမှုကြီးထွားစေသော ကိစ္စများကို သေချာစွာ လေ့လာသင့်သည်။,NAT
Writer01,Writer01/NAT08.png,NAT_08,လယ်သမားများသည် သီးနှံကောင်းကောင်း ရရှိရန် နေ့စဉ် ကြိုးစားအလုပ်လုပ်ကြသည်။,NAT
Writer01,Writer01/NAT09.png,NAT_09,သုတေသနအဖွဲ့သည် လယ်သမားများ၏ အခြေအနေကို မေးမြန်းလေ့လာခဲ့သည်။,NAT
Writer01,Writer01/NAT10.png,NAT_10,တချို့လယ်သမားများသည် သီးနှံမအောင်မြင်ခြင်းနှင့် အကြွေးတင်ခြင်းကြောင့် လယ်ယာများကို ရောင်းချရသည်။,NAT
Writer01,Writer01/NAT11.png,NAT_11,ဤသည်ကို ကြိုတင်သိရှိလိုဟန်ဖြင့် သူသည် မချိုမချဉ်ပြုံးကာ အဝေးသို့သာ ငေးရီနေသည်။,NAT
Writer01,Writer01/NAT12.png,NAT_12,ကမ္ဘာပေါ်ရှိ လူများသည် မတူညီသော ယဉ်ကျေးမှုနှင့် အတွေးအခေါ်များကို လက်ခံထားကြသည်။,NAT
Writer01,Writer01/NAT13.png,NAT_13,နေဝင်ချိန်တွင် ကောင်းကင်သည် လိမ္မော်ရောင်သို့ တဖြည်းဖြည်း ပြောင်းလဲသွားသည်။,NAT
Writer01,Writer01/NAT14.png,NAT_14,ခင်ဗျားတို့ မမေးခင်မှာပင် ကျွန်တော် ဖြေကြားရန် အဆင်သင့်ဖြစ်နေပါပြီ။,NAT
Writer01,Writer01/NAT15.png,NAT_15,သဘာဝဘေးဒဏ်များနှင့် လူသားတို့၏ မှားယွင်းသော ဆုံးဖြတ်ချက်များကြောင့် ပြဿနာများ ဖြစ်ပေါ်လာတတ်သည်။,NAT
Writer01,Writer01/NAT16.png,NAT_16,ကြီးမားသော အလှည့်အပြောင်းပါဝင်သည့် ဆုံးဖြတ်ချက်တစ်ခု ဖြစ်နေပါသလား။,NAT
Writer01,Writer01/NAT17.png,NAT_17,ကျွန်တော် ဌာနသို့ စတင်ရောက်ရှိလာသည့်အချိန်ကို ယနေ့တိုင် မှတ်မိနေသေးသည်။,NAT
Writer01,Writer01/NAT18.png,NAT_18,ကဗျာဆရာ၏ အတွေးရထားသည် လောကသံလမ်းတစ်နေရာတွင် ဘီးချော်တိမ်းမှောက်ခဲ့ပြီလား။,NAT
Writer01,Writer01/NAT19.png,NAT_19,ဒီနေ့ မိုးအနည်းငယ် ရွာနိုင်ပါတယ်။,NAT
Writer01,Writer01/NAT20.png,NAT_20,ကျွန်တော် မနက်တိုင်း လမ်းလျှောက်လေ့ရှိပါတယ်။,NAT
Writer01,Writer01/NAT21.png,NAT_21,ကလေးများသည် ကျောင်းဝင်းထဲတွင် ကစားနေကြသည်။,NAT
Writer01,Writer01/NAT22.png,NAT_22,မိသားစုအားလုံး ညစာအတူတူ စားကြသည်။,NAT
Writer01,Writer01/NAT23.png,NAT_23,သူမသည် စာကြည့်တိုက်မှ စာအုပ်တစ်အုပ် ငှားလာခဲ့သည်။,NAT
Writer01,Writer01/NAT24.png,NAT_24,ကျွန်တော်တို့ မနက်ဖြန် ခရီးထွက်ရန် စီစဉ်ထားသည်။,NAT
Writer01,Writer01/NAT25.png,NAT_25,လယ်သမားများသည် လယ်ကွင်းထဲတွင် အလုပ်လုပ်နေကြသည်။,NAT
Writer01,Writer01/NAT26.png,NAT_26,ရထားသည် နံနက် ကိုးနာရီတွင် ဘူတာသို့ ရောက်မည်။,NAT
Writer01,Writer01/NAT27.png,NAT_27,သူသည် ကော်ဖီတစ်ခွက် သောက်ပြီး အလုပ်စတင်ခဲ့သည်။,NAT
Writer01,Writer01/NAT28.png,NAT_28,မြန်မာနိုင်ငံတွင် ရိုးရာပွဲတော်များစွာ ရှိသည်။,NAT
Writer01,Writer01/NAT29.png,NAT_29,စျေးထဲတွင် လတ်ဆတ်သော သစ်သီးများ ရောင်းချနေသည်။,NAT
Writer01,Writer01/NAT30.png,NAT_30,ကျောင်းသားများသည် စာမေးပွဲအတွက် ကြိုးစားလေ့လာနေကြသည်။,NAT
Writer01,Writer01/NONCE01.png,NONCE_01,သျှိုင်းကွိမ်,NONCE
Writer01,Writer01/NONCE02.png,NONCE_02,ပြွမ်းဂျိန်,NONCE
Writer01,Writer01/NONCE03.png,NONCE_03,ညွှောင့်ပိမ်,NONCE
Writer01,Writer01/NONCE04.png,NONCE_04,ချွိန်ဖျော့,NONCE
Writer01,Writer01/NONCE05.png,NONCE_05,မြှိမ်းဇွက်,NONCE
Writer01,Writer01/NONCE06.png,NONCE_06,ကျွိုင်းဗြန်,NONCE
Writer01,Writer01/NONCE07.png,NONCE_07,ဖြွေးနိပ်,NONCE
Writer01,Writer01/NONCE08.png,NONCE_08,လျှိန်ဂွတ်,NONCE
Writer01,Writer01/NONCE09.png,NONCE_09,ပွှိုင်းဒျက်,NONCE
Writer01,Writer01/NONCE10.png,NONCE_10,ကြွိမ်းဖျန်,NONCE
Writer01,Writer01/RARE01.png,RARE_01,ဦးပညာကျော်သည် ၁၉၉၈ ခုနှစ်၊ မတ်လ ၂၃ ရက်နေ့တွင် မွေးဖွားခဲ့သည်။,RARE
Writer01,Writer01/RARE02.png,RARE_02,အမှတ် ၁၂၇၊ သရဖီလမ်း၊ ရတနာပုံမြို့နယ်တွင် နေထိုင်သည်။,RARE
Writer01,Writer01/RARE03.png,RARE_03,ဆက်သွယ်ရန် ဖုန်းနံပါတ်မှာ ၀၉-၇၈၁၂၃၄၅၆၇ ဖြစ်သည်။,RARE
Writer01,Writer01/RARE04.png,RARE_04,"စုစုပေါင်းကျသင့်ငွေမှာ ၁၂၈,၅၀၀ ကျပ် ဖြစ်သည်။",RARE
Writer01,Writer01/RARE05.png,RARE_05,မန္တလေးမှ မြစ်ကြီးနားသို့ ရထားအမှတ် ၃၅ ဖြင့် ထွက်ခွာမည်။,RARE
Writer01,Writer01/RARE06.png,RARE_06,ဒေါက်တာ သီဟဇော်ထွန်းသည် အဏုဇီဝဗေဒကို လေ့လာနေသည်။,RARE
Writer01,Writer01/RARE07.png,RARE_07,သင်တန်းအမှတ်စဉ် ML-၂၀၂၆-၀၇ ကို ဇူလိုင်လ ၁၅ ရက်နေ့တွင် စတင်မည်။,RARE
Writer01,Writer01/RARE08.png,RARE_08,ကန့်ဘလူမြို့နယ်၊ ထန်းကုန်းကျေးရွာတွင် စမ်းသပ်မှု ပြုလုပ်ခဲ့သည်။,RARE
Writer01,Writer01/RARE09.png,RARE_09,ဓာတ်ခွဲနမူနာကုဒ် BMY-၄၂၁၇ ကို အအေးခန်းထဲတွင် သိမ်းဆည်းထားသည်။,RARE
Writer01,Writer01/RARE10.png,RARE_10,ရှေးဟောင်းကျောက်စာကို မြန်မာသက္ကရာဇ် ၁၂၃၄ ခုနှစ်တွင် ရေးထိုးခဲ့သည်။,RARE
Writer02,Writer02/NAT01.png,NAT_01,အစောပိုင်း အမျိုးသမီးစာရေးဆရာများသည် စာရေးခြင်းဖြင့် ရပ်တည်ရန် အခက်အခဲများ ကြုံခဲ့ရသည်။,NAT
Writer02,Writer02/NAT02.png,NAT_02,မမလေးက ပြည်တွင်းယဉ်ကျေးမှုဘက်ကို အားပြုပြီး ကြည်အေးက လူသားဝါဒကို အသားပေးပါတယ်။,NAT
Writer02,Writer02/NAT03.png,NAT_03,သူသည် အကြောင်းအရာများကို သွယ်ဝိုက်ရေးသားတတ်သောကြောင့် စာဖတ်သူများ၏ စိတ်ဝင်စားမှုကို ရရှိခဲ့သည်။,NAT
Writer02,Writer02/NAT04.png,NAT_04,တစ်ခါက ဒီဝတ္ထုကြီးကို အကောင်းဆုံး မြန်မာဝတ္ထုရှည် ၅ ပုဒ်တွင် ပါဝင်သည်ဟု ချီးမွမ်းခဲ့ကြသည်။,NAT
Writer02,Writer02/NAT05.png,NAT_05,ကျောင်းသားလူငယ်များသည် လူငယ်များပီပီ ပျော်ပျော်ရွှင်ရွှင် နေချင်ကြသည်။,NAT
Writer02,Writer02/NAT06.png,NAT_06,ကျွန်မတို့နိုင်ငံသည် အရင်က လူတန်းစားများအကြား ကွာခြားမှုနည်းသော နိုင်ငံအဖြစ် လူသိများခဲ့သည်။,NAT
Writer02,Writer02/NAT07.png,NAT_07,လူတန်းစားများအကြား ကွာဟမှုကြီးထွားစေသော ကိစ္စများကို သေချာစွာ လေ့လာသင့်သည်။,NAT
Writer02,Writer02/NAT08.png,NAT_08,လယ်သမားများသည် သီးနှံကောင်းကောင်း ရရှိရန် နေ့စဉ် ကြိုးစားအလုပ်လုပ်ကြသည်။,NAT
Writer02,Writer02/NAT09.png,NAT_09,သုတေသနအဖွဲ့သည် လယ်သမားများ၏ အခြေအနေကို မေးမြန်းလေ့လာခဲ့သည်။,NAT
Writer02,Writer02/NAT10.png,NAT_10,တချို့လယ်သမားများသည် သီးနှံမအောင်မြင်ခြင်းနှင့် အကြွေးတင်ခြင်းကြောင့် လယ်ယာများကို ရောင်းချရသည်။,NAT
Writer02,Writer02/NAT11.png,NAT_11,ဤသည်ကို ကြိုတင်သိရှိလိုဟန်ဖြင့် သူသည် မချိုမချဉ်ပြုံးကာ အဝေးသို့သာ ငေးရီနေသည်။,NAT
Writer02,Writer02/NAT12.png,NAT_12,ကမ္ဘာပေါ်ရှိ လူများသည် မတူညီသော ယဉ်ကျေးမှုနှင့် အတွေးအခေါ်များကို လက်ခံထားကြသည်။,NAT
Writer02,Writer02/NAT13.png,NAT_13,နေဝင်ချိန်တွင် ကောင်းကင်သည် လိမ္မော်ရောင်သို့ တဖြည်းဖြည်း ပြောင်းလဲသွားသည်။,NAT
Writer02,Writer02/NAT14.png,NAT_14,ခင်ဗျားတို့ မမေးခင်မှာပင် ကျွန်တော် ဖြေကြားရန် အဆင်သင့်ဖြစ်နေပါပြီ။,NAT
Writer02,Writer02/NAT15.png,NAT_15,သဘာဝဘေးဒဏ်များနှင့် လူသားတို့၏ မှားယွင်းသော ဆုံးဖြတ်ချက်များကြောင့် ပြဿနာများ ဖြစ်ပေါ်လာတတ်သည်။,NAT
Writer02,Writer02/NAT16.png,NAT_16,ကြီးမားသော အလှည့်အပြောင်းပါဝင်သည့် ဆုံးဖြတ်ချက်တစ်ခု ဖြစ်နေပါသလား။,NAT
Writer02,Writer02/NAT17.png,NAT_17,ကျွန်တော် ဌာနသို့ စတင်ရောက်ရှိလာသည့်အချိန်ကို ယနေ့တိုင် မှတ်မိနေသေးသည်။,NAT
Writer02,Writer02/NAT18.png,NAT_18,ကဗျာဆရာ၏ အတွေးရထားသည် လောကသံလမ်းတစ်နေရာတွင် ဘီးချော်တိမ်းမှောက်ခဲ့ပြီလား။,NAT
Writer02,Writer02/NAT19.png,NAT_19,ဒီနေ့ မိုးအနည်းငယ် ရွာနိုင်ပါတယ်။,NAT
Writer02,Writer02/NAT20.png,NAT_20,ကျွန်တော် မနက်တိုင်း လမ်းလျှောက်လေ့ရှိပါတယ်။,NAT
Writer02,Writer02/NAT21.png,NAT_21,ကလေးများသည် ကျောင်းဝင်းထဲတွင် ကစားနေကြသည်။,NAT
Writer02,Writer02/NAT22.png,NAT_22,မိသားစုအားလုံး ညစာအတူတူ စားကြသည်။,NAT
Writer02,Writer02/NAT23.png,NAT_23,သူမသည် စာကြည့်တိုက်မှ စာအုပ်တစ်အုပ် ငှားလာခဲ့သည်။,NAT
Writer02,Writer02/NAT24.png,NAT_24,ကျွန်တော်တို့ မနက်ဖြန် ခရီးထွက်ရန် စီစဉ်ထားသည်။,NAT
Writer02,Writer02/NAT25.png,NAT_25,လယ်သမားများသည် လယ်ကွင်းထဲတွင် အလုပ်လုပ်နေကြသည်။,NAT
Writer02,Writer02/NAT26.png,NAT_26,ရထားသည် နံနက် ကိုးနာရီတွင် ဘူတာသို့ ရောက်မည်။,NAT
Writer02,Writer02/NAT27.png,NAT_27,သူသည် ကော်ဖီတစ်ခွက် သောက်ပြီး အလုပ်စတင်ခဲ့သည်။,NAT
Writer02,Writer02/NAT28.png,NAT_28,မြန်မာနိုင်ငံတွင် ရိုးရာပွဲတော်များစွာ ရှိသည်။,NAT
Writer02,Writer02/NAT29.png,NAT_29,စျေးထဲတွင် လတ်ဆတ်သော သစ်သီးများ ရောင်းချနေသည်။,NAT
Writer02,Writer02/NAT30.png,NAT_30,ကျောင်းသားများသည် စာမေးပွဲအတွက် ကြိုးစားလေ့လာနေကြသည်။,NAT
Writer02,Writer02/NONCE01.png,NONCE_01,သျှိုင်းကွိမ်,NONCE
Writer02,Writer02/NONCE02.png,NONCE_02,ပြွမ်းဂျိန်,NONCE
Writer02,Writer02/NONCE03.png,NONCE_03,ညွှောင့်ပိမ်,NONCE
Writer02,Writer02/NONCE04.png,NONCE_04,ချွိန်ဖျော့,NONCE
Writer02,Writer02/NONCE05.png,NONCE_05,မြှိမ်းဇွက်,NONCE
Writer02,Writer02/NONCE06.png,NONCE_06,ကျွိုင်းဗြန်,NONCE
Writer02,Writer02/NONCE07.png,NONCE_07,ဖြွေးနိပ်,NONCE
Writer02,Writer02/NONCE08.png,NONCE_08,လျှိန်ဂွတ်,NONCE
Writer02,Writer02/NONCE09.png,NONCE_09,ပွှိုင်းဒျက်,NONCE
Writer02,Writer02/NONCE10.png,NONCE_10,ကြွိမ်းဖျန်,NONCE
Writer02,Writer02/RARE01.png,RARE_01,ဦးပညာကျော်သည် ၁၉၉၈ ခုနှစ်၊ မတ်လ ၂၃ ရက်နေ့တွင် မွေးဖွားခဲ့သည်။,RARE
Writer02,Writer02/RARE02.png,RARE_02,အမှတ် ၁၂၇၊ သရဖီလမ်း၊ ရတနာပုံမြို့နယ်တွင် နေထိုင်သည်။,RARE
Writer02,Writer02/RARE03.png,RARE_03,ဆက်သွယ်ရန် ဖုန်းနံပါတ်မှာ ၀၉-၇၈၁၂၃၄၅၆၇ ဖြစ်သည်။,RARE
Writer02,Writer02/RARE04.png,RARE_04,"စုစုပေါင်းကျသင့်ငွေမှာ ၁၂၈,၅၀၀ ကျပ် ဖြစ်သည်။",RARE
Writer02,Writer02/RARE05.png,RARE_05,မန္တလေးမှ မြစ်ကြီးနားသို့ ရထားအမှတ် ၃၅ ဖြင့် ထွက်ခွာမည်။,RARE
Writer02,Writer02/RARE06.png,RARE_06,ဒေါက်တာ သီဟဇော်ထွန်းသည် အဏုဇီဝဗေဒကို လေ့လာနေသည်။,RARE
Writer02,Writer02/RARE07.png,RARE_07,သင်တန်းအမှတ်စဉ် ML-၂၀၂၆-၀၇ ကို ဇူလိုင်လ ၁၅ ရက်နေ့တွင် စတင်မည်။,RARE
Writer02,Writer02/RARE08.png,RARE_08,ကန့်ဘလူမြို့နယ်၊ ထန်းကုန်းကျေးရွာတွင် စမ်းသပ်မှု ပြုလုပ်ခဲ့သည်။,RARE
Writer02,Writer02/RARE09.png,RARE_09,ဓာတ်ခွဲနမူနာကုဒ် BMY-၄၂၁၇ ကို အအေးခန်းထဲတွင် သိမ်းဆည်းထားသည်။,RARE
Writer02,Writer02/RARE10.png,RARE_10,ရှေးဟောင်းကျောက်စာကို မြန်မာသက္ကရာဇ် ၁၂၃၄ ခုနှစ်တွင် ရေးထိုးခဲ့သည်။,RARE
Writer03,Writer03/NAT01.jpg,NAT_01,အစောပိုင်း အမျိုးသမီးစာရေးဆရာများသည် စာရေးခြင်းဖြင့် ရပ်တည်ရန် အခက်အခဲများ ကြုံခဲ့ရသည်။,NAT
Writer03,Writer03/NAT02.jpg,NAT_02,မမလေးက ပြည်တွင်းယဉ်ကျေးမှုဘက်ကို အားပြုပြီး ကြည်အေးက လူသားဝါဒကို အသားပေးပါတယ်။,NAT
Writer03,Writer03/NAT03.jpg,NAT_03,သူသည် အကြောင်းအရာများကို သွယ်ဝိုက်ရေးသားတတ်သောကြောင့် စာဖတ်သူများ၏ စိတ်ဝင်စားမှုကို ရရှိခဲ့သည်။,NAT
Writer03,Writer03/NAT04.jpg,NAT_04,တစ်ခါက ဒီဝတ္ထုကြီးကို အကောင်းဆုံး မြန်မာဝတ္ထုရှည် ၅ ပုဒ်တွင် ပါဝင်သည်ဟု ချီးမွမ်းခဲ့ကြသည်။,NAT
Writer03,Writer03/NAT05.jpg,NAT_05,ကျောင်းသားလူငယ်များသည် လူငယ်များပီပီ ပျော်ပျော်ရွှင်ရွှင် နေချင်ကြသည်။,NAT
Writer03,Writer03/NAT06.jpg,NAT_06,ကျွန်မတို့နိုင်ငံသည် အရင်က လူတန်းစားများအကြား ကွာခြားမှုနည်းသော နိုင်ငံအဖြစ် လူသိများခဲ့သည်။,NAT
Writer03,Writer03/NAT07.jpg,NAT_07,လူတန်းစားများအကြား ကွာဟမှုကြီးထွားစေသော ကိစ္စများကို သေချာစွာ လေ့လာသင့်သည်။,NAT
Writer03,Writer03/NAT08.jpg,NAT_08,လယ်သမားများသည် သီးနှံကောင်းကောင်း ရရှိရန် နေ့စဉ် ကြိုးစားအလုပ်လုပ်ကြသည်။,NAT
Writer03,Writer03/NAT09.jpg,NAT_09,သုတေသနအဖွဲ့သည် လယ်သမားများ၏ အခြေအနေကို မေးမြန်းလေ့လာခဲ့သည်။,NAT
Writer03,Writer03/NAT10.jpg,NAT_10,တချို့လယ်သမားများသည် သီးနှံမအောင်မြင်ခြင်းနှင့် အကြွေးတင်ခြင်းကြောင့် လယ်ယာများကို ရောင်းချရသည်။,NAT
Writer03,Writer03/NAT11.jpg,NAT_11,ဤသည်ကို ကြိုတင်သိရှိလိုဟန်ဖြင့် သူသည် မချိုမချဉ်ပြုံးကာ အဝေးသို့သာ ငေးရီနေသည်။,NAT
Writer03,Writer03/NAT12.jpg,NAT_12,ကမ္ဘာပေါ်ရှိ လူများသည် မတူညီသော ယဉ်ကျေးမှုနှင့် အတွေးအခေါ်များကို လက်ခံထားကြသည်။,NAT
Writer03,Writer03/NAT13.jpg,NAT_13,နေဝင်ချိန်တွင် ကောင်းကင်သည် လိမ္မော်ရောင်သို့ တဖြည်းဖြည်း ပြောင်းလဲသွားသည်။,NAT
Writer03,Writer03/NAT14.jpg,NAT_14,ခင်ဗျားတို့ မမေးခင်မှာပင် ကျွန်တော် ဖြေကြားရန် အဆင်သင့်ဖြစ်နေပါပြီ။,NAT
Writer03,Writer03/NAT15.jpg,NAT_15,သဘာဝဘေးဒဏ်များနှင့် လူသားတို့၏ မှားယွင်းသော ဆုံးဖြတ်ချက်များကြောင့် ပြဿနာများ ဖြစ်ပေါ်လာတတ်သည်။,NAT
Writer03,Writer03/NAT16.jpg,NAT_16,ကြီးမားသော အလှည့်အပြောင်းပါဝင်သည့် ဆုံးဖြတ်ချက်တစ်ခု ဖြစ်နေပါသလား။,NAT
Writer03,Writer03/NAT17.jpg,NAT_17,ကျွန်တော် ဌာနသို့ စတင်ရောက်ရှိလာသည့်အချိန်ကို ယနေ့တိုင် မှတ်မိနေသေးသည်။,NAT
Writer03,Writer03/NAT18.jpg,NAT_18,ကဗျာဆရာ၏ အတွေးရထားသည် လောကသံလမ်းတစ်နေရာတွင် ဘီးချော်တိမ်းမှောက်ခဲ့ပြီလား။,NAT
Writer03,Writer03/NAT19.jpg,NAT_19,ဒီနေ့ မိုးအနည်းငယ် ရွာနိုင်ပါတယ်။,NAT
Writer03,Writer03/NAT20.jpg,NAT_20,ကျွန်တော် မနက်တိုင်း လမ်းလျှောက်လေ့ရှိပါတယ်။,NAT
Writer03,Writer03/NAT21.jpg,NAT_21,ကလေးများသည် ကျောင်းဝင်းထဲတွင် ကစားနေကြသည်။,NAT
Writer03,Writer03/NAT22.jpg,NAT_22,မိသားစုအားလုံး ညစာအတူတူ စားကြသည်။,NAT
Writer03,Writer03/NAT23.jpg,NAT_23,သူမသည် စာကြည့်တိုက်မှ စာအုပ်တစ်အုပ် ငှားလာခဲ့သည်။,NAT
Writer03,Writer03/NAT24.jpg,NAT_24,ကျွန်တော်တို့ မနက်ဖြန် ခရီးထွက်ရန် စီစဉ်ထားသည်။,NAT
Writer03,Writer03/NAT25.jpg,NAT_25,လယ်သမားများသည် လယ်ကွင်းထဲတွင် အလုပ်လုပ်နေကြသည်။,NAT
Writer03,Writer03/NAT26.jpg,NAT_26,ရထားသည် နံနက် ကိုးနာရီတွင် ဘူတာသို့ ရောက်မည်။,NAT
Writer03,Writer03/NAT27.jpg,NAT_27,သူသည် ကော်ဖီတစ်ခွက် သောက်ပြီး အလုပ်စတင်ခဲ့သည်။,NAT
Writer03,Writer03/NAT28.jpg,NAT_28,မြန်မာနိုင်ငံတွင် ရိုးရာပွဲတော်များစွာ ရှိသည်။,NAT
Writer03,Writer03/NAT29.jpg,NAT_29,စျေးထဲတွင် လတ်ဆတ်သော သစ်သီးများ ရောင်းချနေသည်။,NAT
Writer03,Writer03/NAT30.jpg,NAT_30,ကျောင်းသားများသည် စာမေးပွဲအတွက် ကြိုးစားလေ့လာနေကြသည်။,NAT
Writer03,Writer03/NONCE01.jpg,NONCE_01,သျှိုင်းကွိမ်,NONCE
Writer03,Writer03/NONCE02.jpg,NONCE_02,ပြွမ်းဂျိန်,NONCE
Writer03,Writer03/NONCE03.jpg,NONCE_03,ညွှောင့်ပိမ်,NONCE
Writer03,Writer03/NONCE04.jpg,NONCE_04,ချွိန်ဖျော့,NONCE
Writer03,Writer03/NONCE05.jpg,NONCE_05,မြှိမ်းဇွက်,NONCE
Writer03,Writer03/NONCE06.jpg,NONCE_06,ကျွိုင်းဗြန်,NONCE
Writer03,Writer03/NONCE07.jpg,NONCE_07,ဖြွေးနိပ်,NONCE
Writer03,Writer03/NONCE08.jpg,NONCE_08,လျှိန်ဂွတ်,NONCE
Writer03,Writer03/NONCE09.jpg,NONCE_09,ပွှိုင်းဒျက်,NONCE
Writer03,Writer03/NONCE10.jpg,NONCE_10,ကြွိမ်းဖျန်,NONCE
Writer03,Writer03/RARE01.jpg,RARE_01,ဦးပညာကျော်သည် ၁၉၉၈ ခုနှစ်၊ မတ်လ ၂၃ ရက်နေ့တွင် မွေးဖွားခဲ့သည်။,RARE
Writer03,Writer03/RARE02.jpg,RARE_02,အမှတ် ၁၂၇၊ သရဖီလမ်း၊ ရတနာပုံမြို့နယ်တွင် နေထိုင်သည်။,RARE
Writer03,Writer03/RARE03.jpg,RARE_03,ဆက်သွယ်ရန် ဖုန်းနံပါတ်မှာ ၀၉-၇၈၁၂၃၄၅၆၇ ဖြစ်သည်။,RARE
Writer03,Writer03/RARE04.jpg,RARE_04,"စုစုပေါင်းကျသင့်ငွေမှာ ၁၂၈,၅၀၀ ကျပ် ဖြစ်သည်။",RARE
Writer03,Writer03/RARE05.jpg,RARE_05,မန္တလေးမှ မြစ်ကြီးနားသို့ ရထားအမှတ် ၃၅ ဖြင့် ထွက်ခွာမည်။,RARE
Writer03,Writer03/RARE06.jpg,RARE_06,ဒေါက်တာ သီဟဇော်ထွန်းသည် အဏုဇီဝဗေဒကို လေ့လာနေသည်။,RARE
Writer03,Writer03/RARE07.jpg,RARE_07,သင်တန်းအမှတ်စဉ် ML-၂၀၂၆-၀၇ ကို ဇူလိုင်လ ၁၅ ရက်နေ့တွင် စတင်မည်။,RARE
Writer03,Writer03/RARE08.jpg,RARE_08,ကန့်ဘလူမြို့နယ်၊ ထန်းကုန်းကျေးရွာတွင် စမ်းသပ်မှု ပြုလုပ်ခဲ့သည်။,RARE
Writer03,Writer03/RARE09.jpg,RARE_09,ဓာတ်ခွဲနမူနာကုဒ် BMY-၄၂၁၇ ကို အအေးခန်းထဲတွင် သိမ်းဆည်းထားသည်။,RARE
Writer03,Writer03/RARE10.jpg,RARE_10,ရှေးဟောင်းကျောက်စာကို မြန်မာသက္ကရာဇ် ၁၂၃၄ ခုနှစ်တွင် ရေးထိုးခဲ့သည်။,RARE
Writer04,Writer04/NAT01.png,NAT_01,အစောပိုင်း အမျိုးသမီးစာရေးဆရာများသည် စာရေးခြင်းဖြင့် ရပ်တည်ရန် အခက်အခဲများ ကြုံခဲ့ရသည်။,NAT
Writer04,Writer04/NAT02.png,NAT_02,မမလေးက ပြည်တွင်းယဉ်ကျေးမှုဘက်ကို အားပြုပြီး ကြည်အေးက လူသားဝါဒကို အသားပေးပါတယ်။,NAT
Writer04,Writer04/NAT03.png,NAT_03,သူသည် အကြောင်းအရာများကို သွယ်ဝိုက်ရေးသားတတ်သောကြောင့် စာဖတ်သူများ၏ စိတ်ဝင်စားမှုကို ရရှိခဲ့သည်။,NAT
Writer04,Writer04/NAT04.png,NAT_04,တစ်ခါက ဒီဝတ္ထုကြီးကို အကောင်းဆုံး မြန်မာဝတ္ထုရှည် ၅ ပုဒ်တွင် ပါဝင်သည်ဟု ချီးမွမ်းခဲ့ကြသည်။,NAT
Writer04,Writer04/NAT05.png,NAT_05,ကျောင်းသားလူငယ်များသည် လူငယ်များပီပီ ပျော်ပျော်ရွှင်ရွှင် နေချင်ကြသည်။,NAT
Writer04,Writer04/NAT06.png,NAT_06,ကျွန်မတို့နိုင်ငံသည် အရင်က လူတန်းစားများအကြား ကွာခြားမှုနည်းသော နိုင်ငံအဖြစ် လူသိများခဲ့သည်။,NAT
Writer04,Writer04/NAT07.png,NAT_07,လူတန်းစားများအကြား ကွာဟမှုကြီးထွားစေသော ကိစ္စများကို သေချာစွာ လေ့လာသင့်သည်။,NAT
Writer04,Writer04/NAT08.png,NAT_08,လယ်သမားများသည် သီးနှံကောင်းကောင်း ရရှိရန် နေ့စဉ် ကြိုးစားအလုပ်လုပ်ကြသည်။,NAT
Writer04,Writer04/NAT09.png,NAT_09,သုတေသနအဖွဲ့သည် လယ်သမားများ၏ အခြေအနေကို မေးမြန်းလေ့လာခဲ့သည်။,NAT
Writer04,Writer04/NAT10.png,NAT_10,တချို့လယ်သမားများသည် သီးနှံမအောင်မြင်ခြင်းနှင့် အကြွေးတင်ခြင်းကြောင့် လယ်ယာများကို ရောင်းချရသည်။,NAT
Writer04,Writer04/NAT11.png,NAT_11,ဤသည်ကို ကြိုတင်သိရှိလိုဟန်ဖြင့် သူသည် မချိုမချဉ်ပြုံးကာ အဝေးသို့သာ ငေးရီနေသည်။,NAT
Writer04,Writer04/NAT12.png,NAT_12,ကမ္ဘာပေါ်ရှိ လူများသည် မတူညီသော ယဉ်ကျေးမှုနှင့် အတွေးအခေါ်များကို လက်ခံထားကြသည်။,NAT
Writer04,Writer04/NAT13.png,NAT_13,နေဝင်ချိန်တွင် ကောင်းကင်သည် လိမ္မော်ရောင်သို့ တဖြည်းဖြည်း ပြောင်းလဲသွားသည်။,NAT
Writer04,Writer04/NAT14.png,NAT_14,ခင်ဗျားတို့ မမေးခင်မှာပင် ကျွန်တော် ဖြေကြားရန် အဆင်သင့်ဖြစ်နေပါပြီ။,NAT
Writer04,Writer04/NAT15.png,NAT_15,သဘာဝဘေးဒဏ်များနှင့် လူသားတို့၏ မှားယွင်းသော ဆုံးဖြတ်ချက်များကြောင့် ပြဿနာများ ဖြစ်ပေါ်လာတတ်သည်။,NAT
Writer04,Writer04/NAT16.png,NAT_16,ကြီးမားသော အလှည့်အပြောင်းပါဝင်သည့် ဆုံးဖြတ်ချက်တစ်ခု ဖြစ်နေပါသလား။,NAT
Writer04,Writer04/NAT17.png,NAT_17,ကျွန်တော် ဌာနသို့ စတင်ရောက်ရှိလာသည့်အချိန်ကို ယနေ့တိုင် မှတ်မိနေသေးသည်။,NAT
Writer04,Writer04/NAT18.png,NAT_18,ကဗျာဆရာ၏ အတွေးရထားသည် လောကသံလမ်းတစ်နေရာတွင် ဘီးချော်တိမ်းမှောက်ခဲ့ပြီလား။,NAT
Writer04,Writer04/NAT19.png,NAT_19,ဒီနေ့ မိုးအနည်းငယ် ရွာနိုင်ပါတယ်။,NAT
Writer04,Writer04/NAT20.png,NAT_20,ကျွန်တော် မနက်တိုင်း လမ်းလျှောက်လေ့ရှိပါတယ်။,NAT
Writer04,Writer04/NAT21.png,NAT_21,ကလေးများသည် ကျောင်းဝင်းထဲတွင် ကစားနေကြသည်။,NAT
Writer04,Writer04/NAT22.png,NAT_22,မိသားစုအားလုံး ညစာအတူတူ စားကြသည်။,NAT
Writer04,Writer04/NAT23.png,NAT_23,သူမသည် စာကြည့်တိုက်မှ စာအုပ်တစ်အုပ် ငှားလာခဲ့သည်။,NAT
Writer04,Writer04/NAT24.png,NAT_24,ကျွန်တော်တို့ မနက်ဖြန် ခရီးထွက်ရန် စီစဉ်ထားသည်။,NAT
Writer04,Writer04/NAT25.png,NAT_25,လယ်သမားများသည် လယ်ကွင်းထဲတွင် အလုပ်လုပ်နေကြသည်။,NAT
Writer04,Writer04/NAT26.png,NAT_26,ရထားသည် နံနက် ကိုးနာရီတွင် ဘူတာသို့ ရောက်မည်။,NAT
Writer04,Writer04/NAT27.png,NAT_27,သူသည် ကော်ဖီတစ်ခွက် သောက်ပြီး အလုပ်စတင်ခဲ့သည်။,NAT
Writer04,Writer04/NAT28.png,NAT_28,မြန်မာနိုင်ငံတွင် ရိုးရာပွဲတော်များစွာ ရှိသည်။,NAT
Writer04,Writer04/NAT29.png,NAT_29,စျေးထဲတွင် လတ်ဆတ်သော သစ်သီးများ ရောင်းချနေသည်။,NAT
Writer04,Writer04/NAT30.png,NAT_30,ကျောင်းသားများသည် စာမေးပွဲအတွက် ကြိုးစားလေ့လာနေကြသည်။,NAT
Writer04,Writer04/NONCE01.png,NONCE_01,သျှိုင်းကွိမ်,NONCE
Writer04,Writer04/NONCE02.png,NONCE_02,ပြွမ်းဂျိန်,NONCE
Writer04,Writer04/NONCE03.png,NONCE_03,ညွှောင့်ပိမ်,NONCE
Writer04,Writer04/NONCE04.png,NONCE_04,ချွိန်ဖျော့,NONCE
Writer04,Writer04/NONCE05.png,NONCE_05,မြှိမ်းဇွက်,NONCE
Writer04,Writer04/NONCE06.png,NONCE_06,ကျွိုင်းဗြန်,NONCE
Writer04,Writer04/NONCE07.png,NONCE_07,ဖြွေးနိပ်,NONCE
Writer04,Writer04/NONCE08.png,NONCE_08,လျှိန်ဂွတ်,NONCE
Writer04,Writer04/NONCE09.png,NONCE_09,ပွှိုင်းဒျက်,NONCE
Writer04,Writer04/NONCE10.png,NONCE_10,ကြွိမ်းဖျန်,NONCE
Writer04,Writer04/RARE01.png,RARE_01,ဦးပညာကျော်သည် ၁၉၉၈ ခုနှစ်၊ မတ်လ ၂၃ ရက်နေ့တွင် မွေးဖွားခဲ့သည်။,RARE
Writer04,Writer04/RARE02.png,RARE_02,အမှတ် ၁၂၇၊ သရဖီလမ်း၊ ရတနာပုံမြို့နယ်တွင် နေထိုင်သည်။,RARE
Writer04,Writer04/RARE03.png,RARE_03,ဆက်သွယ်ရန် ဖုန်းနံပါတ်မှာ ၀၉-၇၈၁၂၃၄၅၆၇ ဖြစ်သည်။,RARE
Writer04,Writer04/RARE04.png,RARE_04,"စုစုပေါင်းကျသင့်ငွေမှာ ၁၂၈,၅၀၀ ကျပ် ဖြစ်သည်။",RARE
Writer04,Writer04/RARE05.png,RARE_05,မန္တလေးမှ မြစ်ကြီးနားသို့ ရထားအမှတ် ၃၅ ဖြင့် ထွက်ခွာမည်။,RARE
Writer04,Writer04/RARE06.png,RARE_06,ဒေါက်တာ သီဟဇော်ထွန်းသည် အဏုဇီဝဗေဒကို လေ့လာနေသည်။,RARE
Writer04,Writer04/RARE07.png,RARE_07,သင်တန်းအမှတ်စဉ် ML-၂၀၂၆-၀၇ ကို ဇူလိုင်လ ၁၅ ရက်နေ့တွင် စတင်မည်။,RARE
Writer04,Writer04/RARE08.png,RARE_08,ကန့်ဘလူမြို့နယ်၊ ထန်းကုန်းကျေးရွာတွင် စမ်းသပ်မှု ပြုလုပ်ခဲ့သည်။,RARE
Writer04,Writer04/RARE09.png,RARE_09,ဓာတ်ခွဲနမူနာကုဒ် BMY-၄၂၁၇ ကို အအေးခန်းထဲတွင် သိမ်းဆည်းထားသည်။,RARE
Writer04,Writer04/RARE10.png,RARE_10,ရှေးဟောင်းကျောက်စာကို မြန်မာသက္ကရာဇ် ၁၂၃၄ ခုနှစ်တွင် ရေးထိုးခဲ့သည်။,RARE
Writer05,Writer05/NAT01.png,NAT_01,အစောပိုင်း အမျိုးသမီးစာရေးဆရာများသည် စာရေးခြင်းဖြင့် ရပ်တည်ရန် အခက်အခဲများ ကြုံခဲ့ရသည်။,NAT
Writer05,Writer05/NAT02.png,NAT_02,မမလေးက ပြည်တွင်းယဉ်ကျေးမှုဘက်ကို အားပြုပြီး ကြည်အေးက လူသားဝါဒကို အသားပေးပါတယ်။,NAT
Writer05,Writer05/NAT03.png,NAT_03,သူသည် အကြောင်းအရာများကို သွယ်ဝိုက်ရေးသားတတ်သောကြောင့် စာဖတ်သူများ၏ စိတ်ဝင်စားမှုကို ရရှိခဲ့သည်။,NAT
Writer05,Writer05/NAT04.png,NAT_04,တစ်ခါက ဒီဝတ္ထုကြီးကို အကောင်းဆုံး မြန်မာဝတ္ထုရှည် ၅ ပုဒ်တွင် ပါဝင်သည်ဟု ချီးမွမ်းခဲ့ကြသည်။,NAT
Writer05,Writer05/NAT05.png,NAT_05,ကျောင်းသားလူငယ်များသည် လူငယ်များပီပီ ပျော်ပျော်ရွှင်ရွှင် နေချင်ကြသည်။,NAT
Writer05,Writer05/NAT06.png,NAT_06,ကျွန်မတို့နိုင်ငံသည် အရင်က လူတန်းစားများအကြား ကွာခြားမှုနည်းသော နိုင်ငံအဖြစ် လူသိများခဲ့သည်။,NAT
Writer05,Writer05/NAT07.png,NAT_07,လူတန်းစားများအကြား ကွာဟမှုကြီးထွားစေသော ကိစ္စများကို သေချာစွာ လေ့လာသင့်သည်။,NAT
Writer05,Writer05/NAT08.png,NAT_08,လယ်သမားများသည် သီးနှံကောင်းကောင်း ရရှိရန် နေ့စဉ် ကြိုးစားအလုပ်လုပ်ကြသည်။,NAT
Writer05,Writer05/NAT09.png,NAT_09,သုတေသနအဖွဲ့သည် လယ်သမားများ၏ အခြေအနေကို မေးမြန်းလေ့လာခဲ့သည်။,NAT
Writer05,Writer05/NAT10.png,NAT_10,တချို့လယ်သမားများသည် သီးနှံမအောင်မြင်ခြင်းနှင့် အကြွေးတင်ခြင်းကြောင့် လယ်ယာများကို ရောင်းချရသည်။,NAT
Writer05,Writer05/NAT11.png,NAT_11,ဤသည်ကို ကြိုတင်သိရှိလိုဟန်ဖြင့် သူသည် မချိုမချဉ်ပြုံးကာ အဝေးသို့သာ ငေးရီနေသည်။,NAT
Writer05,Writer05/NAT12.png,NAT_12,ကမ္ဘာပေါ်ရှိ လူများသည် မတူညီသော ယဉ်ကျေးမှုနှင့် အတွေးအခေါ်များကို လက်ခံထားကြသည်။,NAT
Writer05,Writer05/NAT13.png,NAT_13,နေဝင်ချိန်တွင် ကောင်းကင်သည် လိမ္မော်ရောင်သို့ တဖြည်းဖြည်း ပြောင်းလဲသွားသည်။,NAT
Writer05,Writer05/NAT14.png,NAT_14,ခင်ဗျားတို့ မမေးခင်မှာပင် ကျွန်တော် ဖြေကြားရန် အဆင်သင့်ဖြစ်နေပါပြီ။,NAT
Writer05,Writer05/NAT15.png,NAT_15,သဘာဝဘေးဒဏ်များနှင့် လူသားတို့၏ မှားယွင်းသော ဆုံးဖြတ်ချက်များကြောင့် ပြဿနာများ ဖြစ်ပေါ်လာတတ်သည်။,NAT
Writer05,Writer05/NAT16.png,NAT_16,ကြီးမားသော အလှည့်အပြောင်းပါဝင်သည့် ဆုံးဖြတ်ချက်တစ်ခု ဖြစ်နေပါသလား။,NAT
Writer05,Writer05/NAT17.png,NAT_17,ကျွန်တော် ဌာနသို့ စတင်ရောက်ရှိလာသည့်အချိန်ကို ယနေ့တိုင် မှတ်မိနေသေးသည်။,NAT
Writer05,Writer05/NAT18.png,NAT_18,ကဗျာဆရာ၏ အတွေးရထားသည် လောကသံလမ်းတစ်နေရာတွင် ဘီးချော်တိမ်းမှောက်ခဲ့ပြီလား။,NAT
Writer05,Writer05/NAT19.png,NAT_19,ဒီနေ့ မိုးအနည်းငယ် ရွာနိုင်ပါတယ်။,NAT
Writer05,Writer05/NAT20.png,NAT_20,ကျွန်တော် မနက်တိုင်း လမ်းလျှောက်လေ့ရှိပါတယ်။,NAT
Writer05,Writer05/NAT21.png,NAT_21,ကလေးများသည် ကျောင်းဝင်းထဲတွင် ကစားနေကြသည်။,NAT
Writer05,Writer05/NAT22.png,NAT_22,မိသားစုအားလုံး ညစာအတူတူ စားကြသည်။,NAT
Writer05,Writer05/NAT23.png,NAT_23,သူမသည် စာကြည့်တိုက်မှ စာအုပ်တစ်အုပ် ငှားလာခဲ့သည်။,NAT
Writer05,Writer05/NAT24.png,NAT_24,ကျွန်တော်တို့ မနက်ဖြန် ခရီးထွက်ရန် စီစဉ်ထားသည်။,NAT
Writer05,Writer05/NAT25.png,NAT_25,လယ်သမားများသည် လယ်ကွင်းထဲတွင် အလုပ်လုပ်နေကြသည်။,NAT
Writer05,Writer05/NAT26.png,NAT_26,ရထားသည် နံနက် ကိုးနာရီတွင် ဘူတာသို့ ရောက်မည်။,NAT
Writer05,Writer05/NAT27.png,NAT_27,သူသည် ကော်ဖီတစ်ခွက် သောက်ပြီး အလုပ်စတင်ခဲ့သည်။,NAT
Writer05,Writer05/NAT28.png,NAT_28,မြန်မာနိုင်ငံတွင် ရိုးရာပွဲတော်များစွာ ရှိသည်။,NAT
Writer05,Writer05/NAT29.png,NAT_29,စျေးထဲတွင် လတ်ဆတ်သော သစ်သီးများ ရောင်းချနေသည်။,NAT
Writer05,Writer05/NAT30.png,NAT_30,ကျောင်းသားများသည် စာမေးပွဲအတွက် ကြိုးစားလေ့လာနေကြသည်။,NAT
Writer05,Writer05/NONCE01.png,NONCE_01,သျှိုင်းကွိမ်,NONCE
Writer05,Writer05/NONCE02.png,NONCE_02,ပြွမ်းဂျိန်,NONCE
Writer05,Writer05/NONCE03.png,NONCE_03,ညွှောင့်ပိမ်,NONCE
Writer05,Writer05/NONCE04.png,NONCE_04,ချွိန်ဖျော့,NONCE
Writer05,Writer05/NONCE05.png,NONCE_05,မြှိမ်းဇွက်,NONCE
Writer05,Writer05/NONCE06.png,NONCE_06,ကျွိုင်းဗြန်,NONCE
Writer05,Writer05/NONCE07.png,NONCE_07,ဖြွေးနိပ်,NONCE
Writer05,Writer05/NONCE08.png,NONCE_08,လျှိန်ဂွတ်,NONCE
Writer05,Writer05/NONCE09.png,NONCE_09,ပွှိုင်းဒျက်,NONCE
Writer05,Writer05/NONCE10.png,NONCE_10,ကြွိမ်းဖျန်,NONCE
Writer05,Writer05/RARE01.png,RARE_01,ဦးပညာကျော်သည် ၁၉၉၈ ခုနှစ်၊ မတ်လ ၂၃ ရက်နေ့တွင် မွေးဖွားခဲ့သည်။,RARE
Writer05,Writer05/RARE02.png,RARE_02,အမှတ် ၁၂၇၊ သရဖီလမ်း၊ ရတနာပုံမြို့နယ်တွင် နေထိုင်သည်။,RARE
Writer05,Writer05/RARE03.png,RARE_03,ဆက်သွယ်ရန် ဖုန်းနံပါတ်မှာ ၀၉-၇၈၁၂၃၄၅၆၇ ဖြစ်သည်။,RARE
Writer05,Writer05/RARE04.png,RARE_04,"စုစုပေါင်းကျသင့်ငွေမှာ ၁၂၈,၅၀၀ ကျပ် ဖြစ်သည်။",RARE
Writer05,Writer05/RARE05.png,RARE_05,မန္တလေးမှ မြစ်ကြီးနားသို့ ရထားအမှတ် ၃၅ ဖြင့် ထွက်ခွာမည်။,RARE
Writer05,Writer05/RARE06.png,RARE_06,ဒေါက်တာ သီဟဇော်ထွန်းသည် အဏုဇီဝဗေဒကို လေ့လာနေသည်။,RARE
Writer05,Writer05/RARE07.png,RARE_07,သင်တန်းအမှတ်စဉ် ML-၂၀၂၆-၀၇ ကို ဇူလိုင်လ ၁၅ ရက်နေ့တွင် စတင်မည်။,RARE
Writer05,Writer05/RARE08.png,RARE_08,ကန့်ဘလူမြို့နယ်၊ ထန်းကုန်းကျေးရွာတွင် စမ်းသပ်မှု ပြုလုပ်ခဲ့သည်။,RARE
Writer05,Writer05/RARE09.png,RARE_09,ဓာတ်ခွဲနမူနာကုဒ် BMY-၄၂၁၇ ကို အအေးခန်းထဲတွင် သိမ်းဆည်းထားသည်။,RARE
Writer05,Writer05/RARE10.png,RARE_10,ရှေးဟောင်းကျောက်စာကို မြန်မာသက္ကရာဇ် ၁၂၃၄ ခုနှစ်တွင် ရေးထိုးခဲ့သည်။,RARE
Writer06,Writer06/NAT01.png,NAT_01,အစောပိုင်း အမျိုးသမီးစာရေးဆရာများသည် စာရေးခြင်းဖြင့် ရပ်တည်ရန် အခက်အခဲများ ကြုံခဲ့ရသည်။,NAT
Writer06,Writer06/NAT02.png,NAT_02,မမလေးက ပြည်တွင်းယဉ်ကျေးမှုဘက်ကို အားပြုပြီး ကြည်အေးက လူသားဝါဒကို အသားပေးပါတယ်။,NAT
Writer06,Writer06/NAT03.png,NAT_03,သူသည် အကြောင်းအရာများကို သွယ်ဝိုက်ရေးသားတတ်သောကြောင့် စာဖတ်သူများ၏ စိတ်ဝင်စားမှုကို ရရှိခဲ့သည်။,NAT
Writer06,Writer06/NAT04.png,NAT_04,တစ်ခါက ဒီဝတ္ထုကြီးကို အကောင်းဆုံး မြန်မာဝတ္ထုရှည် ၅ ပုဒ်တွင် ပါဝင်သည်ဟု ချီးမွမ်းခဲ့ကြသည်။,NAT
Writer06,Writer06/NAT05.png,NAT_05,ကျောင်းသားလူငယ်များသည် လူငယ်များပီပီ ပျော်ပျော်ရွှင်ရွှင် နေချင်ကြသည်။,NAT
Writer06,Writer06/NAT06.png,NAT_06,ကျွန်မတို့နိုင်ငံသည် အရင်က လူတန်းစားများအကြား ကွာခြားမှုနည်းသော နိုင်ငံအဖြစ် လူသိများခဲ့သည်။,NAT
Writer06,Writer06/NAT07.png,NAT_07,လူတန်းစားများအကြား ကွာဟမှုကြီးထွားစေသော ကိစ္စများကို သေချာစွာ လေ့လာသင့်သည်။,NAT
Writer06,Writer06/NAT08.png,NAT_08,လယ်သမားများသည် သီးနှံကောင်းကောင်း ရရှိရန် နေ့စဉ် ကြိုးစားအလုပ်လုပ်ကြသည်။,NAT
Writer06,Writer06/NAT09.png,NAT_09,သုတေသနအဖွဲ့သည် လယ်သမားများ၏ အခြေအနေကို မေးမြန်းလေ့လာခဲ့သည်။,NAT
Writer06,Writer06/NAT10.png,NAT_10,တချို့လယ်သမားများသည် သီးနှံမအောင်မြင်ခြင်းနှင့် အကြွေးတင်ခြင်းကြောင့် လယ်ယာများကို ရောင်းချရသည်။,NAT
Writer06,Writer06/NAT11.png,NAT_11,ဤသည်ကို ကြိုတင်သိရှိလိုဟန်ဖြင့် သူသည် မချိုမချဉ်ပြုံးကာ အဝေးသို့သာ ငေးရီနေသည်။,NAT
Writer06,Writer06/NAT12.png,NAT_12,ကမ္ဘာပေါ်ရှိ လူများသည် မတူညီသော ယဉ်ကျေးမှုနှင့် အတွေးအခေါ်များကို လက်ခံထားကြသည်။,NAT
Writer06,Writer06/NAT13.png,NAT_13,နေဝင်ချိန်တွင် ကောင်းကင်သည် လိမ္မော်ရောင်သို့ တဖြည်းဖြည်း ပြောင်းလဲသွားသည်။,NAT
Writer06,Writer06/NAT14.png,NAT_14,ခင်ဗျားတို့ မမေးခင်မှာပင် ကျွန်တော် ဖြေကြားရန် အဆင်သင့်ဖြစ်နေပါပြီ။,NAT
Writer06,Writer06/NAT15.png,NAT_15,သဘာဝဘေးဒဏ်များနှင့် လူသားတို့၏ မှားယွင်းသော ဆုံးဖြတ်ချက်များကြောင့် ပြဿနာများ ဖြစ်ပေါ်လာတတ်သည်။,NAT
Writer06,Writer06/NAT16.png,NAT_16,ကြီးမားသော အလှည့်အပြောင်းပါဝင်သည့် ဆုံးဖြတ်ချက်တစ်ခု ဖြစ်နေပါသလား။,NAT
Writer06,Writer06/NAT17.png,NAT_17,ကျွန်တော် ဌာနသို့ စတင်ရောက်ရှိလာသည့်အချိန်ကို ယနေ့တိုင် မှတ်မိနေသေးသည်။,NAT
Writer06,Writer06/NAT18.png,NAT_18,ကဗျာဆရာ၏ အတွေးရထားသည် လောကသံလမ်းတစ်နေရာတွင် ဘီးချော်တိမ်းမှောက်ခဲ့ပြီလား။,NAT
Writer06,Writer06/NAT19.png,NAT_19,ဒီနေ့ မိုးအနည်းငယ် ရွာနိုင်ပါတယ်။,NAT
Writer06,Writer06/NAT20.png,NAT_20,ကျွန်တော် မနက်တိုင်း လမ်းလျှောက်လေ့ရှိပါတယ်။,NAT
Writer06,Writer06/NAT21.png,NAT_21,ကလေးများသည် ကျောင်းဝင်းထဲတွင် ကစားနေကြသည်။,NAT
Writer06,Writer06/NAT22.png,NAT_22,မိသားစုအားလုံး ညစာအတူတူ စားကြသည်။,NAT
Writer06,Writer06/NAT23.png,NAT_23,သူမသည် စာကြည့်တိုက်မှ စာအုပ်တစ်အုပ် ငှားလာခဲ့သည်။,NAT
Writer06,Writer06/NAT24.png,NAT_24,ကျွန်တော်တို့ မနက်ဖြန် ခရီးထွက်ရန် စီစဉ်ထားသည်။,NAT
Writer06,Writer06/NAT25.png,NAT_25,လယ်သမားများသည် လယ်ကွင်းထဲတွင် အလုပ်လုပ်နေကြသည်။,NAT
Writer06,Writer06/NAT26.png,NAT_26,ရထားသည် နံနက် ကိုးနာရီတွင် ဘူတာသို့ ရောက်မည်။,NAT
Writer06,Writer06/NAT27.png,NAT_27,သူသည် ကော်ဖီတစ်ခွက် သောက်ပြီး အလုပ်စတင်ခဲ့သည်။,NAT
Writer06,Writer06/NAT28.png,NAT_28,မြန်မာနိုင်ငံတွင် ရိုးရာပွဲတော်များစွာ ရှိသည်။,NAT
Writer06,Writer06/NAT29.png,NAT_29,စျေးထဲတွင် လတ်ဆတ်သော သစ်သီးများ ရောင်းချနေသည်။,NAT
Writer06,Writer06/NAT30.png,NAT_30,ကျောင်းသားများသည် စာမေးပွဲအတွက် ကြိုးစားလေ့လာနေကြသည်။,NAT
Writer06,Writer06/NONCE01.png,NONCE_01,သျှိုင်းကွိမ်,NONCE
Writer06,Writer06/NONCE02.png,NONCE_02,ပြွမ်းဂျိန်,NONCE
Writer06,Writer06/NONCE03.png,NONCE_03,ညွှောင့်ပိမ်,NONCE
Writer06,Writer06/NONCE04.png,NONCE_04,ချွိန်ဖျော့,NONCE
Writer06,Writer06/NONCE05.png,NONCE_05,မြှိမ်းဇွက်,NONCE
Writer06,Writer06/NONCE06.png,NONCE_06,ကျွိုင်းဗြန်,NONCE
Writer06,Writer06/NONCE07.png,NONCE_07,ဖြွေးနိပ်,NONCE
Writer06,Writer06/NONCE08.png,NONCE_08,လျှိန်ဂွတ်,NONCE
Writer06,Writer06/NONCE09.png,NONCE_09,ပွှိုင်းဒျက်,NONCE
Writer06,Writer06/NONCE10.png,NONCE_10,ကြွိမ်းဖျန်,NONCE
Writer06,Writer06/RARE01.png,RARE_01,ဦးပညာကျော်သည် ၁၉၉၈ ခုနှစ်၊ မတ်လ ၂၃ ရက်နေ့တွင် မွေးဖွားခဲ့သည်။,RARE
Writer06,Writer06/RARE02.png,RARE_02,အမှတ် ၁၂၇၊ သရဖီလမ်း၊ ရတနာပုံမြို့နယ်တွင် နေထိုင်သည်။,RARE
Writer06,Writer06/RARE03.png,RARE_03,ဆက်သွယ်ရန် ဖုန်းနံပါတ်မှာ ၀၉-၇၈၁၂၃၄၅၆၇ ဖြစ်သည်။,RARE
Writer06,Writer06/RARE04.png,RARE_04,"စုစုပေါင်းကျသင့်ငွေမှာ ၁၂၈,၅၀၀ ကျပ် ဖြစ်သည်။",RARE
Writer06,Writer06/RARE05.png,RARE_05,မန္တလေးမှ မြစ်ကြီးနားသို့ ရထားအမှတ် ၃၅ ဖြင့် ထွက်ခွာမည်။,RARE
Writer06,Writer06/RARE06.png,RARE_06,ဒေါက်တာ သီဟဇော်ထွန်းသည် အဏုဇီဝဗေဒကို လေ့လာနေသည်။,RARE
Writer06,Writer06/RARE07.png,RARE_07,သင်တန်းအမှတ်စဉ် ML-၂၀၂၆-၀၇ ကို ဇူလိုင်လ ၁၅ ရက်နေ့တွင် စတင်မည်။,RARE
Writer06,Writer06/RARE08.png,RARE_08,ကန့်ဘလူမြို့နယ်၊ ထန်းကုန်းကျေးရွာတွင် စမ်းသပ်မှု ပြုလုပ်ခဲ့သည်။,RARE
Writer06,Writer06/RARE09.png,RARE_09,ဓာတ်ခွဲနမူနာကုဒ် BMY-၄၂၁၇ ကို အအေးခန်းထဲတွင် သိမ်းဆည်းထားသည်။,RARE
Writer06,Writer06/RARE10.png,RARE_10,ရှေးဟောင်းကျောက်စာကို မြန်မာသက္ကရာဇ် ၁၂၃၄ ခုနှစ်တွင် ရေးထိုးခဲ့သည်။,RARE
Writer07,Writer07/NAT01.png,NAT_01,အစောပိုင်း အမျိုးသမီးစာရေးဆရာများသည် စာရေးခြင်းဖြင့် ရပ်တည်ရန် အခက်အခဲများ ကြုံခဲ့ရသည်။,NAT
Writer07,Writer07/NAT02.png,NAT_02,မမလေးက ပြည်တွင်းယဉ်ကျေးမှုဘက်ကို အားပြုပြီး ကြည်အေးက လူသားဝါဒကို အသားပေးပါတယ်။,NAT
Writer07,Writer07/NAT03.png,NAT_03,သူသည် အကြောင်းအရာများကို သွယ်ဝိုက်ရေးသားတတ်သောကြောင့် စာဖတ်သူများ၏ စိတ်ဝင်စားမှုကို ရရှိခဲ့သည်။,NAT
Writer07,Writer07/NAT04.png,NAT_04,တစ်ခါက ဒီဝတ္ထုကြီးကို အကောင်းဆုံး မြန်မာဝတ္ထုရှည် ၅ ပုဒ်တွင် ပါဝင်သည်ဟု ချီးမွမ်းခဲ့ကြသည်။,NAT
Writer07,Writer07/NAT05.png,NAT_05,ကျောင်းသားလူငယ်များသည် လူငယ်များပီပီ ပျော်ပျော်ရွှင်ရွှင် နေချင်ကြသည်။,NAT
Writer07,Writer07/NAT06.png,NAT_06,ကျွန်မတို့နိုင်ငံသည် အရင်က လူတန်းစားများအကြား ကွာခြားမှုနည်းသော နိုင်ငံအဖြစ် လူသိများခဲ့သည်။,NAT
Writer07,Writer07/NAT07.png,NAT_07,လူတန်းစားများအကြား ကွာဟမှုကြီးထွားစေသော ကိစ္စများကို သေချာစွာ လေ့လာသင့်သည်။,NAT
Writer07,Writer07/NAT08.png,NAT_08,လယ်သမားများသည် သီးနှံကောင်းကောင်း ရရှိရန် နေ့စဉ် ကြိုးစားအလုပ်လုပ်ကြသည်။,NAT
Writer07,Writer07/NAT09.png,NAT_09,သုတေသနအဖွဲ့သည် လယ်သမားများ၏ အခြေအနေကို မေးမြန်းလေ့လာခဲ့သည်။,NAT
Writer07,Writer07/NAT10.png,NAT_10,တချို့လယ်သမားများသည် သီးနှံမအောင်မြင်ခြင်းနှင့် အကြွေးတင်ခြင်းကြောင့် လယ်ယာများကို ရောင်းချရသည်။,NAT
Writer07,Writer07/NAT11.png,NAT_11,ဤသည်ကို ကြိုတင်သိရှိလိုဟန်ဖြင့် သူသည် မချိုမချဉ်ပြုံးကာ အဝေးသို့သာ ငေးရီနေသည်။,NAT
Writer07,Writer07/NAT12.png,NAT_12,ကမ္ဘာပေါ်ရှိ လူများသည် မတူညီသော ယဉ်ကျေးမှုနှင့် အတွေးအခေါ်များကို လက်ခံထားကြသည်။,NAT
Writer07,Writer07/NAT13.png,NAT_13,နေဝင်ချိန်တွင် ကောင်းကင်သည် လိမ္မော်ရောင်သို့ တဖြည်းဖြည်း ပြောင်းလဲသွားသည်။,NAT
Writer07,Writer07/NAT14.png,NAT_14,ခင်ဗျားတို့ မမေးခင်မှာပင် ကျွန်တော် ဖြေကြားရန် အဆင်သင့်ဖြစ်နေပါပြီ။,NAT
Writer07,Writer07/NAT15.png,NAT_15,သဘာဝဘေးဒဏ်များနှင့် လူသားတို့၏ မှားယွင်းသော ဆုံးဖြတ်ချက်များကြောင့် ပြဿနာများ ဖြစ်ပေါ်လာတတ်သည်။,NAT
Writer07,Writer07/NAT16.png,NAT_16,ကြီးမားသော အလှည့်အပြောင်းပါဝင်သည့် ဆုံးဖြတ်ချက်တစ်ခု ဖြစ်နေပါသလား။,NAT
Writer07,Writer07/NAT17.png,NAT_17,ကျွန်တော် ဌာနသို့ စတင်ရောက်ရှိလာသည့်အချိန်ကို ယနေ့တိုင် မှတ်မိနေသေးသည်။,NAT
Writer07,Writer07/NAT18.png,NAT_18,ကဗျာဆရာ၏ အတွေးရထားသည် လောကသံလမ်းတစ်နေရာတွင် ဘီးချော်တိမ်းမှောက်ခဲ့ပြီလား။,NAT
Writer07,Writer07/NAT19.png,NAT_19,ဒီနေ့ မိုးအနည်းငယ် ရွာနိုင်ပါတယ်။,NAT
Writer07,Writer07/NAT20.png,NAT_20,ကျွန်တော် မနက်တိုင်း လမ်းလျှောက်လေ့ရှိပါတယ်။,NAT
Writer07,Writer07/NAT21.png,NAT_21,ကလေးများသည် ကျောင်းဝင်းထဲတွင် ကစားနေကြသည်။,NAT
Writer07,Writer07/NAT22.png,NAT_22,မိသားစုအားလုံး ညစာအတူတူ စားကြသည်။,NAT
Writer07,Writer07/NAT23.png,NAT_23,သူမသည် စာကြည့်တိုက်မှ စာအုပ်တစ်အုပ် ငှားလာခဲ့သည်။,NAT
Writer07,Writer07/NAT24.png,NAT_24,ကျွန်တော်တို့ မနက်ဖြန် ခရီးထွက်ရန် စီစဉ်ထားသည်။,NAT
Writer07,Writer07/NAT25.png,NAT_25,လယ်သမားများသည် လယ်ကွင်းထဲတွင် အလုပ်လုပ်နေကြသည်။,NAT
Writer07,Writer07/NAT26.png,NAT_26,ရထားသည် နံနက် ကိုးနာရီတွင် ဘူတာသို့ ရောက်မည်။,NAT
Writer07,Writer07/NAT27.png,NAT_27,သူသည် ကော်ဖီတစ်ခွက် သောက်ပြီး အလုပ်စတင်ခဲ့သည်။,NAT
Writer07,Writer07/NAT28.png,NAT_28,မြန်မာနိုင်ငံတွင် ရိုးရာပွဲတော်များစွာ ရှိသည်။,NAT
Writer07,Writer07/NAT29.png,NAT_29,စျေးထဲတွင် လတ်ဆတ်သော သစ်သီးများ ရောင်းချနေသည်။,NAT
Writer07,Writer07/NAT30.png,NAT_30,ကျောင်းသားများသည် စာမေးပွဲအတွက် ကြိုးစားလေ့လာနေကြသည်။,NAT
Writer07,Writer07/NONCE01.png,NONCE_01,သျှိုင်းကွိမ်,NONCE
Writer07,Writer07/NONCE02.png,NONCE_02,ပြွမ်းဂျိန်,NONCE
Writer07,Writer07/NONCE03.png,NONCE_03,ညွှောင့်ပိမ်,NONCE
Writer07,Writer07/NONCE04.png,NONCE_04,ချွိန်ဖျော့,NONCE
Writer07,Writer07/NONCE05.png,NONCE_05,မြှိမ်းဇွက်,NONCE
Writer07,Writer07/NONCE06.png,NONCE_06,ကျွိုင်းဗြန်,NONCE
Writer07,Writer07/NONCE07.png,NONCE_07,ဖြွေးနိပ်,NONCE
Writer07,Writer07/NONCE08.png,NONCE_08,လျှိန်ဂွတ်,NONCE
Writer07,Writer07/NONCE09.png,NONCE_09,ပွှိုင်းဒျက်,NONCE
Writer07,Writer07/NONCE10.png,NONCE_10,ကြွိမ်းဖျန်,NONCE
Writer07,Writer07/RARE01.png,RARE_01,ဦးပညာကျော်သည် ၁၉၉၈ ခုနှစ်၊ မတ်လ ၂၃ ရက်နေ့တွင် မွေးဖွားခဲ့သည်။,RARE
Writer07,Writer07/RARE02.png,RARE_02,အမှတ် ၁၂၇၊ သရဖီလမ်း၊ ရတနာပုံမြို့နယ်တွင် နေထိုင်သည်။,RARE
Writer07,Writer07/RARE03.png,RARE_03,ဆက်သွယ်ရန် ဖုန်းနံပါတ်မှာ ၀၉-၇၈၁၂၃၄၅၆၇ ဖြစ်သည်။,RARE
Writer07,Writer07/RARE04.png,RARE_04,"စုစုပေါင်းကျသင့်ငွေမှာ ၁၂၈,၅၀၀ ကျပ် ဖြစ်သည်။",RARE
Writer07,Writer07/RARE05.png,RARE_05,မန္တလေးမှ မြစ်ကြီးနားသို့ ရထားအမှတ် ၃၅ ဖြင့် ထွက်ခွာမည်။,RARE
Writer07,Writer07/RARE06.png,RARE_06,ဒေါက်တာ သီဟဇော်ထွန်းသည် အဏုဇီဝဗေဒကို လေ့လာနေသည်။,RARE
Writer07,Writer07/RARE07.png,RARE_07,သင်တန်းအမှတ်စဉ် ML-၂၀၂၆-၀၇ ကို ဇူလိုင်လ ၁၅ ရက်နေ့တွင် စတင်မည်။,RARE
Writer07,Writer07/RARE08.png,RARE_08,ကန့်ဘလူမြို့နယ်၊ ထန်းကုန်းကျေးရွာတွင် စမ်းသပ်မှု ပြုလုပ်ခဲ့သည်။,RARE
Writer07,Writer07/RARE09.png,RARE_09,ဓာတ်ခွဲနမူနာကုဒ် BMY-၄၂၁၇ ကို အအေးခန်းထဲတွင် သိမ်းဆည်းထားသည်။,RARE
Writer07,Writer07/RARE10.png,RARE_10,ရှေးဟောင်းကျောက်စာကို မြန်မာသက္ကရာဇ် ၁၂၃၄ ခုနှစ်တွင် ရေးထိုးခဲ့သည်။,RARE
Writer08,Writer08/NAT01.png,NAT_01,အစောပိုင်း အမျိုးသမီးစာရေးဆရာများသည် စာရေးခြင်းဖြင့် ရပ်တည်ရန် အခက်အခဲများ ကြုံခဲ့ရသည်။,NAT
Writer08,Writer08/NAT02.png,NAT_02,မမလေးက ပြည်တွင်းယဉ်ကျေးမှုဘက်ကို အားပြုပြီး ကြည်အေးက လူသားဝါဒကို အသားပေးပါတယ်။,NAT
Writer08,Writer08/NAT03.png,NAT_03,သူသည် အကြောင်းအရာများကို သွယ်ဝိုက်ရေးသားတတ်သောကြောင့် စာဖတ်သူများ၏ စိတ်ဝင်စားမှုကို ရရှိခဲ့သည်။,NAT
Writer08,Writer08/NAT04.png,NAT_04,တစ်ခါက ဒီဝတ္ထုကြီးကို အကောင်းဆုံး မြန်မာဝတ္ထုရှည် ၅ ပုဒ်တွင် ပါဝင်သည်ဟု ချီးမွမ်းခဲ့ကြသည်။,NAT
Writer08,Writer08/NAT05.png,NAT_05,ကျောင်းသားလူငယ်များသည် လူငယ်များပီပီ ပျော်ပျော်ရွှင်ရွှင် နေချင်ကြသည်။,NAT
Writer08,Writer08/NAT06.png,NAT_06,ကျွန်မတို့နိုင်ငံသည် အရင်က လူတန်းစားများအကြား ကွာခြားမှုနည်းသော နိုင်ငံအဖြစ် လူသိများခဲ့သည်။,NAT
Writer08,Writer08/NAT07.png,NAT_07,လူတန်းစားများအကြား ကွာဟမှုကြီးထွားစေသော ကိစ္စများကို သေချာစွာ လေ့လာသင့်သည်။,NAT
Writer08,Writer08/NAT08.png,NAT_08,လယ်သမားများသည် သီးနှံကောင်းကောင်း ရရှိရန် နေ့စဉ် ကြိုးစားအလုပ်လုပ်ကြသည်။,NAT
Writer08,Writer08/NAT09.png,NAT_09,သုတေသနအဖွဲ့သည် လယ်သမားများ၏ အခြေအနေကို မေးမြန်းလေ့လာခဲ့သည်။,NAT
Writer08,Writer08/NAT10.png,NAT_10,တချို့လယ်သမားများသည် သီးနှံမအောင်မြင်ခြင်းနှင့် အကြွေးတင်ခြင်းကြောင့် လယ်ယာများကို ရောင်းချရသည်။,NAT
Writer08,Writer08/NAT11.png,NAT_11,ဤသည်ကို ကြိုတင်သိရှိလိုဟန်ဖြင့် သူသည် မချိုမချဉ်ပြုံးကာ အဝေးသို့သာ ငေးရီနေသည်။,NAT
Writer08,Writer08/NAT12.png,NAT_12,ကမ္ဘာပေါ်ရှိ လူများသည် မတူညီသော ယဉ်ကျေးမှုနှင့် အတွေးအခေါ်များကို လက်ခံထားကြသည်။,NAT
Writer08,Writer08/NAT13.png,NAT_13,နေဝင်ချိန်တွင် ကောင်းကင်သည် လိမ္မော်ရောင်သို့ တဖြည်းဖြည်း ပြောင်းလဲသွားသည်။,NAT
Writer08,Writer08/NAT14.png,NAT_14,ခင်ဗျားတို့ မမေးခင်မှာပင် ကျွန်တော် ဖြေကြားရန် အဆင်သင့်ဖြစ်နေပါပြီ။,NAT
Writer08,Writer08/NAT15.png,NAT_15,သဘာဝဘေးဒဏ်များနှင့် လူသားတို့၏ မှားယွင်းသော ဆုံးဖြတ်ချက်များကြောင့် ပြဿနာများ ဖြစ်ပေါ်လာတတ်သည်။,NAT
Writer08,Writer08/NAT16.png,NAT_16,ကြီးမားသော အလှည့်အပြောင်းပါဝင်သည့် ဆုံးဖြတ်ချက်တစ်ခု ဖြစ်နေပါသလား။,NAT
Writer08,Writer08/NAT17.png,NAT_17,ကျွန်တော် ဌာနသို့ စတင်ရောက်ရှိလာသည့်အချိန်ကို ယနေ့တိုင် မှတ်မိနေသေးသည်။,NAT
Writer08,Writer08/NAT18.png,NAT_18,ကဗျာဆရာ၏ အတွေးရထားသည် လောကသံလမ်းတစ်နေရာတွင် ဘီးချော်တိမ်းမှောက်ခဲ့ပြီလား။,NAT
Writer08,Writer08/NAT19.png,NAT_19,ဒီနေ့ မိုးအနည်းငယ် ရွာနိုင်ပါတယ်။,NAT
Writer08,Writer08/NAT20.png,NAT_20,ကျွန်တော် မနက်တိုင်း လမ်းလျှောက်လေ့ရှိပါတယ်။,NAT
Writer08,Writer08/NAT21.png,NAT_21,ကလေးများသည် ကျောင်းဝင်းထဲတွင် ကစားနေကြသည်။,NAT
Writer08,Writer08/NAT22.png,NAT_22,မိသားစုအားလုံး ညစာအတူတူ စားကြသည်။,NAT
Writer08,Writer08/NAT23.png,NAT_23,သူမသည် စာကြည့်တိုက်မှ စာအုပ်တစ်အုပ် ငှားလာခဲ့သည်။,NAT
Writer08,Writer08/NAT24.png,NAT_24,ကျွန်တော်တို့ မနက်ဖြန် ခရီးထွက်ရန် စီစဉ်ထားသည်။,NAT
Writer08,Writer08/NAT25.png,NAT_25,လယ်သမားများသည် လယ်ကွင်းထဲတွင် အလုပ်လုပ်နေကြသည်။,NAT
Writer08,Writer08/NAT26.png,NAT_26,ရထားသည် နံနက် ကိုးနာရီတွင် ဘူတာသို့ ရောက်မည်။,NAT
Writer08,Writer08/NAT27.png,NAT_27,သူသည် ကော်ဖီတစ်ခွက် သောက်ပြီး အလုပ်စတင်ခဲ့သည်။,NAT
Writer08,Writer08/NAT28.png,NAT_28,မြန်မာနိုင်ငံတွင် ရိုးရာပွဲတော်များစွာ ရှိသည်။,NAT
Writer08,Writer08/NAT29.png,NAT_29,စျေးထဲတွင် လတ်ဆတ်သော သစ်သီးများ ရောင်းချနေသည်။,NAT
Writer08,Writer08/NAT30.png,NAT_30,ကျောင်းသားများသည် စာမေးပွဲအတွက် ကြိုးစားလေ့လာနေကြသည်။,NAT
Writer08,Writer08/NONCE01.png,NONCE_01,သျှိုင်းကွိမ်,NONCE
Writer08,Writer08/NONCE02.png,NONCE_02,ပြွမ်းဂျိန်,NONCE
Writer08,Writer08/NONCE03.png,NONCE_03,ညွှောင့်ပိမ်,NONCE
Writer08,Writer08/NONCE04.png,NONCE_04,ချွိန်ဖျော့,NONCE
Writer08,Writer08/NONCE05.png,NONCE_05,မြှိမ်းဇွက်,NONCE
Writer08,Writer08/NONCE06.png,NONCE_06,ကျွိုင်းဗြန်,NONCE
Writer08,Writer08/NONCE07.png,NONCE_07,ဖြွေးနိပ်,NONCE
Writer08,Writer08/NONCE08.png,NONCE_08,လျှိန်ဂွတ်,NONCE
Writer08,Writer08/NONCE09.png,NONCE_09,ပွှိုင်းဒျက်,NONCE
Writer08,Writer08/NONCE10.png,NONCE_10,ကြွိမ်းဖျန်,NONCE
Writer08,Writer08/RARE01.png,RARE_01,ဦးပညာကျော်သည် ၁၉၉၈ ခုနှစ်၊ မတ်လ ၂၃ ရက်နေ့တွင် မွေးဖွားခဲ့သည်။,RARE
Writer08,Writer08/RARE02.png,RARE_02,အမှတ် ၁၂၇၊ သရဖီလမ်း၊ ရတနာပုံမြို့နယ်တွင် နေထိုင်သည်။,RARE
Writer08,Writer08/RARE03.png,RARE_03,ဆက်သွယ်ရန် ဖုန်းနံပါတ်မှာ ၀၉-၇၈၁၂၃၄၅၆၇ ဖြစ်သည်။,RARE
Writer08,Writer08/RARE04.png,RARE_04,"စုစုပေါင်းကျသင့်ငွေမှာ ၁၂၈,၅၀၀ ကျပ် ဖြစ်သည်။",RARE
Writer08,Writer08/RARE05.png,RARE_05,မန္တလေးမှ မြစ်ကြီးနားသို့ ရထားအမှတ် ၃၅ ဖြင့် ထွက်ခွာမည်။,RARE
Writer08,Writer08/RARE06.png,RARE_06,ဒေါက်တာ သီဟဇော်ထွန်းသည် အဏုဇီဝဗေဒကို လေ့လာနေသည်။,RARE
Writer08,Writer08/RARE07.png,RARE_07,သင်တန်းအမှတ်စဉ် ML-၂၀၂၆-၀၇ ကို ဇူလိုင်လ ၁၅ ရက်နေ့တွင် စတင်မည်။,RARE
Writer08,Writer08/RARE08.png,RARE_08,ကန့်ဘလူမြို့နယ်၊ ထန်းကုန်းကျေးရွာတွင် စမ်းသပ်မှု ပြုလုပ်ခဲ့သည်။,RARE
Writer08,Writer08/RARE09.png,RARE_09,ဓာတ်ခွဲနမူနာကုဒ် BMY-၄၂၁၇ ကို အအေးခန်းထဲတွင် သိမ်းဆည်းထားသည်။,RARE
Writer08,Writer08/RARE10.png,RARE_10,ရှေးဟောင်းကျောက်စာကို မြန်မာသက္ကရာဇ် ၁၂၃၄ ခုနှစ်တွင် ရေးထိုးခဲ့သည်။,RARE
Writer09,Writer09/NAT01.png,NAT_01,အစောပိုင်း အမျိုးသမီးစာရေးဆရာများသည် စာရေးခြင်းဖြင့် ရပ်တည်ရန် အခက်အခဲများ ကြုံခဲ့ရသည်။,NAT
Writer09,Writer09/NAT02.png,NAT_02,မမလေးက ပြည်တွင်းယဉ်ကျေးမှုဘက်ကို အားပြုပြီး ကြည်အေးက လူသားဝါဒကို အသားပေးပါတယ်။,NAT
Writer09,Writer09/NAT03.png,NAT_03,သူသည် အကြောင်းအရာများကို သွယ်ဝိုက်ရေးသားတတ်သောကြောင့် စာဖတ်သူများ၏ စိတ်ဝင်စားမှုကို ရရှိခဲ့သည်။,NAT
Writer09,Writer09/NAT04.png,NAT_04,တစ်ခါက ဒီဝတ္ထုကြီးကို အကောင်းဆုံး မြန်မာဝတ္ထုရှည် ၅ ပုဒ်တွင် ပါဝင်သည်ဟု ချီးမွမ်းခဲ့ကြသည်။,NAT
Writer09,Writer09/NAT05.png,NAT_05,ကျောင်းသားလူငယ်များသည် လူငယ်များပီပီ ပျော်ပျော်ရွှင်ရွှင် နေချင်ကြသည်။,NAT
Writer09,Writer09/NAT06.png,NAT_06,ကျွန်မတို့နိုင်ငံသည် အရင်က လူတန်းစားများအကြား ကွာခြားမှုနည်းသော နိုင်ငံအဖြစ် လူသိများခဲ့သည်။,NAT
Writer09,Writer09/NAT07.png,NAT_07,လူတန်းစားများအကြား ကွာဟမှုကြီးထွားစေသော ကိစ္စများကို သေချာစွာ လေ့လာသင့်သည်။,NAT
Writer09,Writer09/NAT08.png,NAT_08,လယ်သမားများသည် သီးနှံကောင်းကောင်း ရရှိရန် နေ့စဉ် ကြိုးစားအလုပ်လုပ်ကြသည်။,NAT
Writer09,Writer09/NAT09.png,NAT_09,သုတေသနအဖွဲ့သည် လယ်သမားများ၏ အခြေအနေကို မေးမြန်းလေ့လာခဲ့သည်။,NAT
Writer09,Writer09/NAT10.png,NAT_10,တချို့လယ်သမားများသည် သီးနှံမအောင်မြင်ခြင်းနှင့် အကြွေးတင်ခြင်းကြောင့် လယ်ယာများကို ရောင်းချရသည်။,NAT
Writer09,Writer09/NAT11.png,NAT_11,ဤသည်ကို ကြိုတင်သိရှိလိုဟန်ဖြင့် သူသည် မချိုမချဉ်ပြုံးကာ အဝေးသို့သာ ငေးရီနေသည်။,NAT
Writer09,Writer09/NAT12.png,NAT_12,ကမ္ဘာပေါ်ရှိ လူများသည် မတူညီသော ယဉ်ကျေးမှုနှင့် အတွေးအခေါ်များကို လက်ခံထားကြသည်။,NAT
Writer09,Writer09/NAT13.png,NAT_13,နေဝင်ချိန်တွင် ကောင်းကင်သည် လိမ္မော်ရောင်သို့ တဖြည်းဖြည်း ပြောင်းလဲသွားသည်။,NAT
Writer09,Writer09/NAT14.png,NAT_14,ခင်ဗျားတို့ မမေးခင်မှာပင် ကျွန်တော် ဖြေကြားရန် အဆင်သင့်ဖြစ်နေပါပြီ။,NAT
Writer09,Writer09/NAT15.png,NAT_15,သဘာဝဘေးဒဏ်များနှင့် လူသားတို့၏ မှားယွင်းသော ဆုံးဖြတ်ချက်များကြောင့် ပြဿနာများ ဖြစ်ပေါ်လာတတ်သည်။,NAT
Writer09,Writer09/NAT16.png,NAT_16,ကြီးမားသော အလှည့်အပြောင်းပါဝင်သည့် ဆုံးဖြတ်ချက်တစ်ခု ဖြစ်နေပါသလား။,NAT
Writer09,Writer09/NAT17.png,NAT_17,ကျွန်တော် ဌာနသို့ စတင်ရောက်ရှိလာသည့်အချိန်ကို ယနေ့တိုင် မှတ်မိနေသေးသည်။,NAT
Writer09,Writer09/NAT18.png,NAT_18,ကဗျာဆရာ၏ အတွေးရထားသည် လောကသံလမ်းတစ်နေရာတွင် ဘီးချော်တိမ်းမှောက်ခဲ့ပြီလား။,NAT
Writer09,Writer09/NAT19.png,NAT_19,ဒီနေ့ မိုးအနည်းငယ် ရွာနိုင်ပါတယ်။,NAT
Writer09,Writer09/NAT20.png,NAT_20,ကျွန်တော် မနက်တိုင်း လမ်းလျှောက်လေ့ရှိပါတယ်။,NAT
Writer09,Writer09/NAT21.png,NAT_21,ကလေးများသည် ကျောင်းဝင်းထဲတွင် ကစားနေကြသည်။,NAT
Writer09,Writer09/NAT22.png,NAT_22,မိသားစုအားလုံး ညစာအတူတူ စားကြသည်။,NAT
Writer09,Writer09/NAT23.png,NAT_23,သူမသည် စာကြည့်တိုက်မှ စာအုပ်တစ်အုပ် ငှားလာခဲ့သည်။,NAT
Writer09,Writer09/NAT24.png,NAT_24,ကျွန်တော်တို့ မနက်ဖြန် ခရီးထွက်ရန် စီစဉ်ထားသည်။,NAT
Writer09,Writer09/NAT25.png,NAT_25,လယ်သမားများသည် လယ်ကွင်းထဲတွင် အလုပ်လုပ်နေကြသည်။,NAT
Writer09,Writer09/NAT26.png,NAT_26,ရထားသည် နံနက် ကိုးနာရီတွင် ဘူတာသို့ ရောက်မည်။,NAT
Writer09,Writer09/NAT27.png,NAT_27,သူသည် ကော်ဖီတစ်ခွက် သောက်ပြီး အလုပ်စတင်ခဲ့သည်။,NAT
Writer09,Writer09/NAT28.png,NAT_28,မြန်မာနိုင်ငံတွင် ရိုးရာပွဲတော်များစွာ ရှိသည်။,NAT
Writer09,Writer09/NAT29.png,NAT_29,စျေးထဲတွင် လတ်ဆတ်သော သစ်သီးများ ရောင်းချနေသည်။,NAT
Writer09,Writer09/NAT30.png,NAT_30,ကျောင်းသားများသည် စာမေးပွဲအတွက် ကြိုးစားလေ့လာနေကြသည်။,NAT
Writer09,Writer09/NONCE01.png,NONCE_01,သျှိုင်းကွိမ်,NONCE
Writer09,Writer09/NONCE02.png,NONCE_02,ပြွမ်းဂျိန်,NONCE
Writer09,Writer09/NONCE03.png,NONCE_03,ညွှောင့်ပိမ်,NONCE
Writer09,Writer09/NONCE04.png,NONCE_04,ချွိန်ဖျော့,NONCE
Writer09,Writer09/NONCE05.png,NONCE_05,မြှိမ်းဇွက်,NONCE
Writer09,Writer09/NONCE06.png,NONCE_06,ကျွိုင်းဗြန်,NONCE
Writer09,Writer09/NONCE07.png,NONCE_07,ဖြွေးနိပ်,NONCE
Writer09,Writer09/NONCE08.png,NONCE_08,လျှိန်ဂွတ်,NONCE
Writer09,Writer09/NONCE09.png,NONCE_09,ပွှိုင်းဒျက်,NONCE
Writer09,Writer09/NONCE10.png,NONCE_10,ကြွိမ်းဖျန်,NONCE
Writer09,Writer09/RARE01.png,RARE_01,ဦးပညာကျော်သည် ၁၉၉၈ ခုနှစ်၊ မတ်လ ၂၃ ရက်နေ့တွင် မွေးဖွားခဲ့သည်။,RARE
Writer09,Writer09/RARE02.png,RARE_02,အမှတ် ၁၂၇၊ သရဖီလမ်း၊ ရတနာပုံမြို့နယ်တွင် နေထိုင်သည်။,RARE
Writer09,Writer09/RARE03.png,RARE_03,ဆက်သွယ်ရန် ဖုန်းနံပါတ်မှာ ၀၉-၇၈၁၂၃၄၅၆၇ ဖြစ်သည်။,RARE
Writer09,Writer09/RARE04.png,RARE_04,"စုစုပေါင်းကျသင့်ငွေမှာ ၁၂၈,၅၀၀ ကျပ် ဖြစ်သည်။",RARE
Writer09,Writer09/RARE05.png,RARE_05,မန္တလေးမှ မြစ်ကြီးနားသို့ ရထားအမှတ် ၃၅ ဖြင့် ထွက်ခွာမည်။,RARE
Writer09,Writer09/RARE06.png,RARE_06,ဒေါက်တာ သီဟဇော်ထွန်းသည် အဏုဇီဝဗေဒကို လေ့လာနေသည်။,RARE
Writer09,Writer09/RARE07.png,RARE_07,သင်တန်းအမှတ်စဉ် ML-၂၀၂၆-၀၇ ကို ဇူလိုင်လ ၁၅ ရက်နေ့တွင် စတင်မည်။,RARE
Writer09,Writer09/RARE08.png,RARE_08,ကန့်ဘလူမြို့နယ်၊ ထန်းကုန်းကျေးရွာတွင် စမ်းသပ်မှု ပြုလုပ်ခဲ့သည်။,RARE
Writer09,Writer09/RARE09.png,RARE_09,ဓာတ်ခွဲနမူနာကုဒ် BMY-၄၂၁၇ ကို အအေးခန်းထဲတွင် သိမ်းဆည်းထားသည်။,RARE
Writer09,Writer09/RARE10.png,RARE_10,ရှေးဟောင်းကျောက်စာကို မြန်မာသက္ကရာဇ် ၁၂၃၄ ခုနှစ်တွင် ရေးထိုးခဲ့သည်။,RARE
Writer10,Writer10/NAT01.png,NAT_01,အစောပိုင်း အမျိုးသမီးစာရေးဆရာများသည် စာရေးခြင်းဖြင့် ရပ်တည်ရန် အခက်အခဲများ ကြုံခဲ့ရသည်။,NAT
Writer10,Writer10/NAT02.png,NAT_02,မမလေးက ပြည်တွင်းယဉ်ကျေးမှုဘက်ကို အားပြုပြီး ကြည်အေးက လူသားဝါဒကို အသားပေးပါတယ်။,NAT
Writer10,Writer10/NAT03.png,NAT_03,သူသည် အကြောင်းအရာများကို သွယ်ဝိုက်ရေးသားတတ်သောကြောင့် စာဖတ်သူများ၏ စိတ်ဝင်စားမှုကို ရရှိခဲ့သည်။,NAT
Writer10,Writer10/NAT04.png,NAT_04,တစ်ခါက ဒီဝတ္ထုကြီးကို အကောင်းဆုံး မြန်မာဝတ္ထုရှည် ၅ ပုဒ်တွင် ပါဝင်သည်ဟု ချီးမွမ်းခဲ့ကြသည်။,NAT
Writer10,Writer10/NAT05.png,NAT_05,ကျောင်းသားလူငယ်များသည် လူငယ်များပီပီ ပျော်ပျော်ရွှင်ရွှင် နေချင်ကြသည်။,NAT
Writer10,Writer10/NAT06.png,NAT_06,ကျွန်မတို့နိုင်ငံသည် အရင်က လူတန်းစားများအကြား ကွာခြားမှုနည်းသော နိုင်ငံအဖြစ် လူသိများခဲ့သည်။,NAT
Writer10,Writer10/NAT07.png,NAT_07,လူတန်းစားများအကြား ကွာဟမှုကြီးထွားစေသော ကိစ္စများကို သေချာစွာ လေ့လာသင့်သည်။,NAT
Writer10,Writer10/NAT08.png,NAT_08,လယ်သမားများသည် သီးနှံကောင်းကောင်း ရရှိရန် နေ့စဉ် ကြိုးစားအလုပ်လုပ်ကြသည်။,NAT
Writer10,Writer10/NAT09.png,NAT_09,သုတေသနအဖွဲ့သည် လယ်သမားများ၏ အခြေအနေကို မေးမြန်းလေ့လာခဲ့သည်။,NAT
Writer10,Writer10/NAT10.png,NAT_10,တချို့လယ်သမားများသည် သီးနှံမအောင်မြင်ခြင်းနှင့် အကြွေးတင်ခြင်းကြောင့် လယ်ယာများကို ရောင်းချရသည်။,NAT
Writer10,Writer10/NAT11.png,NAT_11,ဤသည်ကို ကြိုတင်သိရှိလိုဟန်ဖြင့် သူသည် မချိုမချဉ်ပြုံးကာ အဝေးသို့သာ ငေးရီနေသည်။,NAT
Writer10,Writer10/NAT12.png,NAT_12,ကမ္ဘာပေါ်ရှိ လူများသည် မတူညီသော ယဉ်ကျေးမှုနှင့် အတွေးအခေါ်များကို လက်ခံထားကြသည်။,NAT
Writer10,Writer10/NAT13.png,NAT_13,နေဝင်ချိန်တွင် ကောင်းကင်သည် လိမ္မော်ရောင်သို့ တဖြည်းဖြည်း ပြောင်းလဲသွားသည်။,NAT
Writer10,Writer10/NAT14.png,NAT_14,ခင်ဗျားတို့ မမေးခင်မှာပင် ကျွန်တော် ဖြေကြားရန် အဆင်သင့်ဖြစ်နေပါပြီ။,NAT
Writer10,Writer10/NAT15.png,NAT_15,သဘာဝဘေးဒဏ်များနှင့် လူသားတို့၏ မှားယွင်းသော ဆုံးဖြတ်ချက်များကြောင့် ပြဿနာများ ဖြစ်ပေါ်လာတတ်သည်။,NAT
Writer10,Writer10/NAT16.png,NAT_16,ကြီးမားသော အလှည့်အပြောင်းပါဝင်သည့် ဆုံးဖြတ်ချက်တစ်ခု ဖြစ်နေပါသလား။,NAT
Writer10,Writer10/NAT17.png,NAT_17,ကျွန်တော် ဌာနသို့ စတင်ရောက်ရှိလာသည့်အချိန်ကို ယနေ့တိုင် မှတ်မိနေသေးသည်။,NAT
Writer10,Writer10/NAT18.png,NAT_18,ကဗျာဆရာ၏ အတွေးရထားသည် လောကသံလမ်းတစ်နေရာတွင် ဘီးချော်တိမ်းမှောက်ခဲ့ပြီလား။,NAT
Writer10,Writer10/NAT19.png,NAT_19,ဒီနေ့ မိုးအနည်းငယ် ရွာနိုင်ပါတယ်။,NAT
Writer10,Writer10/NAT20.png,NAT_20,ကျွန်တော် မနက်တိုင်း လမ်းလျှောက်လေ့ရှိပါတယ်။,NAT
Writer10,Writer10/NAT21.png,NAT_21,ကလေးများသည် ကျောင်းဝင်းထဲတွင် ကစားနေကြသည်။,NAT
Writer10,Writer10/NAT22.png,NAT_22,မိသားစုအားလုံး ညစာအတူတူ စားကြသည်။,NAT
Writer10,Writer10/NAT23.png,NAT_23,သူမသည် စာကြည့်တိုက်မှ စာအုပ်တစ်အုပ် ငှားလာခဲ့သည်။,NAT
Writer10,Writer10/NAT24.png,NAT_24,ကျွန်တော်တို့ မနက်ဖြန် ခရီးထွက်ရန် စီစဉ်ထားသည်။,NAT
Writer10,Writer10/NAT25.png,NAT_25,လယ်သမားများသည် လယ်ကွင်းထဲတွင် အလုပ်လုပ်နေကြသည်။,NAT
Writer10,Writer10/NAT26.png,NAT_26,ရထားသည် နံနက် ကိုးနာရီတွင် ဘူတာသို့ ရောက်မည်။,NAT
Writer10,Writer10/NAT27.png,NAT_27,သူသည် ကော်ဖီတစ်ခွက် သောက်ပြီး အလုပ်စတင်ခဲ့သည်။,NAT
Writer10,Writer10/NAT28.png,NAT_28,မြန်မာနိုင်ငံတွင် ရိုးရာပွဲတော်များစွာ ရှိသည်။,NAT
Writer10,Writer10/NAT29.png,NAT_29,စျေးထဲတွင် လတ်ဆတ်သော သစ်သီးများ ရောင်းချနေသည်။,NAT
Writer10,Writer10/NAT30.png,NAT_30,ကျောင်းသားများသည် စာမေးပွဲအတွက် ကြိုးစားလေ့လာနေကြသည်။,NAT
Writer10,Writer10/NONCE01.png,NONCE_01,သျှိုင်းကွိမ်,NONCE
Writer10,Writer10/NONCE02.png,NONCE_02,ပြွမ်းဂျိန်,NONCE
Writer10,Writer10/NONCE03.png,NONCE_03,ညွှောင့်ပိမ်,NONCE
Writer10,Writer10/NONCE04.png,NONCE_04,ချွိန်ဖျော့,NONCE
Writer10,Writer10/NONCE05.png,NONCE_05,မြှိမ်းဇွက်,NONCE
Writer10,Writer10/NONCE06.png,NONCE_06,ကျွိုင်းဗြန်,NONCE
Writer10,Writer10/NONCE07.png,NONCE_07,ဖြွေးနိပ်,NONCE
Writer10,Writer10/NONCE08.png,NONCE_08,လျှိန်ဂွတ်,NONCE
Writer10,Writer10/NONCE09.png,NONCE_09,ပွှိုင်းဒျက်,NONCE
Writer10,Writer10/NONCE10.png,NONCE_10,ကြွိမ်းဖျန်,NONCE
Writer10,Writer10/RARE01.png,RARE_01,ဦးပညာကျော်သည် ၁၉၉၈ ခုနှစ်၊ မတ်လ ၂၃ ရက်နေ့တွင် မွေးဖွားခဲ့သည်။,RARE
Writer10,Writer10/RARE02.png,RARE_02,အမှတ် ၁၂၇၊ သရဖီလမ်း၊ ရတနာပုံမြို့နယ်တွင် နေထိုင်သည်။,RARE
Writer10,Writer10/RARE03.png,RARE_03,ဆက်သွယ်ရန် ဖုန်းနံပါတ်မှာ ၀၉-၇၈၁၂၃၄၅၆၇ ဖြစ်သည်။,RARE
Writer10,Writer10/RARE04.png,RARE_04,"စုစုပေါင်းကျသင့်ငွေမှာ ၁၂၈,၅၀၀ ကျပ် ဖြစ်သည်။",RARE
Writer10,Writer10/RARE05.png,RARE_05,မန္တလေးမှ မြစ်ကြီးနားသို့ ရထားအမှတ် ၃၅ ဖြင့် ထွက်ခွာမည်။,RARE
Writer10,Writer10/RARE06.png,RARE_06,ဒေါက်တာ သီဟဇော်ထွန်းသည် အဏုဇီဝဗေဒကို လေ့လာနေသည်။,RARE
Writer10,Writer10/RARE07.png,RARE_07,သင်တန်းအမှတ်စဉ် ML-၂၀၂၆-၀၇ ကို ဇူလိုင်လ ၁၅ ရက်နေ့တွင် စတင်မည်။,RARE
Writer10,Writer10/RARE08.png,RARE_08,ကန့်ဘလူမြို့နယ်၊ ထန်းကုန်းကျေးရွာတွင် စမ်းသပ်မှု ပြုလုပ်ခဲ့သည်။,RARE
Writer10,Writer10/RARE09.png,RARE_09,ဓာတ်ခွဲနမူနာကုဒ် BMY-၄၂၁၇ ကို အအေးခန်းထဲတွင် သိမ်းဆည်းထားသည်။,RARE
Writer10,Writer10/RARE10.png,RARE_10,ရှေးဟောင်းကျောက်စာကို မြန်မာသက္ကရာဇ် ၁၂၃၄ ခုနှစ်တွင် ရေးထိုးခဲ့သည်။,RARE
Writer11,Writer11/NAT01.png,NAT_01,အစောပိုင်း အမျိုးသမီးစာရေးဆရာများသည် စာရေးခြင်းဖြင့် ရပ်တည်ရန် အခက်အခဲများ ကြုံခဲ့ရသည်။,NAT
Writer11,Writer11/NAT02.png,NAT_02,မမလေးက ပြည်တွင်းယဉ်ကျေးမှုဘက်ကို အားပြုပြီး ကြည်အေးက လူသားဝါဒကို အသားပေးပါတယ်။,NAT
Writer11,Writer11/NAT03.png,NAT_03,သူသည် အကြောင်းအရာများကို သွယ်ဝိုက်ရေးသားတတ်သောကြောင့် စာဖတ်သူများ၏ စိတ်ဝင်စားမှုကို ရရှိခဲ့သည်။,NAT
Writer11,Writer11/NAT04.png,NAT_04,တစ်ခါက ဒီဝတ္ထုကြီးကို အကောင်းဆုံး မြန်မာဝတ္ထုရှည် ၅ ပုဒ်တွင် ပါဝင်သည်ဟု ချီးမွမ်းခဲ့ကြသည်။,NAT
Writer11,Writer11/NAT05.png,NAT_05,ကျောင်းသားလူငယ်များသည် လူငယ်များပီပီ ပျော်ပျော်ရွှင်ရွှင် နေချင်ကြသည်။,NAT
Writer11,Writer11/NAT06.png,NAT_06,ကျွန်မတို့နိုင်ငံသည် အရင်က လူတန်းစားများအကြား ကွာခြားမှုနည်းသော နိုင်ငံအဖြစ် လူသိများခဲ့သည်။,NAT
Writer11,Writer11/NAT07.png,NAT_07,လူတန်းစားများအကြား ကွာဟမှုကြီးထွားစေသော ကိစ္စများကို သေချာစွာ လေ့လာသင့်သည်။,NAT
Writer11,Writer11/NAT08.png,NAT_08,လယ်သမားများသည် သီးနှံကောင်းကောင်း ရရှိရန် နေ့စဉ် ကြိုးစားအလုပ်လုပ်ကြသည်။,NAT
Writer11,Writer11/NAT09.png,NAT_09,သုတေသနအဖွဲ့သည် လယ်သမားများ၏ အခြေအနေကို မေးမြန်းလေ့လာခဲ့သည်။,NAT
Writer11,Writer11/NAT10.png,NAT_10,တချို့လယ်သမားများသည် သီးနှံမအောင်မြင်ခြင်းနှင့် အကြွေးတင်ခြင်းကြောင့် လယ်ယာများကို ရောင်းချရသည်။,NAT
Writer11,Writer11/NAT11.png,NAT_11,ဤသည်ကို ကြိုတင်သိရှိလိုဟန်ဖြင့် သူသည် မချိုမချဉ်ပြုံးကာ အဝေးသို့သာ ငေးရီနေသည်။,NAT
Writer11,Writer11/NAT12.png,NAT_12,ကမ္ဘာပေါ်ရှိ လူများသည် မတူညီသော ယဉ်ကျေးမှုနှင့် အတွေးအခေါ်များကို လက်ခံထားကြသည်။,NAT
Writer11,Writer11/NAT13.png,NAT_13,နေဝင်ချိန်တွင် ကောင်းကင်သည် လိမ္မော်ရောင်သို့ တဖြည်းဖြည်း ပြောင်းလဲသွားသည်။,NAT
Writer11,Writer11/NAT14.png,NAT_14,ခင်ဗျားတို့ မမေးခင်မှာပင် ကျွန်တော် ဖြေကြားရန် အဆင်သင့်ဖြစ်နေပါပြီ။,NAT
Writer11,Writer11/NAT15.png,NAT_15,သဘာဝဘေးဒဏ်များနှင့် လူသားတို့၏ မှားယွင်းသော ဆုံးဖြတ်ချက်များကြောင့် ပြဿနာများ ဖြစ်ပေါ်လာတတ်သည်။,NAT
Writer11,Writer11/NAT16.png,NAT_16,ကြီးမားသော အလှည့်အပြောင်းပါဝင်သည့် ဆုံးဖြတ်ချက်တစ်ခု ဖြစ်နေပါသလား။,NAT
Writer11,Writer11/NAT17.png,NAT_17,ကျွန်တော် ဌာနသို့ စတင်ရောက်ရှိလာသည့်အချိန်ကို ယနေ့တိုင် မှတ်မိနေသေးသည်။,NAT
Writer11,Writer11/NAT18.png,NAT_18,ကဗျာဆရာ၏ အတွေးရထားသည် လောကသံလမ်းတစ်နေရာတွင် ဘီးချော်တိမ်းမှောက်ခဲ့ပြီလား။,NAT
Writer11,Writer11/NAT19.png,NAT_19,ဒီနေ့ မိုးအနည်းငယ် ရွာနိုင်ပါတယ်။,NAT
Writer11,Writer11/NAT20.png,NAT_20,ကျွန်တော် မနက်တိုင်း လမ်းလျှောက်လေ့ရှိပါတယ်။,NAT
Writer11,Writer11/NAT21.png,NAT_21,ကလေးများသည် ကျောင်းဝင်းထဲတွင် ကစားနေကြသည်။,NAT
Writer11,Writer11/NAT22.png,NAT_22,မိသားစုအားလုံး ညစာအတူတူ စားကြသည်။,NAT
Writer11,Writer11/NAT23.png,NAT_23,သူမသည် စာကြည့်တိုက်မှ စာအုပ်တစ်အုပ် ငှားလာခဲ့သည်။,NAT
Writer11,Writer11/NAT24.png,NAT_24,ကျွန်တော်တို့ မနက်ဖြန် ခရီးထွက်ရန် စီစဉ်ထားသည်။,NAT
Writer11,Writer11/NAT25.png,NAT_25,လယ်သမားများသည် လယ်ကွင်းထဲတွင် အလုပ်လုပ်နေကြသည်။,NAT
Writer11,Writer11/NAT26.png,NAT_26,ရထားသည် နံနက် ကိုးနာရီတွင် ဘူတာသို့ ရောက်မည်။,NAT
Writer11,Writer11/NAT27.png,NAT_27,သူသည် ကော်ဖီတစ်ခွက် သောက်ပြီး အလုပ်စတင်ခဲ့သည်။,NAT
Writer11,Writer11/NAT28.png,NAT_28,မြန်မာနိုင်ငံတွင် ရိုးရာပွဲတော်များစွာ ရှိသည်။,NAT
Writer11,Writer11/NAT29.png,NAT_29,စျေးထဲတွင် လတ်ဆတ်သော သစ်သီးများ ရောင်းချနေသည်။,NAT
Writer11,Writer11/NAT30.png,NAT_30,ကျောင်းသားများသည် စာမေးပွဲအတွက် ကြိုးစားလေ့လာနေကြသည်။,NAT
Writer11,Writer11/NONCE01.png,NONCE_01,သျှိုင်းကွိမ်,NONCE
Writer11,Writer11/NONCE02.png,NONCE_02,ပြွမ်းဂျိန်,NONCE
Writer11,Writer11/NONCE03.png,NONCE_03,ညွှောင့်ပိမ်,NONCE
Writer11,Writer11/NONCE04.png,NONCE_04,ချွိန်ဖျော့,NONCE
Writer11,Writer11/NONCE05.png,NONCE_05,မြှိမ်းဇွက်,NONCE
Writer11,Writer11/NONCE06.png,NONCE_06,ကျွိုင်းဗြန်,NONCE
Writer11,Writer11/NONCE07.png,NONCE_07,ဖြွေးနိပ်,NONCE
Writer11,Writer11/NONCE08.png,NONCE_08,လျှိန်ဂွတ်,NONCE
Writer11,Writer11/NONCE09.png,NONCE_09,ပွှိုင်းဒျက်,NONCE
Writer11,Writer11/NONCE10.png,NONCE_10,ကြွိမ်းဖျန်,NONCE
Writer11,Writer11/RARE01.png,RARE_01,ဦးပညာကျော်သည် ၁၉၉၈ ခုနှစ်၊ မတ်လ ၂၃ ရက်နေ့တွင် မွေးဖွားခဲ့သည်။,RARE
Writer11,Writer11/RARE02.png,RARE_02,အမှတ် ၁၂၇၊ သရဖီလမ်း၊ ရတနာပုံမြို့နယ်တွင် နေထိုင်သည်။,RARE
Writer11,Writer11/RARE03.png,RARE_03,ဆက်သွယ်ရန် ဖုန်းနံပါတ်မှာ ၀၉-၇၈၁၂၃၄၅၆၇ ဖြစ်သည်။,RARE
Writer11,Writer11/RARE04.png,RARE_04,"စုစုပေါင်းကျသင့်ငွေမှာ ၁၂၈,၅၀၀ ကျပ် ဖြစ်သည်။",RARE
Writer11,Writer11/RARE05.png,RARE_05,မန္တလေးမှ မြစ်ကြီးနားသို့ ရထားအမှတ် ၃၅ ဖြင့် ထွက်ခွာမည်။,RARE
Writer11,Writer11/RARE06.png,RARE_06,ဒေါက်တာ သီဟဇော်ထွန်းသည် အဏုဇီဝဗေဒကို လေ့လာနေသည်။,RARE
Writer11,Writer11/RARE07.png,RARE_07,သင်တန်းအမှတ်စဉ် ML-၂၀၂၆-၀၇ ကို ဇူလိုင်လ ၁၅ ရက်နေ့တွင် စတင်မည်။,RARE
Writer11,Writer11/RARE08.png,RARE_08,ကန့်ဘလူမြို့နယ်၊ ထန်းကုန်းကျေးရွာတွင် စမ်းသပ်မှု ပြုလုပ်ခဲ့သည်။,RARE
Writer11,Writer11/RARE09.png,RARE_09,ဓာတ်ခွဲနမူနာကုဒ် BMY-၄၂၁၇ ကို အအေးခန်းထဲတွင် သိမ်းဆည်းထားသည်။,RARE
Writer11,Writer11/RARE10.png,RARE_10,ရှေးဟောင်းကျောက်စာကို မြန်မာသက္ကရာဇ် ၁၂၃၄ ခုနှစ်တွင် ရေးထိုးခဲ့သည်။,RARE
Writer12,Writer12/NAT01.png,NAT_01,အစောပိုင်း အမျိုးသမီးစာရေးဆရာများသည် စာရေးခြင်းဖြင့် ရပ်တည်ရန် အခက်အခဲများ ကြုံခဲ့ရသည်။,NAT
Writer12,Writer12/NAT02.png,NAT_02,မမလေးက ပြည်တွင်းယဉ်ကျေးမှုဘက်ကို အားပြုပြီး ကြည်အေးက လူသားဝါဒကို အသားပေးပါတယ်။,NAT
Writer12,Writer12/NAT03.png,NAT_03,သူသည် အကြောင်းအရာများကို သွယ်ဝိုက်ရေးသားတတ်သောကြောင့် စာဖတ်သူများ၏ စိတ်ဝင်စားမှုကို ရရှိခဲ့သည်။,NAT
Writer12,Writer12/NAT04.png,NAT_04,တစ်ခါက ဒီဝတ္ထုကြီးကို အကောင်းဆုံး မြန်မာဝတ္ထုရှည် ၅ ပုဒ်တွင် ပါဝင်သည်ဟု ချီးမွမ်းခဲ့ကြသည်။,NAT
Writer12,Writer12/NAT05.png,NAT_05,ကျောင်းသားလူငယ်များသည် လူငယ်များပီပီ ပျော်ပျော်ရွှင်ရွှင် နေချင်ကြသည်။,NAT
Writer12,Writer12/NAT06.png,NAT_06,ကျွန်မတို့နိုင်ငံသည် အရင်က လူတန်းစားများအကြား ကွာခြားမှုနည်းသော နိုင်ငံအဖြစ် လူသိများခဲ့သည်။,NAT
Writer12,Writer12/NAT07.png,NAT_07,လူတန်းစားများအကြား ကွာဟမှုကြီးထွားစေသော ကိစ္စများကို သေချာစွာ လေ့လာသင့်သည်။,NAT
Writer12,Writer12/NAT08.png,NAT_08,လယ်သမားများသည် သီးနှံကောင်းကောင်း ရရှိရန် နေ့စဉ် ကြိုးစားအလုပ်လုပ်ကြသည်။,NAT
Writer12,Writer12/NAT09.png,NAT_09,သုတေသနအဖွဲ့သည် လယ်သမားများ၏ အခြေအနေကို မေးမြန်းလေ့လာခဲ့သည်။,NAT
Writer12,Writer12/NAT10.png,NAT_10,တချို့လယ်သမားများသည် သီးနှံမအောင်မြင်ခြင်းနှင့် အကြွေးတင်ခြင်းကြောင့် လယ်ယာများကို ရောင်းချရသည်။,NAT
Writer12,Writer12/NAT11.png,NAT_11,ဤသည်ကို ကြိုတင်သိရှိလိုဟန်ဖြင့် သူသည် မချိုမချဉ်ပြုံးကာ အဝေးသို့သာ ငေးရီနေသည်။,NAT
Writer12,Writer12/NAT12.png,NAT_12,ကမ္ဘာပေါ်ရှိ လူများသည် မတူညီသော ယဉ်ကျေးမှုနှင့် အတွေးအခေါ်များကို လက်ခံထားကြသည်။,NAT
Writer12,Writer12/NAT13.png,NAT_13,နေဝင်ချိန်တွင် ကောင်းကင်သည် လိမ္မော်ရောင်သို့ တဖြည်းဖြည်း ပြောင်းလဲသွားသည်။,NAT
Writer12,Writer12/NAT14.png,NAT_14,ခင်ဗျားတို့ မမေးခင်မှာပင် ကျွန်တော် ဖြေကြားရန် အဆင်သင့်ဖြစ်နေပါပြီ။,NAT
Writer12,Writer12/NAT15.png,NAT_15,သဘာဝဘေးဒဏ်များနှင့် လူသားတို့၏ မှားယွင်းသော ဆုံးဖြတ်ချက်များကြောင့် ပြဿနာများ ဖြစ်ပေါ်လာတတ်သည်။,NAT
Writer12,Writer12/NAT16.png,NAT_16,ကြီးမားသော အလှည့်အပြောင်းပါဝင်သည့် ဆုံးဖြတ်ချက်တစ်ခု ဖြစ်နေပါသလား။,NAT
Writer12,Writer12/NAT17.png,NAT_17,ကျွန်တော် ဌာနသို့ စတင်ရောက်ရှိလာသည့်အချိန်ကို ယနေ့တိုင် မှတ်မိနေသေးသည်။,NAT
Writer12,Writer12/NAT18.png,NAT_18,ကဗျာဆရာ၏ အတွေးရထားသည် လောကသံလမ်းတစ်နေရာတွင် ဘီးချော်တိမ်းမှောက်ခဲ့ပြီလား။,NAT
Writer12,Writer12/NAT19.png,NAT_19,ဒီနေ့ မိုးအနည်းငယ် ရွာနိုင်ပါတယ်။,NAT
Writer12,Writer12/NAT20.png,NAT_20,ကျွန်တော် မနက်တိုင်း လမ်းလျှောက်လေ့ရှိပါတယ်။,NAT
Writer12,Writer12/NAT21.png,NAT_21,ကလေးများသည် ကျောင်းဝင်းထဲတွင် ကစားနေကြသည်။,NAT
Writer12,Writer12/NAT22.png,NAT_22,မိသားစုအားလုံး ညစာအတူတူ စားကြသည်။,NAT
Writer12,Writer12/NAT23.png,NAT_23,သူမသည် စာကြည့်တိုက်မှ စာအုပ်တစ်အုပ် ငှားလာခဲ့သည်။,NAT
Writer12,Writer12/NAT24.png,NAT_24,ကျွန်တော်တို့ မနက်ဖြန် ခရီးထွက်ရန် စီစဉ်ထားသည်။,NAT
Writer12,Writer12/NAT25.png,NAT_25,လယ်သမားများသည် လယ်ကွင်းထဲတွင် အလုပ်လုပ်နေကြသည်။,NAT
Writer12,Writer12/NAT26.png,NAT_26,ရထားသည် နံနက် ကိုးနာရီတွင် ဘူတာသို့ ရောက်မည်။,NAT
Writer12,Writer12/NAT27.png,NAT_27,သူသည် ကော်ဖီတစ်ခွက် သောက်ပြီး အလုပ်စတင်ခဲ့သည်။,NAT
Writer12,Writer12/NAT28.png,NAT_28,မြန်မာနိုင်ငံတွင် ရိုးရာပွဲတော်များစွာ ရှိသည်။,NAT
Writer12,Writer12/NAT29.png,NAT_29,စျေးထဲတွင် လတ်ဆတ်သော သစ်သီးများ ရောင်းချနေသည်။,NAT
Writer12,Writer12/NAT30.png,NAT_30,ကျောင်းသားများသည် စာမေးပွဲအတွက် ကြိုးစားလေ့လာနေကြသည်။,NAT
Writer12,Writer12/NONCE01.png,NONCE_01,သျှိုင်းကွိမ်,NONCE
Writer12,Writer12/NONCE02.png,NONCE_02,ပြွမ်းဂျိန်,NONCE
Writer12,Writer12/NONCE03.png,NONCE_03,ညွှောင့်ပိမ်,NONCE
Writer12,Writer12/NONCE04.png,NONCE_04,ချွိန်ဖျော့,NONCE
Writer12,Writer12/NONCE05.png,NONCE_05,မြှိမ်းဇွက်,NONCE
Writer12,Writer12/NONCE06.png,NONCE_06,ကျွိုင်းဗြန်,NONCE
Writer12,Writer12/NONCE07.png,NONCE_07,ဖြွေးနိပ်,NONCE
Writer12,Writer12/NONCE08.png,NONCE_08,လျှိန်ဂွတ်,NONCE
Writer12,Writer12/NONCE09.png,NONCE_09,ပွှိုင်းဒျက်,NONCE
Writer12,Writer12/NONCE10.png,NONCE_10,ကြွိမ်းဖျန်,NONCE
Writer12,Writer12/RARE01.png,RARE_01,ဦးပညာကျော်သည် ၁၉၉၈ ခုနှစ်၊ မတ်လ ၂၃ ရက်နေ့တွင် မွေးဖွားခဲ့သည်။,RARE
Writer12,Writer12/RARE02.png,RARE_02,အမှတ် ၁၂၇၊ သရဖီလမ်း၊ ရတနာပုံမြို့နယ်တွင် နေထိုင်သည်။,RARE
Writer12,Writer12/RARE03.png,RARE_03,ဆက်သွယ်ရန် ဖုန်းနံပါတ်မှာ ၀၉-၇၈၁၂၃၄၅၆၇ ဖြစ်သည်။,RARE
Writer12,Writer12/RARE04.png,RARE_04,"စုစုပေါင်းကျသင့်ငွေမှာ ၁၂၈,၅၀၀ ကျပ် ဖြစ်သည်။",RARE
Writer12,Writer12/RARE05.png,RARE_05,မန္တလေးမှ မြစ်ကြီးနားသို့ ရထားအမှတ် ၃၅ ဖြင့် ထွက်ခွာမည်။,RARE
Writer12,Writer12/RARE06.png,RARE_06,ဒေါက်တာ သီဟဇော်ထွန်းသည် အဏုဇီဝဗေဒကို လေ့လာနေသည်။,RARE
Writer12,Writer12/RARE07.png,RARE_07,သင်တန်းအမှတ်စဉ် ML-၂၀၂၆-၀၇ ကို ဇူလိုင်လ ၁၅ ရက်နေ့တွင် စတင်မည်။,RARE
Writer12,Writer12/RARE08.png,RARE_08,ကန့်ဘလူမြို့နယ်၊ ထန်းကုန်းကျေးရွာတွင် စမ်းသပ်မှု ပြုလုပ်ခဲ့သည်။,RARE
Writer12,Writer12/RARE09.png,RARE_09,ဓာတ်ခွဲနမူနာကုဒ် BMY-၄၂၁၇ ကို အအေးခန်းထဲတွင် သိမ်းဆည်းထားသည်။,RARE
Writer12,Writer12/RARE10.png,RARE_10,ရှေးဟောင်းကျောက်စာကို မြန်မာသက္ကရာဇ် ၁၂၃၄ ခုနှစ်တွင် ရေးထိုးခဲ့သည်။,RARE
Writer13,Writer13/NAT01.png,NAT_01,အစောပိုင်း အမျိုးသမီးစာရေးဆရာများသည် စာရေးခြင်းဖြင့် ရပ်တည်ရန် အခက်အခဲများ ကြုံခဲ့ရသည်။,NAT
Writer13,Writer13/NAT02.png,NAT_02,မမလေးက ပြည်တွင်းယဉ်ကျေးမှုဘက်ကို အားပြုပြီး ကြည်အေးက လူသားဝါဒကို အသားပေးပါတယ်။,NAT
Writer13,Writer13/NAT03.png,NAT_03,သူသည် အကြောင်းအရာများကို သွယ်ဝိုက်ရေးသားတတ်သောကြောင့် စာဖတ်သူများ၏ စိတ်ဝင်စားမှုကို ရရှိခဲ့သည်။,NAT
Writer13,Writer13/NAT04.png,NAT_04,တစ်ခါက ဒီဝတ္ထုကြီးကို အကောင်းဆုံး မြန်မာဝတ္ထုရှည် ၅ ပုဒ်တွင် ပါဝင်သည်ဟု ချီးမွမ်းခဲ့ကြသည်။,NAT
Writer13,Writer13/NAT05.png,NAT_05,ကျောင်းသားလူငယ်များသည် လူငယ်များပီပီ ပျော်ပျော်ရွှင်ရွှင် နေချင်ကြသည်။,NAT
Writer13,Writer13/NAT06.png,NAT_06,ကျွန်မတို့နိုင်ငံသည် အရင်က လူတန်းစားများအကြား ကွာခြားမှုနည်းသော နိုင်ငံအဖြစ် လူသိများခဲ့သည်။,NAT
Writer13,Writer13/NAT07.png,NAT_07,လူတန်းစားများအကြား ကွာဟမှုကြီးထွားစေသော ကိစ္စများကို သေချာစွာ လေ့လာသင့်သည်။,NAT
Writer13,Writer13/NAT08.png,NAT_08,လယ်သမားများသည် သီးနှံကောင်းကောင်း ရရှိရန် နေ့စဉ် ကြိုးစားအလုပ်လုပ်ကြသည်။,NAT
Writer13,Writer13/NAT09.png,NAT_09,သုတေသနအဖွဲ့သည် လယ်သမားများ၏ အခြေအနေကို မေးမြန်းလေ့လာခဲ့သည်။,NAT
Writer13,Writer13/NAT10.png,NAT_10,တချို့လယ်သမားများသည် သီးနှံမအောင်မြင်ခြင်းနှင့် အကြွေးတင်ခြင်းကြောင့် လယ်ယာများကို ရောင်းချရသည်။,NAT
Writer13,Writer13/NAT11.png,NAT_11,ဤသည်ကို ကြိုတင်သိရှိလိုဟန်ဖြင့် သူသည် မချိုမချဉ်ပြုံးကာ အဝေးသို့သာ ငေးရီနေသည်။,NAT
Writer13,Writer13/NAT12.png,NAT_12,ကမ္ဘာပေါ်ရှိ လူများသည် မတူညီသော ယဉ်ကျေးမှုနှင့် အတွေးအခေါ်များကို လက်ခံထားကြသည်။,NAT
Writer13,Writer13/NAT13.png,NAT_13,နေဝင်ချိန်တွင် ကောင်းကင်သည် လိမ္မော်ရောင်သို့ တဖြည်းဖြည်း ပြောင်းလဲသွားသည်။,NAT
Writer13,Writer13/NAT14.png,NAT_14,ခင်ဗျားတို့ မမေးခင်မှာပင် ကျွန်တော် ဖြေကြားရန် အဆင်သင့်ဖြစ်နေပါပြီ။,NAT
Writer13,Writer13/NAT15.png,NAT_15,သဘာဝဘေးဒဏ်များနှင့် လူသားတို့၏ မှားယွင်းသော ဆုံးဖြတ်ချက်များကြောင့် ပြဿနာများ ဖြစ်ပေါ်လာတတ်သည်။,NAT
Writer13,Writer13/NAT16.png,NAT_16,ကြီးမားသော အလှည့်အပြောင်းပါဝင်သည့် ဆုံးဖြတ်ချက်တစ်ခု ဖြစ်နေပါသလား။,NAT
Writer13,Writer13/NAT17.png,NAT_17,ကျွန်တော် ဌာနသို့ စတင်ရောက်ရှိလာသည့်အချိန်ကို ယနေ့တိုင် မှတ်မိနေသေးသည်။,NAT
Writer13,Writer13/NAT18.png,NAT_18,ကဗျာဆရာ၏ အတွေးရထားသည် လောကသံလမ်းတစ်နေရာတွင် ဘီးချော်တိမ်းမှောက်ခဲ့ပြီလား။,NAT
Writer13,Writer13/NAT19.png,NAT_19,ဒီနေ့ မိုးအနည်းငယ် ရွာနိုင်ပါတယ်။,NAT
Writer13,Writer13/NAT20.png,NAT_20,ကျွန်တော် မနက်တိုင်း လမ်းလျှောက်လေ့ရှိပါတယ်။,NAT
Writer13,Writer13/NAT21.png,NAT_21,ကလေးများသည် ကျောင်းဝင်းထဲတွင် ကစားနေကြသည်။,NAT
Writer13,Writer13/NAT22.png,NAT_22,မိသားစုအားလုံး ညစာအတူတူ စားကြသည်။,NAT
Writer13,Writer13/NAT23.png,NAT_23,သူမသည် စာကြည့်တိုက်မှ စာအုပ်တစ်အုပ် ငှားလာခဲ့သည်။,NAT
Writer13,Writer13/NAT24.png,NAT_24,ကျွန်တော်တို့ မနက်ဖြန် ခရီးထွက်ရန် စီစဉ်ထားသည်။,NAT
Writer13,Writer13/NAT25.png,NAT_25,လယ်သမားများသည် လယ်ကွင်းထဲတွင် အလုပ်လုပ်နေကြသည်။,NAT
Writer13,Writer13/NAT26.png,NAT_26,ရထားသည် နံနက် ကိုးနာရီတွင် ဘူတာသို့ ရောက်မည်။,NAT
Writer13,Writer13/NAT27.png,NAT_27,သူသည် ကော်ဖီတစ်ခွက် သောက်ပြီး အလုပ်စတင်ခဲ့သည်။,NAT
Writer13,Writer13/NAT28.png,NAT_28,မြန်မာနိုင်ငံတွင် ရိုးရာပွဲတော်များစွာ ရှိသည်။,NAT
Writer13,Writer13/NAT29.png,NAT_29,စျေးထဲတွင် လတ်ဆတ်သော သစ်သီးများ ရောင်းချနေသည်။,NAT
Writer13,Writer13/NAT30.png,NAT_30,ကျောင်းသားများသည် စာမေးပွဲအတွက် ကြိုးစားလေ့လာနေကြသည်။,NAT
Writer13,Writer13/NONCE01.png,NONCE_01,သျှိုင်းကွိမ်,NONCE
Writer13,Writer13/NONCE02.png,NONCE_02,ပြွမ်းဂျိန်,NONCE
Writer13,Writer13/NONCE03.png,NONCE_03,ညွှောင့်ပိမ်,NONCE
Writer13,Writer13/NONCE04.png,NONCE_04,ချွိန်ဖျော့,NONCE
Writer13,Writer13/NONCE05.png,NONCE_05,မြှိမ်းဇွက်,NONCE
Writer13,Writer13/NONCE06.png,NONCE_06,ကျွိုင်းဗြန်,NONCE
Writer13,Writer13/NONCE07.png,NONCE_07,ဖြွေးနိပ်,NONCE
Writer13,Writer13/NONCE08.png,NONCE_08,လျှိန်ဂွတ်,NONCE
Writer13,Writer13/NONCE09.png,NONCE_09,ပွှိုင်းဒျက်,NONCE
Writer13,Writer13/NONCE10.png,NONCE_10,ကြွိမ်းဖျန်,NONCE
Writer13,Writer13/RARE01.png,RARE_01,ဦးပညာကျော်သည် ၁၉၉၈ ခုနှစ်၊ မတ်လ ၂၃ ရက်နေ့တွင် မွေးဖွားခဲ့သည်။,RARE
Writer13,Writer13/RARE02.png,RARE_02,အမှတ် ၁၂၇၊ သရဖီလမ်း၊ ရတနာပုံမြို့နယ်တွင် နေထိုင်သည်။,RARE
Writer13,Writer13/RARE03.png,RARE_03,ဆက်သွယ်ရန် ဖုန်းနံပါတ်မှာ ၀၉-၇၈၁၂၃၄၅၆၇ ဖြစ်သည်။,RARE
Writer13,Writer13/RARE04.png,RARE_04,"စုစုပေါင်းကျသင့်ငွေမှာ ၁၂၈,၅၀၀ ကျပ် ဖြစ်သည်။",RARE
Writer13,Writer13/RARE05.png,RARE_05,မန္တလေးမှ မြစ်ကြီးနားသို့ ရထားအမှတ် ၃၅ ဖြင့် ထွက်ခွာမည်။,RARE
Writer13,Writer13/RARE06.png,RARE_06,ဒေါက်တာ သီဟဇော်ထွန်းသည် အဏုဇီဝဗေဒကို လေ့လာနေသည်။,RARE
Writer13,Writer13/RARE07.png,RARE_07,သင်တန်းအမှတ်စဉ် ML-၂၀၂၆-၀၇ ကို ဇူလိုင်လ ၁၅ ရက်နေ့တွင် စတင်မည်။,RARE
Writer13,Writer13/RARE08.png,RARE_08,ကန့်ဘလူမြို့နယ်၊ ထန်းကုန်းကျေးရွာတွင် စမ်းသပ်မှု ပြုလုပ်ခဲ့သည်။,RARE
Writer13,Writer13/RARE09.png,RARE_09,ဓာတ်ခွဲနမူနာကုဒ် BMY-၄၂၁၇ ကို အအေးခန်းထဲတွင် သိမ်းဆည်းထားသည်။,RARE
Writer13,Writer13/RARE10.png,RARE_10,ရှေးဟောင်းကျောက်စာကို မြန်မာသက္ကရာဇ် ၁၂၃၄ ခုနှစ်တွင် ရေးထိုးခဲ့သည်။,RARE
Writer14,Writer14/NAT01.png,NAT_01,အစောပိုင်း အမျိုးသမီးစာရေးဆရာများသည် စာရေးခြင်းဖြင့် ရပ်တည်ရန် အခက်အခဲများ ကြုံခဲ့ရသည်။,NAT
Writer14,Writer14/NAT02.png,NAT_02,မမလေးက ပြည်တွင်းယဉ်ကျေးမှုဘက်ကို အားပြုပြီး ကြည်အေးက လူသားဝါဒကို အသားပေးပါတယ်။,NAT
Writer14,Writer14/NAT03.png,NAT_03,သူသည် အကြောင်းအရာများကို သွယ်ဝိုက်ရေးသားတတ်သောကြောင့် စာဖတ်သူများ၏ စိတ်ဝင်စားမှုကို ရရှိခဲ့သည်။,NAT
Writer14,Writer14/NAT04.png,NAT_04,တစ်ခါက ဒီဝတ္ထုကြီးကို အကောင်းဆုံး မြန်မာဝတ္ထုရှည် ၅ ပုဒ်တွင် ပါဝင်သည်ဟု ချီးမွမ်းခဲ့ကြသည်။,NAT
Writer14,Writer14/NAT05.png,NAT_05,ကျောင်းသားလူငယ်များသည် လူငယ်များပီပီ ပျော်ပျော်ရွှင်ရွှင် နေချင်ကြသည်။,NAT
Writer14,Writer14/NAT06.png,NAT_06,ကျွန်မတို့နိုင်ငံသည် အရင်က လူတန်းစားများအကြား ကွာခြားမှုနည်းသော နိုင်ငံအဖြစ် လူသိများခဲ့သည်။,NAT
Writer14,Writer14/NAT07.png,NAT_07,လူတန်းစားများအကြား ကွာဟမှုကြီးထွားစေသော ကိစ္စများကို သေချာစွာ လေ့လာသင့်သည်။,NAT
Writer14,Writer14/NAT08.png,NAT_08,လယ်သမားများသည် သီးနှံကောင်းကောင်း ရရှိရန် နေ့စဉ် ကြိုးစားအလုပ်လုပ်ကြသည်။,NAT
Writer14,Writer14/NAT09.png,NAT_09,သုတေသနအဖွဲ့သည် လယ်သမားများ၏ အခြေအနေကို မေးမြန်းလေ့လာခဲ့သည်။,NAT
Writer14,Writer14/NAT10.png,NAT_10,တချို့လယ်သမားများသည် သီးနှံမအောင်မြင်ခြင်းနှင့် အကြွေးတင်ခြင်းကြောင့် လယ်ယာများကို ရောင်းချရသည်။,NAT
Writer14,Writer14/NAT11.png,NAT_11,ဤသည်ကို ကြိုတင်သိရှိလိုဟန်ဖြင့် သူသည် မချိုမချဉ်ပြုံးကာ အဝေးသို့သာ ငေးရီနေသည်။,NAT
Writer14,Writer14/NAT12.png,NAT_12,ကမ္ဘာပေါ်ရှိ လူများသည် မတူညီသော ယဉ်ကျေးမှုနှင့် အတွေးအခေါ်များကို လက်ခံထားကြသည်။,NAT
Writer14,Writer14/NAT13.png,NAT_13,နေဝင်ချိန်တွင် ကောင်းကင်သည် လိမ္မော်ရောင်သို့ တဖြည်းဖြည်း ပြောင်းလဲသွားသည်။,NAT
Writer14,Writer14/NAT14.png,NAT_14,ခင်ဗျားတို့ မမေးခင်မှာပင် ကျွန်တော် ဖြေကြားရန် အဆင်သင့်ဖြစ်နေပါပြီ။,NAT
Writer14,Writer14/NAT15.png,NAT_15,သဘာဝဘေးဒဏ်များနှင့် လူသားတို့၏ မှားယွင်းသော ဆုံးဖြတ်ချက်များကြောင့် ပြဿနာများ ဖြစ်ပေါ်လာတတ်သည်။,NAT
Writer14,Writer14/NAT16.png,NAT_16,ကြီးမားသော အလှည့်အပြောင်းပါဝင်သည့် ဆုံးဖြတ်ချက်တစ်ခု ဖြစ်နေပါသလား။,NAT
Writer14,Writer14/NAT17.png,NAT_17,ကျွန်တော် ဌာနသို့ စတင်ရောက်ရှိလာသည့်အချိန်ကို ယနေ့တိုင် မှတ်မိနေသေးသည်။,NAT
Writer14,Writer14/NAT18.png,NAT_18,ကဗျာဆရာ၏ အတွေးရထားသည် လောကသံလမ်းတစ်နေရာတွင် ဘီးချော်တိမ်းမှောက်ခဲ့ပြီလား။,NAT
Writer14,Writer14/NAT19.png,NAT_19,ဒီနေ့ မိုးအနည်းငယ် ရွာနိုင်ပါတယ်။,NAT
Writer14,Writer14/NAT20.png,NAT_20,ကျွန်တော် မနက်တိုင်း လမ်းလျှောက်လေ့ရှိပါတယ်။,NAT
Writer14,Writer14/NAT21.png,NAT_21,ကလေးများသည် ကျောင်းဝင်းထဲတွင် ကစားနေကြသည်။,NAT
Writer14,Writer14/NAT22.png,NAT_22,မိသားစုအားလုံး ညစာအတူတူ စားကြသည်။,NAT
Writer14,Writer14/NAT23.png,NAT_23,သူမသည် စာကြည့်တိုက်မှ စာအုပ်တစ်အုပ် ငှားလာခဲ့သည်။,NAT
Writer14,Writer14/NAT24.png,NAT_24,ကျွန်တော်တို့ မနက်ဖြန် ခရီးထွက်ရန် စီစဉ်ထားသည်။,NAT
Writer14,Writer14/NAT25.png,NAT_25,လယ်သမားများသည် လယ်ကွင်းထဲတွင် အလုပ်လုပ်နေကြသည်။,NAT
Writer14,Writer14/NAT26.png,NAT_26,ရထားသည် နံနက် ကိုးနာရီတွင် ဘူတာသို့ ရောက်မည်။,NAT
Writer14,Writer14/NAT27.png,NAT_27,သူသည် ကော်ဖီတစ်ခွက် သောက်ပြီး အလုပ်စတင်ခဲ့သည်။,NAT
Writer14,Writer14/NAT28.png,NAT_28,မြန်မာနိုင်ငံတွင် ရိုးရာပွဲတော်များစွာ ရှိသည်။,NAT
Writer14,Writer14/NAT29.png,NAT_29,စျေးထဲတွင် လတ်ဆတ်သော သစ်သီးများ ရောင်းချနေသည်။,NAT
Writer14,Writer14/NAT30.png,NAT_30,ကျောင်းသားများသည် စာမေးပွဲအတွက် ကြိုးစားလေ့လာနေကြသည်။,NAT
Writer14,Writer14/NONCE01.png,NONCE_01,သျှိုင်းကွိမ်,NONCE
Writer14,Writer14/NONCE02.png,NONCE_02,ပြွမ်းဂျိန်,NONCE
Writer14,Writer14/NONCE03.png,NONCE_03,ညွှောင့်ပိမ်,NONCE
Writer14,Writer14/NONCE04.png,NONCE_04,ချွိန်ဖျော့,NONCE
Writer14,Writer14/NONCE05.png,NONCE_05,မြှိမ်းဇွက်,NONCE
Writer14,Writer14/NONCE06.png,NONCE_06,ကျွိုင်းဗြန်,NONCE
Writer14,Writer14/NONCE07.png,NONCE_07,ဖြွေးနိပ်,NONCE
Writer14,Writer14/NONCE08.png,NONCE_08,လျှိန်ဂွတ်,NONCE
Writer14,Writer14/NONCE09.png,NONCE_09,ပွှိုင်းဒျက်,NONCE
Writer14,Writer14/NONCE10.png,NONCE_10,ကြွိမ်းဖျန်,NONCE
Writer14,Writer14/RARE01.png,RARE_01,ဦးပညာကျော်သည် ၁၉၉၈ ခုနှစ်၊ မတ်လ ၂၃ ရက်နေ့တွင် မွေးဖွားခဲ့သည်။,RARE
Writer14,Writer14/RARE02.png,RARE_02,အမှတ် ၁၂၇၊ သရဖီလမ်း၊ ရတနာပုံမြို့နယ်တွင် နေထိုင်သည်။,RARE
Writer14,Writer14/RARE03.png,RARE_03,ဆက်သွယ်ရန် ဖုန်းနံပါတ်မှာ ၀၉-၇၈၁၂၃၄၅၆၇ ဖြစ်သည်။,RARE
Writer14,Writer14/RARE04.png,RARE_04,"စုစုပေါင်းကျသင့်ငွေမှာ ၁၂၈,၅၀၀ ကျပ် ဖြစ်သည်။",RARE
Writer14,Writer14/RARE05.png,RARE_05,မန္တလေးမှ မြစ်ကြီးနားသို့ ရထားအမှတ် ၃၅ ဖြင့် ထွက်ခွာမည်။,RARE
Writer14,Writer14/RARE06.png,RARE_06,ဒေါက်တာ သီဟဇော်ထွန်းသည် အဏုဇီဝဗေဒကို လေ့လာနေသည်။,RARE
Writer14,Writer14/RARE07.png,RARE_07,သင်တန်းအမှတ်စဉ် ML-၂၀၂၆-၀၇ ကို ဇူလိုင်လ ၁၅ ရက်နေ့တွင် စတင်မည်။,RARE
Writer14,Writer14/RARE08.png,RARE_08,ကန့်ဘလူမြို့နယ်၊ ထန်းကုန်းကျေးရွာတွင် စမ်းသပ်မှု ပြုလုပ်ခဲ့သည်။,RARE
Writer14,Writer14/RARE09.png,RARE_09,ဓာတ်ခွဲနမူနာကုဒ် BMY-၄၂၁၇ ကို အအေးခန်းထဲတွင် သိမ်းဆည်းထားသည်။,RARE
Writer14,Writer14/RARE10.png,RARE_10,ရှေးဟောင်းကျောက်စာကို မြန်မာသက္ကရာဇ် ၁၂၃၄ ခုနှစ်တွင် ရေးထိုးခဲ့သည်။,RARE
Writer15,Writer15/NAT01.png,NAT_01,အစောပိုင်း အမျိုးသမီးစာရေးဆရာများသည် စာရေးခြင်းဖြင့် ရပ်တည်ရန် အခက်အခဲများ ကြုံခဲ့ရသည်။,NAT
Writer15,Writer15/NAT02.png,NAT_02,မမလေးက ပြည်တွင်းယဉ်ကျေးမှုဘက်ကို အားပြုပြီး ကြည်အေးက လူသားဝါဒကို အသားပေးပါတယ်။,NAT
Writer15,Writer15/NAT03.png,NAT_03,သူသည် အကြောင်းအရာများကို သွယ်ဝိုက်ရေးသားတတ်သောကြောင့် စာဖတ်သူများ၏ စိတ်ဝင်စားမှုကို ရရှိခဲ့သည်။,NAT
Writer15,Writer15/NAT04.png,NAT_04,တစ်ခါက ဒီဝတ္ထုကြီးကို အကောင်းဆုံး မြန်မာဝတ္ထုရှည် ၅ ပုဒ်တွင် ပါဝင်သည်ဟု ချီးမွမ်းခဲ့ကြသည်။,NAT
Writer15,Writer15/NAT05.png,NAT_05,ကျောင်းသားလူငယ်များသည် လူငယ်များပီပီ ပျော်ပျော်ရွှင်ရွှင် နေချင်ကြသည်။,NAT
Writer15,Writer15/NAT06.png,NAT_06,ကျွန်မတို့နိုင်ငံသည် အရင်က လူတန်းစားများအကြား ကွာခြားမှုနည်းသော နိုင်ငံအဖြစ် လူသိများခဲ့သည်။,NAT
Writer15,Writer15/NAT07.png,NAT_07,လူတန်းစားများအကြား ကွာဟမှုကြီးထွားစေသော ကိစ္စများကို သေချာစွာ လေ့လာသင့်သည်။,NAT
Writer15,Writer15/NAT08.png,NAT_08,လယ်သမားများသည် သီးနှံကောင်းကောင်း ရရှိရန် နေ့စဉ် ကြိုးစားအလုပ်လုပ်ကြသည်။,NAT
Writer15,Writer15/NAT09.png,NAT_09,သုတေသနအဖွဲ့သည် လယ်သမားများ၏ အခြေအနေကို မေးမြန်းလေ့လာခဲ့သည်။,NAT
Writer15,Writer15/NAT10.png,NAT_10,တချို့လယ်သမားများသည် သီးနှံမအောင်မြင်ခြင်းနှင့် အကြွေးတင်ခြင်းကြောင့် လယ်ယာများကို ရောင်းချရသည်။,NAT
Writer15,Writer15/NAT11.png,NAT_11,ဤသည်ကို ကြိုတင်သိရှိလိုဟန်ဖြင့် သူသည် မချိုမချဉ်ပြုံးကာ အဝေးသို့သာ ငေးရီနေသည်။,NAT
Writer15,Writer15/NAT12.png,NAT_12,ကမ္ဘာပေါ်ရှိ လူများသည် မတူညီသော ယဉ်ကျေးမှုနှင့် အတွေးအခေါ်များကို လက်ခံထားကြသည်။,NAT
Writer15,Writer15/NAT13.png,NAT_13,နေဝင်ချိန်တွင် ကောင်းကင်သည် လိမ္မော်ရောင်သို့ တဖြည်းဖြည်း ပြောင်းလဲသွားသည်။,NAT
Writer15,Writer15/NAT14.png,NAT_14,ခင်ဗျားတို့ မမေးခင်မှာပင် ကျွန်တော် ဖြေကြားရန် အဆင်သင့်ဖြစ်နေပါပြီ။,NAT
Writer15,Writer15/NAT15.png,NAT_15,သဘာဝဘေးဒဏ်များနှင့် လူသားတို့၏ မှားယွင်းသော ဆုံးဖြတ်ချက်များကြောင့် ပြဿနာများ ဖြစ်ပေါ်လာတတ်သည်။,NAT
Writer15,Writer15/NAT16.png,NAT_16,ကြီးမားသော အလှည့်အပြောင်းပါဝင်သည့် ဆုံးဖြတ်ချက်တစ်ခု ဖြစ်နေပါသလား။,NAT
Writer15,Writer15/NAT17.png,NAT_17,ကျွန်တော် ဌာနသို့ စတင်ရောက်ရှိလာသည့်အချိန်ကို ယနေ့တိုင် မှတ်မိနေသေးသည်။,NAT
Writer15,Writer15/NAT18.png,NAT_18,ကဗျာဆရာ၏ အတွေးရထားသည် လောကသံလမ်းတစ်နေရာတွင် ဘီးချော်တိမ်းမှောက်ခဲ့ပြီလား။,NAT
Writer15,Writer15/NAT19.png,NAT_19,ဒီနေ့ မိုးအနည်းငယ် ရွာနိုင်ပါတယ်။,NAT
Writer15,Writer15/NAT20.png,NAT_20,ကျွန်တော် မနက်တိုင်း လမ်းလျှောက်လေ့ရှိပါတယ်။,NAT
Writer15,Writer15/NAT21.png,NAT_21,ကလေးများသည် ကျောင်းဝင်းထဲတွင် ကစားနေကြသည်။,NAT
Writer15,Writer15/NAT22.png,NAT_22,မိသားစုအားလုံး ညစာအတူတူ စားကြသည်။,NAT
Writer15,Writer15/NAT23.png,NAT_23,သူမသည် စာကြည့်တိုက်မှ စာအုပ်တစ်အုပ် ငှားလာခဲ့သည်။,NAT
Writer15,Writer15/NAT24.png,NAT_24,ကျွန်တော်တို့ မနက်ဖြန် ခရီးထွက်ရန် စီစဉ်ထားသည်။,NAT
Writer15,Writer15/NAT25.png,NAT_25,လယ်သမားများသည် လယ်ကွင်းထဲတွင် အလုပ်လုပ်နေကြသည်။,NAT
Writer15,Writer15/NAT26.png,NAT_26,ရထားသည် နံနက် ကိုးနာရီတွင် ဘူတာသို့ ရောက်မည်။,NAT
Writer15,Writer15/NAT27.png,NAT_27,သူသည် ကော်ဖီတစ်ခွက် သောက်ပြီး အလုပ်စတင်ခဲ့သည်။,NAT
Writer15,Writer15/NAT28.png,NAT_28,မြန်မာနိုင်ငံတွင် ရိုးရာပွဲတော်များစွာ ရှိသည်။,NAT
Writer15,Writer15/NAT29.png,NAT_29,စျေးထဲတွင် လတ်ဆတ်သော သစ်သီးများ ရောင်းချနေသည်။,NAT
Writer15,Writer15/NAT30.png,NAT_30,ကျောင်းသားများသည် စာမေးပွဲအတွက် ကြိုးစားလေ့လာနေကြသည်။,NAT
Writer15,Writer15/NONCE01.png,NONCE_01,သျှိုင်းကွိမ်,NONCE
Writer15,Writer15/NONCE02.png,NONCE_02,ပြွမ်းဂျိန်,NONCE
Writer15,Writer15/NONCE03.png,NONCE_03,ညွှောင့်ပိမ်,NONCE
Writer15,Writer15/NONCE04.png,NONCE_04,ချွိန်ဖျော့,NONCE
Writer15,Writer15/NONCE05.png,NONCE_05,မြှိမ်းဇွက်,NONCE
Writer15,Writer15/NONCE06.png,NONCE_06,ကျွိုင်းဗြန်,NONCE
Writer15,Writer15/NONCE07.png,NONCE_07,ဖြွေးနိပ်,NONCE
Writer15,Writer15/NONCE08.png,NONCE_08,လျှိန်ဂွတ်,NONCE
Writer15,Writer15/NONCE09.png,NONCE_09,ပွှိုင်းဒျက်,NONCE
Writer15,Writer15/NONCE10.png,NONCE_10,ကြွိမ်းဖျန်,NONCE
Writer15,Writer15/RARE01.png,RARE_01,ဦးပညာကျော်သည် ၁၉၉၈ ခုနှစ်၊ မတ်လ ၂၃ ရက်နေ့တွင် မွေးဖွားခဲ့သည်။,RARE
Writer15,Writer15/RARE02.png,RARE_02,အမှတ် ၁၂၇၊ သရဖီလမ်း၊ ရတနာပုံမြို့နယ်တွင် နေထိုင်သည်။,RARE
Writer15,Writer15/RARE03.png,RARE_03,ဆက်သွယ်ရန် ဖုန်းနံပါတ်မှာ ၀၉-၇၈၁၂၃၄၅၆၇ ဖြစ်သည်။,RARE
Writer15,Writer15/RARE04.png,RARE_04,"စုစုပေါင်းကျသင့်ငွေမှာ ၁၂၈,၅၀၀ ကျပ် ဖြစ်သည်။",RARE
Writer15,Writer15/RARE05.png,RARE_05,မန္တလေးမှ မြစ်ကြီးနားသို့ ရထားအမှတ် ၃၅ ဖြင့် ထွက်ခွာမည်။,RARE
Writer15,Writer15/RARE06.png,RARE_06,ဒေါက်တာ သီဟဇော်ထွန်းသည် အဏုဇီဝဗေဒကို လေ့လာနေသည်။,RARE
Writer15,Writer15/RARE07.png,RARE_07,သင်တန်းအမှတ်စဉ် ML-၂၀၂၆-၀၇ ကို ဇူလိုင်လ ၁၅ ရက်နေ့တွင် စတင်မည်။,RARE
Writer15,Writer15/RARE08.png,RARE_08,ကန့်ဘလူမြို့နယ်၊ ထန်းကုန်းကျေးရွာတွင် စမ်းသပ်မှု ပြုလုပ်ခဲ့သည်။,RARE
Writer15,Writer15/RARE09.png,RARE_09,ဓာတ်ခွဲနမူနာကုဒ် BMY-၄၂၁၇ ကို အအေးခန်းထဲတွင် သိမ်းဆည်းထားသည်။,RARE
Writer15,Writer15/RARE10.png,RARE_10,ရှေးဟောင်းကျောက်စာကို မြန်မာသက္ကရာဇ် ၁၂၃၄ ခုနှစ်တွင် ရေးထိုးခဲ့သည်။,RARE
Writer16,Writer16/NAT01.png,NAT_01,အစောပိုင်း အမျိုးသမီးစာရေးဆရာများသည် စာရေးခြင်းဖြင့် ရပ်တည်ရန် အခက်အခဲများ ကြုံခဲ့ရသည်။,NAT
Writer16,Writer16/NAT02.png,NAT_02,မမလေးက ပြည်တွင်းယဉ်ကျေးမှုဘက်ကို အားပြုပြီး ကြည်အေးက လူသားဝါဒကို အသားပေးပါတယ်။,NAT
Writer16,Writer16/NAT03.png,NAT_03,သူသည် အကြောင်းအရာများကို သွယ်ဝိုက်ရေးသားတတ်သောကြောင့် စာဖတ်သူများ၏ စိတ်ဝင်စားမှုကို ရရှိခဲ့သည်။,NAT
Writer16,Writer16/NAT04.png,NAT_04,တစ်ခါက ဒီဝတ္ထုကြီးကို အကောင်းဆုံး မြန်မာဝတ္ထုရှည် ၅ ပုဒ်တွင် ပါဝင်သည်ဟု ချီးမွမ်းခဲ့ကြသည်။,NAT
Writer16,Writer16/NAT05.png,NAT_05,ကျောင်းသားလူငယ်များသည် လူငယ်များပီပီ ပျော်ပျော်ရွှင်ရွှင် နေချင်ကြသည်။,NAT
Writer16,Writer16/NAT06.png,NAT_06,ကျွန်မတို့နိုင်ငံသည် အရင်က လူတန်းစားများအကြား ကွာခြားမှုနည်းသော နိုင်ငံအဖြစ် လူသိများခဲ့သည်။,NAT
Writer16,Writer16/NAT07.png,NAT_07,လူတန်းစားများအကြား ကွာဟမှုကြီးထွားစေသော ကိစ္စများကို သေချာစွာ လေ့လာသင့်သည်။,NAT
Writer16,Writer16/NAT08.png,NAT_08,လယ်သမားများသည် သီးနှံကောင်းကောင်း ရရှိရန် နေ့စဉ် ကြိုးစားအလုပ်လုပ်ကြသည်။,NAT
Writer16,Writer16/NAT09.png,NAT_09,သုတေသနအဖွဲ့သည် လယ်သမားများ၏ အခြေအနေကို မေးမြန်းလေ့လာခဲ့သည်။,NAT
Writer16,Writer16/NAT10.png,NAT_10,တချို့လယ်သမားများသည် သီးနှံမအောင်မြင်ခြင်းနှင့် အကြွေးတင်ခြင်းကြောင့် လယ်ယာများကို ရောင်းချရသည်။,NAT
Writer16,Writer16/NAT11.png,NAT_11,ဤသည်ကို ကြိုတင်သိရှိလိုဟန်ဖြင့် သူသည် မချိုမချဉ်ပြုံးကာ အဝေးသို့သာ ငေးရီနေသည်။,NAT
Writer16,Writer16/NAT12.png,NAT_12,ကမ္ဘာပေါ်ရှိ လူများသည် မတူညီသော ယဉ်ကျေးမှုနှင့် အတွေးအခေါ်များကို လက်ခံထားကြသည်။,NAT
Writer16,Writer16/NAT13.png,NAT_13,နေဝင်ချိန်တွင် ကောင်းကင်သည် လိမ္မော်ရောင်သို့ တဖြည်းဖြည်း ပြောင်းလဲသွားသည်။,NAT
Writer16,Writer16/NAT14.png,NAT_14,ခင်ဗျားတို့ မမေးခင်မှာပင် ကျွန်တော် ဖြေကြားရန် အဆင်သင့်ဖြစ်နေပါပြီ။,NAT
Writer16,Writer16/NAT15.png,NAT_15,သဘာဝဘေးဒဏ်များနှင့် လူသားတို့၏ မှားယွင်းသော ဆုံးဖြတ်ချက်များကြောင့် ပြဿနာများ ဖြစ်ပေါ်လာတတ်သည်။,NAT
Writer16,Writer16/NAT16.png,NAT_16,ကြီးမားသော အလှည့်အပြောင်းပါဝင်သည့် ဆုံးဖြတ်ချက်တစ်ခု ဖြစ်နေပါသလား။,NAT
Writer16,Writer16/NAT17.png,NAT_17,ကျွန်တော် ဌာနသို့ စတင်ရောက်ရှိလာသည့်အချိန်ကို ယနေ့တိုင် မှတ်မိနေသေးသည်။,NAT
Writer16,Writer16/NAT18.png,NAT_18,ကဗျာဆရာ၏ အတွေးရထားသည် လောကသံလမ်းတစ်နေရာတွင် ဘီးချော်တိမ်းမှောက်ခဲ့ပြီလား။,NAT
Writer16,Writer16/NAT19.png,NAT_19,ဒီနေ့ မိုးအနည်းငယ် ရွာနိုင်ပါတယ်။,NAT
Writer16,Writer16/NAT20.png,NAT_20,ကျွန်တော် မနက်တိုင်း လမ်းလျှောက်လေ့ရှိပါတယ်။,NAT
Writer16,Writer16/NAT21.png,NAT_21,ကလေးများသည် ကျောင်းဝင်းထဲတွင် ကစားနေကြသည်။,NAT
Writer16,Writer16/NAT22.png,NAT_22,မိသားစုအားလုံး ညစာအတူတူ စားကြသည်။,NAT
Writer16,Writer16/NAT23.png,NAT_23,သူမသည် စာကြည့်တိုက်မှ စာအုပ်တစ်အုပ် ငှားလာခဲ့သည်။,NAT
Writer16,Writer16/NAT24.png,NAT_24,ကျွန်တော်တို့ မနက်ဖြန် ခရီးထွက်ရန် စီစဉ်ထားသည်။,NAT
Writer16,Writer16/NAT25.png,NAT_25,လယ်သမားများသည် လယ်ကွင်းထဲတွင် အလုပ်လုပ်နေကြသည်။,NAT
Writer16,Writer16/NAT26.png,NAT_26,ရထားသည် နံနက် ကိုးနာရီတွင် ဘူတာသို့ ရောက်မည်။,NAT
Writer16,Writer16/NAT27.png,NAT_27,သူသည် ကော်ဖီတစ်ခွက် သောက်ပြီး အလုပ်စတင်ခဲ့သည်။,NAT
Writer16,Writer16/NAT28.png,NAT_28,မြန်မာနိုင်ငံတွင် ရိုးရာပွဲတော်များစွာ ရှိသည်။,NAT
Writer16,Writer16/NAT29.png,NAT_29,စျေးထဲတွင် လတ်ဆတ်သော သစ်သီးများ ရောင်းချနေသည်။,NAT
Writer16,Writer16/NAT30.png,NAT_30,ကျောင်းသားများသည် စာမေးပွဲအတွက် ကြိုးစားလေ့လာနေကြသည်။,NAT
Writer16,Writer16/NONCE01.png,NONCE_01,သျှိုင်းကွိမ်,NONCE
Writer16,Writer16/NONCE02.png,NONCE_02,ပြွမ်းဂျိန်,NONCE
Writer16,Writer16/NONCE03.png,NONCE_03,ညွှောင့်ပိမ်,NONCE
Writer16,Writer16/NONCE04.png,NONCE_04,ချွိန်ဖျော့,NONCE
Writer16,Writer16/NONCE05.png,NONCE_05,မြှိမ်းဇွက်,NONCE
Writer16,Writer16/NONCE06.png,NONCE_06,ကျွိုင်းဗြန်,NONCE
Writer16,Writer16/NONCE07.png,NONCE_07,ဖြွေးနိပ်,NONCE
Writer16,Writer16/NONCE08.png,NONCE_08,လျှိန်ဂွတ်,NONCE
Writer16,Writer16/NONCE09.png,NONCE_09,ပွှိုင်းဒျက်,NONCE
Writer16,Writer16/NONCE10.png,NONCE_10,ကြွိမ်းဖျန်,NONCE
Writer16,Writer16/RARE01.png,RARE_01,ဦးပညာကျော်သည် ၁၉၉၈ ခုနှစ်၊ မတ်လ ၂၃ ရက်နေ့တွင် မွေးဖွားခဲ့သည်။,RARE
Writer16,Writer16/RARE02.png,RARE_02,အမှတ် ၁၂၇၊ သရဖီလမ်း၊ ရတနာပုံမြို့နယ်တွင် နေထိုင်သည်။,RARE
Writer16,Writer16/RARE03.png,RARE_03,ဆက်သွယ်ရန် ဖုန်းနံပါတ်မှာ ၀၉-၇၈၁၂၃၄၅၆၇ ဖြစ်သည်။,RARE
Writer16,Writer16/RARE04.png,RARE_04,"စုစုပေါင်းကျသင့်ငွေမှာ ၁၂၈,၅၀၀ ကျပ် ဖြစ်သည်။",RARE
Writer16,Writer16/RARE05.png,RARE_05,မန္တလေးမှ မြစ်ကြီးနားသို့ ရထားအမှတ် ၃၅ ဖြင့် ထွက်ခွာမည်။,RARE
Writer16,Writer16/RARE06.png,RARE_06,ဒေါက်တာ သီဟဇော်ထွန်းသည် အဏုဇီဝဗေဒကို လေ့လာနေသည်။,RARE
Writer16,Writer16/RARE07.png,RARE_07,သင်တန်းအမှတ်စဉ် ML-၂၀၂၆-၀၇ ကို ဇူလိုင်လ ၁၅ ရက်နေ့တွင် စတင်မည်။,RARE
Writer16,Writer16/RARE08.png,RARE_08,ကန့်ဘလူမြို့နယ်၊ ထန်းကုန်းကျေးရွာတွင် စမ်းသပ်မှု ပြုလုပ်ခဲ့သည်။,RARE
Writer16,Writer16/RARE09.png,RARE_09,ဓာတ်ခွဲနမူနာကုဒ် BMY-၄၂၁၇ ကို အအေးခန်းထဲတွင် သိမ်းဆည်းထားသည်။,RARE
Writer16,Writer16/RARE10.png,RARE_10,ရှေးဟောင်းကျောက်စာကို မြန်မာသက္ကရာဇ် ၁၂၃၄ ခုနှစ်တွင် ရေးထိုးခဲ့သည်။,RARE
Writer17,Writer17/NAT01.png,NAT_01,အစောပိုင်း အမျိုးသမီးစာရေးဆရာများသည် စာရေးခြင်းဖြင့် ရပ်တည်ရန် အခက်အခဲများ ကြုံခဲ့ရသည်။,NAT
Writer17,Writer17/NAT02.png,NAT_02,မမလေးက ပြည်တွင်းယဉ်ကျေးမှုဘက်ကို အားပြုပြီး ကြည်အေးက လူသားဝါဒကို အသားပေးပါတယ်။,NAT
Writer17,Writer17/NAT03.png,NAT_03,သူသည် အကြောင်းအရာများကို သွယ်ဝိုက်ရေးသားတတ်သောကြောင့် စာဖတ်သူများ၏ စိတ်ဝင်စားမှုကို ရရှိခဲ့သည်။,NAT
Writer17,Writer17/NAT04.png,NAT_04,တစ်ခါက ဒီဝတ္ထုကြီးကို အကောင်းဆုံး မြန်မာဝတ္ထုရှည် ၅ ပုဒ်တွင် ပါဝင်သည်ဟု ချီးမွမ်းခဲ့ကြသည်။,NAT
Writer17,Writer17/NAT05.png,NAT_05,ကျောင်းသားလူငယ်များသည် လူငယ်များပီပီ ပျော်ပျော်ရွှင်ရွှင် နေချင်ကြသည်။,NAT
Writer17,Writer17/NAT06.png,NAT_06,ကျွန်မတို့နိုင်ငံသည် အရင်က လူတန်းစားများအကြား ကွာခြားမှုနည်းသော နိုင်ငံအဖြစ် လူသိများခဲ့သည်။,NAT
Writer17,Writer17/NAT07.png,NAT_07,လူတန်းစားများအကြား ကွာဟမှုကြီးထွားစေသော ကိစ္စများကို သေချာစွာ လေ့လာသင့်သည်။,NAT
Writer17,Writer17/NAT08.png,NAT_08,လယ်သမားများသည် သီးနှံကောင်းကောင်း ရရှိရန် နေ့စဉ် ကြိုးစားအလုပ်လုပ်ကြသည်။,NAT
Writer17,Writer17/NAT09.png,NAT_09,သုတေသနအဖွဲ့သည် လယ်သမားများ၏ အခြေအနေကို မေးမြန်းလေ့လာခဲ့သည်။,NAT
Writer17,Writer17/NAT10.png,NAT_10,တချို့လယ်သမားများသည် သီးနှံမအောင်မြင်ခြင်းနှင့် အကြွေးတင်ခြင်းကြောင့် လယ်ယာများကို ရောင်းချရသည်။,NAT
Writer17,Writer17/NAT11.png,NAT_11,ဤသည်ကို ကြိုတင်သိရှိလိုဟန်ဖြင့် သူသည် မချိုမချဉ်ပြုံးကာ အဝေးသို့သာ ငေးရီနေသည်။,NAT
Writer17,Writer17/NAT12.png,NAT_12,ကမ္ဘာပေါ်ရှိ လူများသည် မတူညီသော ယဉ်ကျေးမှုနှင့် အတွေးအခေါ်များကို လက်ခံထားကြသည်။,NAT
Writer17,Writer17/NAT13.png,NAT_13,နေဝင်ချိန်တွင် ကောင်းကင်သည် လိမ္မော်ရောင်သို့ တဖြည်းဖြည်း ပြောင်းလဲသွားသည်။,NAT
Writer17,Writer17/NAT14.png,NAT_14,ခင်ဗျားတို့ မမေးခင်မှာပင် ကျွန်တော် ဖြေကြားရန် အဆင်သင့်ဖြစ်နေပါပြီ။,NAT
Writer17,Writer17/NAT15.png,NAT_15,သဘာဝဘေးဒဏ်များနှင့် လူသားတို့၏ မှားယွင်းသော ဆုံးဖြတ်ချက်များကြောင့် ပြဿနာများ ဖြစ်ပေါ်လာတတ်သည်။,NAT
Writer17,Writer17/NAT16.png,NAT_16,ကြီးမားသော အလှည့်အပြောင်းပါဝင်သည့် ဆုံးဖြတ်ချက်တစ်ခု ဖြစ်နေပါသလား။,NAT
Writer17,Writer17/NAT17.png,NAT_17,ကျွန်တော် ဌာနသို့ စတင်ရောက်ရှိလာသည့်အချိန်ကို ယနေ့တိုင် မှတ်မိနေသေးသည်။,NAT
Writer17,Writer17/NAT18.png,NAT_18,ကဗျာဆရာ၏ အတွေးရထားသည် လောကသံလမ်းတစ်နေရာတွင် ဘီးချော်တိမ်းမှောက်ခဲ့ပြီလား။,NAT
Writer17,Writer17/NAT19.png,NAT_19,ဒီနေ့ မိုးအနည်းငယ် ရွာနိုင်ပါတယ်။,NAT
Writer17,Writer17/NAT20.png,NAT_20,ကျွန်တော် မနက်တိုင်း လမ်းလျှောက်လေ့ရှိပါတယ်။,NAT
Writer17,Writer17/NAT21.png,NAT_21,ကလေးများသည် ကျောင်းဝင်းထဲတွင် ကစားနေကြသည်။,NAT
Writer17,Writer17/NAT22.png,NAT_22,မိသားစုအားလုံး ညစာအတူတူ စားကြသည်။,NAT
Writer17,Writer17/NAT23.png,NAT_23,သူမသည် စာကြည့်တိုက်မှ စာအုပ်တစ်အုပ် ငှားလာခဲ့သည်။,NAT
Writer17,Writer17/NAT24.png,NAT_24,ကျွန်တော်တို့ မနက်ဖြန် ခရီးထွက်ရန် စီစဉ်ထားသည်။,NAT
Writer17,Writer17/NAT25.png,NAT_25,လယ်သမားများသည် လယ်ကွင်းထဲတွင် အလုပ်လုပ်နေကြသည်။,NAT
Writer17,Writer17/NAT26.png,NAT_26,ရထားသည် နံနက် ကိုးနာရီတွင် ဘူတာသို့ ရောက်မည်။,NAT
Writer17,Writer17/NAT27.png,NAT_27,သူသည် ကော်ဖီတစ်ခွက် သောက်ပြီး အလုပ်စတင်ခဲ့သည်။,NAT
Writer17,Writer17/NAT28.png,NAT_28,မြန်မာနိုင်ငံတွင် ရိုးရာပွဲတော်များစွာ ရှိသည်။,NAT
Writer17,Writer17/NAT29.png,NAT_29,စျေးထဲတွင် လတ်ဆတ်သော သစ်သီးများ ရောင်းချနေသည်။,NAT
Writer17,Writer17/NAT30.png,NAT_30,ကျောင်းသားများသည် စာမေးပွဲအတွက် ကြိုးစားလေ့လာနေကြသည်။,NAT
Writer17,Writer17/NONCE01.png,NONCE_01,သျှိုင်းကွိမ်,NONCE
Writer17,Writer17/NONCE02.png,NONCE_02,ပြွမ်းဂျိန်,NONCE
Writer17,Writer17/NONCE03.png,NONCE_03,ညွှောင့်ပိမ်,NONCE
Writer17,Writer17/NONCE04.png,NONCE_04,ချွိန်ဖျော့,NONCE
Writer17,Writer17/NONCE05.png,NONCE_05,မြှိမ်းဇွက်,NONCE
Writer17,Writer17/NONCE06.png,NONCE_06,ကျွိုင်းဗြန်,NONCE
Writer17,Writer17/NONCE07.png,NONCE_07,ဖြွေးနိပ်,NONCE
Writer17,Writer17/NONCE08.png,NONCE_08,လျှိန်ဂွတ်,NONCE
Writer17,Writer17/NONCE09.png,NONCE_09,ပွှိုင်းဒျက်,NONCE
Writer17,Writer17/NONCE10.png,NONCE_10,ကြွိမ်းဖျန်,NONCE
Writer17,Writer17/RARE01.png,RARE_01,ဦးပညာကျော်သည် ၁၉၉၈ ခုနှစ်၊ မတ်လ ၂၃ ရက်နေ့တွင် မွေးဖွားခဲ့သည်။,RARE
Writer17,Writer17/RARE02.png,RARE_02,အမှတ် ၁၂၇၊ သရဖီလမ်း၊ ရတနာပုံမြို့နယ်တွင် နေထိုင်သည်။,RARE
Writer17,Writer17/RARE03.png,RARE_03,ဆက်သွယ်ရန် ဖုန်းနံပါတ်မှာ ၀၉-၇၈၁၂၃၄၅၆၇ ဖြစ်သည်။,RARE
Writer17,Writer17/RARE04.png,RARE_04,"စုစုပေါင်းကျသင့်ငွေမှာ ၁၂၈,၅၀၀ ကျပ် ဖြစ်သည်။",RARE
Writer17,Writer17/RARE05.png,RARE_05,မန္တလေးမှ မြစ်ကြီးနားသို့ ရထားအမှတ် ၃၅ ဖြင့် ထွက်ခွာမည်။,RARE
Writer17,Writer17/RARE06.png,RARE_06,ဒေါက်တာ သီဟဇော်ထွန်းသည် အဏုဇီဝဗေဒကို လေ့လာနေသည်။,RARE
Writer17,Writer17/RARE07.png,RARE_07,သင်တန်းအမှတ်စဉ် ML-၂၀၂၆-၀၇ ကို ဇူလိုင်လ ၁၅ ရက်နေ့တွင် စတင်မည်။,RARE
Writer17,Writer17/RARE08.png,RARE_08,ကန့်ဘလူမြို့နယ်၊ ထန်းကုန်းကျေးရွာတွင် စမ်းသပ်မှု ပြုလုပ်ခဲ့သည်။,RARE
Writer17,Writer17/RARE09.png,RARE_09,ဓာတ်ခွဲနမူနာကုဒ် BMY-၄၂၁၇ ကို အအေးခန်းထဲတွင် သိမ်းဆည်းထားသည်။,RARE
Writer17,Writer17/RARE10.png,RARE_10,ရှေးဟောင်းကျောက်စာကို မြန်မာသက္ကရာဇ် ၁၂၃၄ ခုနှစ်တွင် ရေးထိုးခဲ့သည်။,RARE
Writer18,Writer18/NAT01.png,NAT_01,အစောပိုင်း အမျိုးသမီးစာရေးဆရာများသည် စာရေးခြင်းဖြင့် ရပ်တည်ရန် အခက်အခဲများ ကြုံခဲ့ရသည်။,NAT
Writer18,Writer18/NAT02.png,NAT_02,မမလေးက ပြည်တွင်းယဉ်ကျေးမှုဘက်ကို အားပြုပြီး ကြည်အေးက လူသားဝါဒကို အသားပေးပါတယ်။,NAT
Writer18,Writer18/NAT03.png,NAT_03,သူသည် အကြောင်းအရာများကို သွယ်ဝိုက်ရေးသားတတ်သောကြောင့် စာဖတ်သူများ၏ စိတ်ဝင်စားမှုကို ရရှိခဲ့သည်။,NAT
Writer18,Writer18/NAT04.png,NAT_04,တစ်ခါက ဒီဝတ္ထုကြီးကို အကောင်းဆုံး မြန်မာဝတ္ထုရှည် ၅ ပုဒ်တွင် ပါဝင်သည်ဟု ချီးမွမ်းခဲ့ကြသည်။,NAT
Writer18,Writer18/NAT05.png,NAT_05,ကျောင်းသားလူငယ်များသည် လူငယ်များပီပီ ပျော်ပျော်ရွှင်ရွှင် နေချင်ကြသည်။,NAT
Writer18,Writer18/NAT06.png,NAT_06,ကျွန်မတို့နိုင်ငံသည် အရင်က လူတန်းစားများအကြား ကွာခြားမှုနည်းသော နိုင်ငံအဖြစ် လူသိများခဲ့သည်။,NAT
Writer18,Writer18/NAT07.png,NAT_07,လူတန်းစားများအကြား ကွာဟမှုကြီးထွားစေသော ကိစ္စများကို သေချာစွာ လေ့လာသင့်သည်။,NAT
Writer18,Writer18/NAT08.png,NAT_08,လယ်သမားများသည် သီးနှံကောင်းကောင်း ရရှိရန် နေ့စဉ် ကြိုးစားအလုပ်လုပ်ကြသည်။,NAT
Writer18,Writer18/NAT09.png,NAT_09,သုတေသနအဖွဲ့သည် လယ်သမားများ၏ အခြေအနေကို မေးမြန်းလေ့လာခဲ့သည်။,NAT
Writer18,Writer18/NAT10.png,NAT_10,တချို့လယ်သမားများသည် သီးနှံမအောင်မြင်ခြင်းနှင့် အကြွေးတင်ခြင်းကြောင့် လယ်ယာများကို ရောင်းချရသည်။,NAT
Writer18,Writer18/NAT11.png,NAT_11,ဤသည်ကို ကြိုတင်သိရှိလိုဟန်ဖြင့် သူသည် မချိုမချဉ်ပြုံးကာ အဝေးသို့သာ ငေးရီနေသည်။,NAT
Writer18,Writer18/NAT12.png,NAT_12,ကမ္ဘာပေါ်ရှိ လူများသည် မတူညီသော ယဉ်ကျေးမှုနှင့် အတွေးအခေါ်များကို လက်ခံထားကြသည်။,NAT
Writer18,Writer18/NAT13.png,NAT_13,နေဝင်ချိန်တွင် ကောင်းကင်သည် လိမ္မော်ရောင်သို့ တဖြည်းဖြည်း ပြောင်းလဲသွားသည်။,NAT
Writer18,Writer18/NAT14.png,NAT_14,ခင်ဗျားတို့ မမေးခင်မှာပင် ကျွန်တော် ဖြေကြားရန် အဆင်သင့်ဖြစ်နေပါပြီ။,NAT
Writer18,Writer18/NAT15.png,NAT_15,သဘာဝဘေးဒဏ်များနှင့် လူသားတို့၏ မှားယွင်းသော ဆုံးဖြတ်ချက်များကြောင့် ပြဿနာများ ဖြစ်ပေါ်လာတတ်သည်။,NAT
Writer18,Writer18/NAT16.png,NAT_16,ကြီးမားသော အလှည့်အပြောင်းပါဝင်သည့် ဆုံးဖြတ်ချက်တစ်ခု ဖြစ်နေပါသလား။,NAT
Writer18,Writer18/NAT17.png,NAT_17,ကျွန်တော် ဌာနသို့ စတင်ရောက်ရှိလာသည့်အချိန်ကို ယနေ့တိုင် မှတ်မိနေသေးသည်။,NAT
Writer18,Writer18/NAT18.png,NAT_18,ကဗျာဆရာ၏ အတွေးရထားသည် လောကသံလမ်းတစ်နေရာတွင် ဘီးချော်တိမ်းမှောက်ခဲ့ပြီလား။,NAT
Writer18,Writer18/NAT19.png,NAT_19,ဒီနေ့ မိုးအနည်းငယ် ရွာနိုင်ပါတယ်။,NAT
Writer18,Writer18/NAT20.png,NAT_20,ကျွန်တော် မနက်တိုင်း လမ်းလျှောက်လေ့ရှိပါတယ်။,NAT
Writer18,Writer18/NAT21.png,NAT_21,ကလေးများသည် ကျောင်းဝင်းထဲတွင် ကစားနေကြသည်။,NAT
Writer18,Writer18/NAT22.png,NAT_22,မိသားစုအားလုံး ညစာအတူတူ စားကြသည်။,NAT
Writer18,Writer18/NAT23.png,NAT_23,သူမသည် စာကြည့်တိုက်မှ စာအုပ်တစ်အုပ် ငှားလာခဲ့သည်။,NAT
Writer18,Writer18/NAT24.png,NAT_24,ကျွန်တော်တို့ မနက်ဖြန် ခရီးထွက်ရန် စီစဉ်ထားသည်။,NAT
Writer18,Writer18/NAT25.png,NAT_25,လယ်သမားများသည် လယ်ကွင်းထဲတွင် အလုပ်လုပ်နေကြသည်။,NAT
Writer18,Writer18/NAT26.png,NAT_26,ရထားသည် နံနက် ကိုးနာရီတွင် ဘူတာသို့ ရောက်မည်။,NAT
Writer18,Writer18/NAT27.png,NAT_27,သူသည် ကော်ဖီတစ်ခွက် သောက်ပြီး အလုပ်စတင်ခဲ့သည်။,NAT
Writer18,Writer18/NAT28.png,NAT_28,မြန်မာနိုင်ငံတွင် ရိုးရာပွဲတော်များစွာ ရှိသည်။,NAT
Writer18,Writer18/NAT29.png,NAT_29,စျေးထဲတွင် လတ်ဆတ်သော သစ်သီးများ ရောင်းချနေသည်။,NAT
Writer18,Writer18/NAT30.png,NAT_30,ကျောင်းသားများသည် စာမေးပွဲအတွက် ကြိုးစားလေ့လာနေကြသည်။,NAT
Writer18,Writer18/NONCE01.png,NONCE_01,သျှိုင်းကွိမ်,NONCE
Writer18,Writer18/NONCE02.png,NONCE_02,ပြွမ်းဂျိန်,NONCE
Writer18,Writer18/NONCE03.png,NONCE_03,ညွှောင့်ပိမ်,NONCE
Writer18,Writer18/NONCE04.png,NONCE_04,ချွိန်ဖျော့,NONCE
Writer18,Writer18/NONCE05.png,NONCE_05,မြှိမ်းဇွက်,NONCE
Writer18,Writer18/NONCE06.png,NONCE_06,ကျွိုင်းဗြန်,NONCE
Writer18,Writer18/NONCE07.png,NONCE_07,ဖြွေးနိပ်,NONCE
Writer18,Writer18/NONCE08.png,NONCE_08,လျှိန်ဂွတ်,NONCE
Writer18,Writer18/NONCE09.png,NONCE_09,ပွှိုင်းဒျက်,NONCE
Writer18,Writer18/NONCE10.png,NONCE_10,ကြွိမ်းဖျန်,NONCE
Writer18,Writer18/RARE01.png,RARE_01,ဦးပညာကျော်သည် ၁၉၉၈ ခုနှစ်၊ မတ်လ ၂၃ ရက်နေ့တွင် မွေးဖွားခဲ့သည်။,RARE
Writer18,Writer18/RARE02.png,RARE_02,အမှတ် ၁၂၇၊ သရဖီလမ်း၊ ရတနာပုံမြို့နယ်တွင် နေထိုင်သည်။,RARE
Writer18,Writer18/RARE03.png,RARE_03,ဆက်သွယ်ရန် ဖုန်းနံပါတ်မှာ ၀၉-၇၈၁၂၃၄၅၆၇ ဖြစ်သည်။,RARE
Writer18,Writer18/RARE04.png,RARE_04,"စုစုပေါင်းကျသင့်ငွေမှာ ၁၂၈,၅၀၀ ကျပ် ဖြစ်သည်။",RARE
Writer18,Writer18/RARE05.png,RARE_05,မန္တလေးမှ မြစ်ကြီးနားသို့ ရထားအမှတ် ၃၅ ဖြင့် ထွက်ခွာမည်။,RARE
Writer18,Writer18/RARE06.png,RARE_06,ဒေါက်တာ သီဟဇော်ထွန်းသည် အဏုဇီဝဗေဒကို လေ့လာနေသည်။,RARE
Writer18,Writer18/RARE07.png,RARE_07,သင်တန်းအမှတ်စဉ် ML-၂၀၂၆-၀၇ ကို ဇူလိုင်လ ၁၅ ရက်နေ့တွင် စတင်မည်။,RARE
Writer18,Writer18/RARE08.png,RARE_08,ကန့်ဘလူမြို့နယ်၊ ထန်းကုန်းကျေးရွာတွင် စမ်းသပ်မှု ပြုလုပ်ခဲ့သည်။,RARE
Writer18,Writer18/RARE09.png,RARE_09,ဓာတ်ခွဲနမူနာကုဒ် BMY-၄၂၁၇ ကို အအေးခန်းထဲတွင် သိမ်းဆည်းထားသည်။,RARE
Writer18,Writer18/RARE10.png,RARE_10,ရှေးဟောင်းကျောက်စာကို မြန်မာသက္ကရာဇ် ၁၂၃၄ ခုနှစ်တွင် ရေးထိုးခဲ့သည်။,RARE
Writer19,Writer19/NAT01.png,NAT_01,အစောပိုင်း အမျိုးသမီးစာရေးဆရာများသည် စာရေးခြင်းဖြင့် ရပ်တည်ရန် အခက်အခဲများ ကြုံခဲ့ရသည်။,NAT
Writer19,Writer19/NAT02.png,NAT_02,မမလေးက ပြည်တွင်းယဉ်ကျေးမှုဘက်ကို အားပြုပြီး ကြည်အေးက လူသားဝါဒကို အသားပေးပါတယ်။,NAT
Writer19,Writer19/NAT03.png,NAT_03,သူသည် အကြောင်းအရာများကို သွယ်ဝိုက်ရေးသားတတ်သောကြောင့် စာဖတ်သူများ၏ စိတ်ဝင်စားမှုကို ရရှိခဲ့သည်။,NAT
Writer19,Writer19/NAT04.png,NAT_04,တစ်ခါက ဒီဝတ္ထုကြီးကို အကောင်းဆုံး မြန်မာဝတ္ထုရှည် ၅ ပုဒ်တွင် ပါဝင်သည်ဟု ချီးမွမ်းခဲ့ကြသည်။,NAT
Writer19,Writer19/NAT05.png,NAT_05,ကျောင်းသားလူငယ်များသည် လူငယ်များပီပီ ပျော်ပျော်ရွှင်ရွှင် နေချင်ကြသည်။,NAT
Writer19,Writer19/NAT06.png,NAT_06,ကျွန်မတို့နိုင်ငံသည် အရင်က လူတန်းစားများအကြား ကွာခြားမှုနည်းသော နိုင်ငံအဖြစ် လူသိများခဲ့သည်။,NAT
Writer19,Writer19/NAT07.png,NAT_07,လူတန်းစားများအကြား ကွာဟမှုကြီးထွားစေသော ကိစ္စများကို သေချာစွာ လေ့လာသင့်သည်။,NAT
Writer19,Writer19/NAT08.png,NAT_08,လယ်သမားများသည် သီးနှံကောင်းကောင်း ရရှိရန် နေ့စဉ် ကြိုးစားအလုပ်လုပ်ကြသည်။,NAT
Writer19,Writer19/NAT09.png,NAT_09,သုတေသနအဖွဲ့သည် လယ်သမားများ၏ အခြေအနေကို မေးမြန်းလေ့လာခဲ့သည်။,NAT
Writer19,Writer19/NAT10.png,NAT_10,တချို့လယ်သမားများသည် သီးနှံမအောင်မြင်ခြင်းနှင့် အကြွေးတင်ခြင်းကြောင့် လယ်ယာများကို ရောင်းချရသည်။,NAT
Writer19,Writer19/NAT11.png,NAT_11,ဤသည်ကို ကြိုတင်သိရှိလိုဟန်ဖြင့် သူသည် မချိုမချဉ်ပြုံးကာ အဝေးသို့သာ ငေးရီနေသည်။,NAT
Writer19,Writer19/NAT12.png,NAT_12,ကမ္ဘာပေါ်ရှိ လူများသည် မတူညီသော ယဉ်ကျေးမှုနှင့် အတွေးအခေါ်များကို လက်ခံထားကြသည်။,NAT
Writer19,Writer19/NAT13.png,NAT_13,နေဝင်ချိန်တွင် ကောင်းကင်သည် လိမ္မော်ရောင်သို့ တဖြည်းဖြည်း ပြောင်းလဲသွားသည်။,NAT
Writer19,Writer19/NAT14.png,NAT_14,ခင်ဗျားတို့ မမေးခင်မှာပင် ကျွန်တော် ဖြေကြားရန် အဆင်သင့်ဖြစ်နေပါပြီ။,NAT
Writer19,Writer19/NAT15.png,NAT_15,သဘာဝဘေးဒဏ်များနှင့် လူသားတို့၏ မှားယွင်းသော ဆုံးဖြတ်ချက်များကြောင့် ပြဿနာများ ဖြစ်ပေါ်လာတတ်သည်။,NAT
Writer19,Writer19/NAT16.png,NAT_16,ကြီးမားသော အလှည့်အပြောင်းပါဝင်သည့် ဆုံးဖြတ်ချက်တစ်ခု ဖြစ်နေပါသလား။,NAT
Writer19,Writer19/NAT17.png,NAT_17,ကျွန်တော် ဌာနသို့ စတင်ရောက်ရှိလာသည့်အချိန်ကို ယနေ့တိုင် မှတ်မိနေသေးသည်။,NAT
Writer19,Writer19/NAT18.png,NAT_18,ကဗျာဆရာ၏ အတွေးရထားသည် လောကသံလမ်းတစ်နေရာတွင် ဘီးချော်တိမ်းမှောက်ခဲ့ပြီလား။,NAT
Writer19,Writer19/NAT19.png,NAT_19,ဒီနေ့ မိုးအနည်းငယ် ရွာနိုင်ပါတယ်။,NAT
Writer19,Writer19/NAT20.png,NAT_20,ကျွန်တော် မနက်တိုင်း လမ်းလျှောက်လေ့ရှိပါတယ်။,NAT
Writer19,Writer19/NAT21.png,NAT_21,ကလေးများသည် ကျောင်းဝင်းထဲတွင် ကစားနေကြသည်။,NAT
Writer19,Writer19/NAT22.png,NAT_22,မိသားစုအားလုံး ညစာအတူတူ စားကြသည်။,NAT
Writer19,Writer19/NAT23.png,NAT_23,သူမသည် စာကြည့်တိုက်မှ စာအုပ်တစ်အုပ် ငှားလာခဲ့သည်။,NAT
Writer19,Writer19/NAT24.png,NAT_24,ကျွန်တော်တို့ မနက်ဖြန် ခရီးထွက်ရန် စီစဉ်ထားသည်။,NAT
Writer19,Writer19/NAT25.png,NAT_25,လယ်သမားများသည် လယ်ကွင်းထဲတွင် အလုပ်လုပ်နေကြသည်။,NAT
Writer19,Writer19/NAT26.png,NAT_26,ရထားသည် နံနက် ကိုးနာရီတွင် ဘူတာသို့ ရောက်မည်။,NAT
Writer19,Writer19/NAT27.png,NAT_27,သူသည် ကော်ဖီတစ်ခွက် သောက်ပြီး အလုပ်စတင်ခဲ့သည်။,NAT
Writer19,Writer19/NAT28.png,NAT_28,မြန်မာနိုင်ငံတွင် ရိုးရာပွဲတော်များစွာ ရှိသည်။,NAT
Writer19,Writer19/NAT29.png,NAT_29,စျေးထဲတွင် လတ်ဆတ်သော သစ်သီးများ ရောင်းချနေသည်။,NAT
Writer19,Writer19/NAT30.png,NAT_30,ကျောင်းသားများသည် စာမေးပွဲအတွက် ကြိုးစားလေ့လာနေကြသည်။,NAT
Writer19,Writer19/NONCE01.png,NONCE_01,သျှိုင်းကွိမ်,NONCE
Writer19,Writer19/NONCE02.png,NONCE_02,ပြွမ်းဂျိန်,NONCE
Writer19,Writer19/NONCE03.png,NONCE_03,ညွှောင့်ပိမ်,NONCE
Writer19,Writer19/NONCE04.png,NONCE_04,ချွိန်ဖျော့,NONCE
Writer19,Writer19/NONCE05.png,NONCE_05,မြှိမ်းဇွက်,NONCE
Writer19,Writer19/NONCE06.png,NONCE_06,ကျွိုင်းဗြန်,NONCE
Writer19,Writer19/NONCE07.png,NONCE_07,ဖြွေးနိပ်,NONCE
Writer19,Writer19/NONCE08.png,NONCE_08,လျှိန်ဂွတ်,NONCE
Writer19,Writer19/NONCE09.png,NONCE_09,ပွှိုင်းဒျက်,NONCE
Writer19,Writer19/NONCE10.png,NONCE_10,ကြွိမ်းဖျန်,NONCE
Writer19,Writer19/RARE01.png,RARE_01,ဦးပညာကျော်သည် ၁၉၉၈ ခုနှစ်၊ မတ်လ ၂၃ ရက်နေ့တွင် မွေးဖွားခဲ့သည်။,RARE
Writer19,Writer19/RARE02.png,RARE_02,အမှတ် ၁၂၇၊ သရဖီလမ်း၊ ရတနာပုံမြို့နယ်တွင် နေထိုင်သည်။,RARE
Writer19,Writer19/RARE03.png,RARE_03,ဆက်သွယ်ရန် ဖုန်းနံပါတ်မှာ ၀၉-၇၈၁၂၃၄၅၆၇ ဖြစ်သည်။,RARE
Writer19,Writer19/RARE04.png,RARE_04,"စုစုပေါင်းကျသင့်ငွေမှာ ၁၂၈,၅၀၀ ကျပ် ဖြစ်သည်။",RARE
Writer19,Writer19/RARE05.png,RARE_05,မန္တလေးမှ မြစ်ကြီးနားသို့ ရထားအမှတ် ၃၅ ဖြင့် ထွက်ခွာမည်။,RARE
Writer19,Writer19/RARE06.png,RARE_06,ဒေါက်တာ သီဟဇော်ထွန်းသည် အဏုဇီဝဗေဒကို လေ့လာနေသည်။,RARE
Writer19,Writer19/RARE07.png,RARE_07,သင်တန်းအမှတ်စဉ် ML-၂၀၂၆-၀၇ ကို ဇူလိုင်လ ၁၅ ရက်နေ့တွင် စတင်မည်။,RARE
Writer19,Writer19/RARE08.png,RARE_08,ကန့်ဘလူမြို့နယ်၊ ထန်းကုန်းကျေးရွာတွင် စမ်းသပ်မှု ပြုလုပ်ခဲ့သည်။,RARE
Writer19,Writer19/RARE09.png,RARE_09,ဓာတ်ခွဲနမူနာကုဒ် BMY-၄၂၁၇ ကို အအေးခန်းထဲတွင် သိမ်းဆည်းထားသည်။,RARE
Writer19,Writer19/RARE10.png,RARE_10,ရှေးဟောင်းကျောက်စာကို မြန်မာသက္ကရာဇ် ၁၂၃၄ ခုနှစ်တွင် ရေးထိုးခဲ့သည်။,RARE
Writer20,Writer20/NAT01.png,NAT_01,အစောပိုင်း အမျိုးသမီးစာရေးဆရာများသည် စာရေးခြင်းဖြင့် ရပ်တည်ရန် အခက်အခဲများ ကြုံခဲ့ရသည်။,NAT
Writer20,Writer20/NAT02.png,NAT_02,မမလေးက ပြည်တွင်းယဉ်ကျေးမှုဘက်ကို အားပြုပြီး ကြည်အေးက လူသားဝါဒကို အသားပေးပါတယ်။,NAT
Writer20,Writer20/NAT03.png,NAT_03,သူသည် အကြောင်းအရာများကို သွယ်ဝိုက်ရေးသားတတ်သောကြောင့် စာဖတ်သူများ၏ စိတ်ဝင်စားမှုကို ရရှိခဲ့သည်။,NAT
Writer20,Writer20/NAT04.png,NAT_04,တစ်ခါက ဒီဝတ္ထုကြီးကို အကောင်းဆုံး မြန်မာဝတ္ထုရှည် ၅ ပုဒ်တွင် ပါဝင်သည်ဟု ချီးမွမ်းခဲ့ကြသည်။,NAT
Writer20,Writer20/NAT05.png,NAT_05,ကျောင်းသားလူငယ်များသည် လူငယ်များပီပီ ပျော်ပျော်ရွှင်ရွှင် နေချင်ကြသည်။,NAT
Writer20,Writer20/NAT06.png,NAT_06,ကျွန်မတို့နိုင်ငံသည် အရင်က လူတန်းစားများအကြား ကွာခြားမှုနည်းသော နိုင်ငံအဖြစ် လူသိများခဲ့သည်။,NAT
Writer20,Writer20/NAT07.png,NAT_07,လူတန်းစားများအကြား ကွာဟမှုကြီးထွားစေသော ကိစ္စများကို သေချာစွာ လေ့လာသင့်သည်။,NAT
Writer20,Writer20/NAT08.png,NAT_08,လယ်သမားများသည် သီးနှံကောင်းကောင်း ရရှိရန် နေ့စဉ် ကြိုးစားအလုပ်လုပ်ကြသည်။,NAT
Writer20,Writer20/NAT09.png,NAT_09,သုတေသနအဖွဲ့သည် လယ်သမားများ၏ အခြေအနေကို မေးမြန်းလေ့လာခဲ့သည်။,NAT
Writer20,Writer20/NAT10.png,NAT_10,တချို့လယ်သမားများသည် သီးနှံမအောင်မြင်ခြင်းနှင့် အကြွေးတင်ခြင်းကြောင့် လယ်ယာများကို ရောင်းချရသည်။,NAT
Writer20,Writer20/NAT11.png,NAT_11,ဤသည်ကို ကြိုတင်သိရှိလိုဟန်ဖြင့် သူသည် မချိုမချဉ်ပြုံးကာ အဝေးသို့သာ ငေးရီနေသည်။,NAT
Writer20,Writer20/NAT12.png,NAT_12,ကမ္ဘာပေါ်ရှိ လူများသည် မတူညီသော ယဉ်ကျေးမှုနှင့် အတွေးအခေါ်များကို လက်ခံထားကြသည်။,NAT
Writer20,Writer20/NAT13.png,NAT_13,နေဝင်ချိန်တွင် ကောင်းကင်သည် လိမ္မော်ရောင်သို့ တဖြည်းဖြည်း ပြောင်းလဲသွားသည်။,NAT
Writer20,Writer20/NAT14.png,NAT_14,ခင်ဗျားတို့ မမေးခင်မှာပင် ကျွန်တော် ဖြေကြားရန် အဆင်သင့်ဖြစ်နေပါပြီ။,NAT
Writer20,Writer20/NAT15.png,NAT_15,သဘာဝဘေးဒဏ်များနှင့် လူသားတို့၏ မှားယွင်းသော ဆုံးဖြတ်ချက်များကြောင့် ပြဿနာများ ဖြစ်ပေါ်လာတတ်သည်။,NAT
Writer20,Writer20/NAT16.png,NAT_16,ကြီးမားသော အလှည့်အပြောင်းပါဝင်သည့် ဆုံးဖြတ်ချက်တစ်ခု ဖြစ်နေပါသလား။,NAT
Writer20,Writer20/NAT17.png,NAT_17,ကျွန်တော် ဌာနသို့ စတင်ရောက်ရှိလာသည့်အချိန်ကို ယနေ့တိုင် မှတ်မိနေသေးသည်။,NAT
Writer20,Writer20/NAT18.png,NAT_18,ကဗျာဆရာ၏ အတွေးရထားသည် လောကသံလမ်းတစ်နေရာတွင် ဘီးချော်တိမ်းမှောက်ခဲ့ပြီလား။,NAT
Writer20,Writer20/NAT19.png,NAT_19,ဒီနေ့ မိုးအနည်းငယ် ရွာနိုင်ပါတယ်။,NAT
Writer20,Writer20/NAT20.png,NAT_20,ကျွန်တော် မနက်တိုင်း လမ်းလျှောက်လေ့ရှိပါတယ်။,NAT
Writer20,Writer20/NAT21.png,NAT_21,ကလေးများသည် ကျောင်းဝင်းထဲတွင် ကစားနေကြသည်။,NAT
Writer20,Writer20/NAT22.png,NAT_22,မိသားစုအားလုံး ညစာအတူတူ စားကြသည်။,NAT
Writer20,Writer20/NAT23.png,NAT_23,သူမသည် စာကြည့်တိုက်မှ စာအုပ်တစ်အုပ် ငှားလာခဲ့သည်။,NAT
Writer20,Writer20/NAT24.png,NAT_24,ကျွန်တော်တို့ မနက်ဖြန် ခရီးထွက်ရန် စီစဉ်ထားသည်။,NAT
Writer20,Writer20/NAT25.png,NAT_25,လယ်သမားများသည် လယ်ကွင်းထဲတွင် အလုပ်လုပ်နေကြသည်။,NAT
Writer20,Writer20/NAT26.png,NAT_26,ရထားသည် နံနက် ကိုးနာရီတွင် ဘူတာသို့ ရောက်မည်။,NAT
Writer20,Writer20/NAT27.png,NAT_27,သူသည် ကော်ဖီတစ်ခွက် သောက်ပြီး အလုပ်စတင်ခဲ့သည်။,NAT
Writer20,Writer20/NAT28.png,NAT_28,မြန်မာနိုင်ငံတွင် ရိုးရာပွဲတော်များစွာ ရှိသည်။,NAT
Writer20,Writer20/NAT29.png,NAT_29,စျေးထဲတွင် လတ်ဆတ်သော သစ်သီးများ ရောင်းချနေသည်။,NAT
Writer20,Writer20/NAT30.png,NAT_30,ကျောင်းသားများသည် စာမေးပွဲအတွက် ကြိုးစားလေ့လာနေကြသည်။,NAT
Writer20,Writer20/NONCE01.png,NONCE_01,သျှိုင်းကွိမ်,NONCE
Writer20,Writer20/NONCE02.png,NONCE_02,ပြွမ်းဂျိန်,NONCE
Writer20,Writer20/NONCE03.png,NONCE_03,ညွှောင့်ပိမ်,NONCE
Writer20,Writer20/NONCE04.png,NONCE_04,ချွိန်ဖျော့,NONCE
Writer20,Writer20/NONCE05.png,NONCE_05,မြှိမ်းဇွက်,NONCE
Writer20,Writer20/NONCE06.png,NONCE_06,ကျွိုင်းဗြန်,NONCE
Writer20,Writer20/NONCE07.png,NONCE_07,ဖြွေးနိပ်,NONCE
Writer20,Writer20/NONCE08.png,NONCE_08,လျှိန်ဂွတ်,NONCE
Writer20,Writer20/NONCE09.png,NONCE_09,ပွှိုင်းဒျက်,NONCE
Writer20,Writer20/NONCE10.png,NONCE_10,ကြွိမ်းဖျန်,NONCE
Writer20,Writer20/RARE01.png,RARE_01,ဦးပညာကျော်သည် ၁၉၉၈ ခုနှစ်၊ မတ်လ ၂၃ ရက်နေ့တွင် မွေးဖွားခဲ့သည်။,RARE
Writer20,Writer20/RARE02.png,RARE_02,အမှတ် ၁၂၇၊ သရဖီလမ်း၊ ရတနာပုံမြို့နယ်တွင် နေထိုင်သည်။,RARE
Writer20,Writer20/RARE03.png,RARE_03,ဆက်သွယ်ရန် ဖုန်းနံပါတ်မှာ ၀၉-၇၈၁၂၃၄၅၆၇ ဖြစ်သည်။,RARE
Writer20,Writer20/RARE04.png,RARE_04,"စုစုပေါင်းကျသင့်ငွေမှာ ၁၂၈,၅၀၀ ကျပ် ဖြစ်သည်။",RARE
Writer20,Writer20/RARE05.png,RARE_05,မန္တလေးမှ မြစ်ကြီးနားသို့ ရထားအမှတ် ၃၅ ဖြင့် ထွက်ခွာမည်။,RARE
Writer20,Writer20/RARE06.png,RARE_06,ဒေါက်တာ သီဟဇော်ထွန်းသည် အဏုဇီဝဗေဒကို လေ့လာနေသည်။,RARE
Writer20,Writer20/RARE07.png,RARE_07,သင်တန်းအမှတ်စဉ် ML-၂၀၂၆-၀၇ ကို ဇူလိုင်လ ၁၅ ရက်နေ့တွင် စတင်မည်။,RARE
Writer20,Writer20/RARE08.png,RARE_08,ကန့်ဘလူမြို့နယ်၊ ထန်းကုန်းကျေးရွာတွင် စမ်းသပ်မှု ပြုလုပ်ခဲ့သည်။,RARE
Writer20,Writer20/RARE09.png,RARE_09,ဓာတ်ခွဲနမူနာကုဒ် BMY-၄၂၁၇ ကို အအေးခန်းထဲတွင် သိမ်းဆည်းထားသည်။,RARE
Writer20,Writer20/RARE10.png,RARE_10,ရှေးဟောင်းကျောက်စာကို မြန်မာသက္ကရာဇ် ၁၂၃၄ ခုနှစ်တွင် ရေးထိုးခဲ့သည်။,RARE
Writer21,Writer21/NAT01.png,NAT_01,အစောပိုင်း အမျိုးသမီးစာရေးဆရာများသည် စာရေးခြင်းဖြင့် ရပ်တည်ရန် အခက်အခဲများ ကြုံခဲ့ရသည်။,NAT
Writer21,Writer21/NAT02.png,NAT_02,မမလေးက ပြည်တွင်းယဉ်ကျေးမှုဘက်ကို အားပြုပြီး ကြည်အေးက လူသားဝါဒကို အသားပေးပါတယ်။,NAT
Writer21,Writer21/NAT03.png,NAT_03,သူသည် အကြောင်းအရာများကို သွယ်ဝိုက်ရေးသားတတ်သောကြောင့် စာဖတ်သူများ၏ စိတ်ဝင်စားမှုကို ရရှိခဲ့သည်။,NAT
Writer21,Writer21/NAT04.png,NAT_04,တစ်ခါက ဒီဝတ္ထုကြီးကို အကောင်းဆုံး မြန်မာဝတ္ထုရှည် ၅ ပုဒ်တွင် ပါဝင်သည်ဟု ချီးမွမ်းခဲ့ကြသည်။,NAT
Writer21,Writer21/NAT05.png,NAT_05,ကျောင်းသားလူငယ်များသည် လူငယ်များပီပီ ပျော်ပျော်ရွှင်ရွှင် နေချင်ကြသည်။,NAT
Writer21,Writer21/NAT06.png,NAT_06,ကျွန်မတို့နိုင်ငံသည် အရင်က လူတန်းစားများအကြား ကွာခြားမှုနည်းသော နိုင်ငံအဖြစ် လူသိများခဲ့သည်။,NAT
Writer21,Writer21/NAT07.png,NAT_07,လူတန်းစားများအကြား ကွာဟမှုကြီးထွားစေသော ကိစ္စများကို သေချာစွာ လေ့လာသင့်သည်။,NAT
Writer21,Writer21/NAT08.png,NAT_08,လယ်သမားများသည် သီးနှံကောင်းကောင်း ရရှိရန် နေ့စဉ် ကြိုးစားအလုပ်လုပ်ကြသည်။,NAT
Writer21,Writer21/NAT09.png,NAT_09,သုတေသနအဖွဲ့သည် လယ်သမားများ၏ အခြေအနေကို မေးမြန်းလေ့လာခဲ့သည်။,NAT
Writer21,Writer21/NAT10.png,NAT_10,တချို့လယ်သမားများသည် သီးနှံမအောင်မြင်ခြင်းနှင့် အကြွေးတင်ခြင်းကြောင့် လယ်ယာများကို ရောင်းချရသည်။,NAT
Writer21,Writer21/NAT11.png,NAT_11,ဤသည်ကို ကြိုတင်သိရှိလိုဟန်ဖြင့် သူသည် မချိုမချဉ်ပြုံးကာ အဝေးသို့သာ ငေးရီနေသည်။,NAT
Writer21,Writer21/NAT12.png,NAT_12,ကမ္ဘာပေါ်ရှိ လူများသည် မတူညီသော ယဉ်ကျေးမှုနှင့် အတွေးအခေါ်များကို လက်ခံထားကြသည်။,NAT
Writer21,Writer21/NAT13.png,NAT_13,နေဝင်ချိန်တွင် ကောင်းကင်သည် လိမ္မော်ရောင်သို့ တဖြည်းဖြည်း ပြောင်းလဲသွားသည်။,NAT
Writer21,Writer21/NAT14.png,NAT_14,ခင်ဗျားတို့ မမေးခင်မှာပင် ကျွန်တော် ဖြေကြားရန် အဆင်သင့်ဖြစ်နေပါပြီ။,NAT
Writer21,Writer21/NAT15.png,NAT_15,သဘာဝဘေးဒဏ်များနှင့် လူသားတို့၏ မှားယွင်းသော ဆုံးဖြတ်ချက်များကြောင့် ပြဿနာများ ဖြစ်ပေါ်လာတတ်သည်။,NAT
Writer21,Writer21/NAT16.png,NAT_16,ကြီးမားသော အလှည့်အပြောင်းပါဝင်သည့် ဆုံးဖြတ်ချက်တစ်ခု ဖြစ်နေပါသလား။,NAT
Writer21,Writer21/NAT17.png,NAT_17,ကျွန်တော် ဌာနသို့ စတင်ရောက်ရှိလာသည့်အချိန်ကို ယနေ့တိုင် မှတ်မိနေသေးသည်။,NAT
Writer21,Writer21/NAT18.png,NAT_18,ကဗျာဆရာ၏ အတွေးရထားသည် လောကသံလမ်းတစ်နေရာတွင် ဘီးချော်တိမ်းမှောက်ခဲ့ပြီလား။,NAT
Writer21,Writer21/NAT19.png,NAT_19,ဒီနေ့ မိုးအနည်းငယ် ရွာနိုင်ပါတယ်။,NAT
Writer21,Writer21/NAT20.png,NAT_20,ကျွန်တော် မနက်တိုင်း လမ်းလျှောက်လေ့ရှိပါတယ်။,NAT
Writer21,Writer21/NAT21.png,NAT_21,ကလေးများသည် ကျောင်းဝင်းထဲတွင် ကစားနေကြသည်။,NAT
Writer21,Writer21/NAT22.png,NAT_22,မိသားစုအားလုံး ညစာအတူတူ စားကြသည်။,NAT
Writer21,Writer21/NAT23.png,NAT_23,သူမသည် စာကြည့်တိုက်မှ စာအုပ်တစ်အုပ် ငှားလာခဲ့သည်။,NAT
Writer21,Writer21/NAT24.png,NAT_24,ကျွန်တော်တို့ မနက်ဖြန် ခရီးထွက်ရန် စီစဉ်ထားသည်။,NAT
Writer21,Writer21/NAT25.png,NAT_25,လယ်သမားများသည် လယ်ကွင်းထဲတွင် အလုပ်လုပ်နေကြသည်။,NAT
Writer21,Writer21/NAT26.png,NAT_26,ရထားသည် နံနက် ကိုးနာရီတွင် ဘူတာသို့ ရောက်မည်။,NAT
Writer21,Writer21/NAT27.png,NAT_27,သူသည် ကော်ဖီတစ်ခွက် သောက်ပြီး အလုပ်စတင်ခဲ့သည်။,NAT
Writer21,Writer21/NAT28.png,NAT_28,မြန်မာနိုင်ငံတွင် ရိုးရာပွဲတော်များစွာ ရှိသည်။,NAT
Writer21,Writer21/NAT29.png,NAT_29,စျေးထဲတွင် လတ်ဆတ်သော သစ်သီးများ ရောင်းချနေသည်။,NAT
Writer21,Writer21/NAT30.png,NAT_30,ကျောင်းသားများသည် စာမေးပွဲအတွက် ကြိုးစားလေ့လာနေကြသည်။,NAT
Writer21,Writer21/NONCE01.png,NONCE_01,သျှိုင်းကွိမ်,NONCE
Writer21,Writer21/NONCE02.png,NONCE_02,ပြွမ်းဂျိန်,NONCE
Writer21,Writer21/NONCE03.png,NONCE_03,ညွှောင့်ပိမ်,NONCE
Writer21,Writer21/NONCE04.png,NONCE_04,ချွိန်ဖျော့,NONCE
Writer21,Writer21/NONCE05.png,NONCE_05,မြှိမ်းဇွက်,NONCE
Writer21,Writer21/NONCE06.png,NONCE_06,ကျွိုင်းဗြန်,NONCE
Writer21,Writer21/NONCE07.png,NONCE_07,ဖြွေးနိပ်,NONCE
Writer21,Writer21/NONCE08.png,NONCE_08,လျှိန်ဂွတ်,NONCE
Writer21,Writer21/NONCE09.png,NONCE_09,ပွှိုင်းဒျက်,NONCE
Writer21,Writer21/NONCE10.png,NONCE_10,ကြွိမ်းဖျန်,NONCE
Writer21,Writer21/RARE01.png,RARE_01,ဦးပညာကျော်သည် ၁၉၉၈ ခုနှစ်၊ မတ်လ ၂၃ ရက်နေ့တွင် မွေးဖွားခဲ့သည်။,RARE
Writer21,Writer21/RARE02.png,RARE_02,အမှတ် ၁၂၇၊ သရဖီလမ်း၊ ရတနာပုံမြို့နယ်တွင် နေထိုင်သည်။,RARE
Writer21,Writer21/RARE03.png,RARE_03,ဆက်သွယ်ရန် ဖုန်းနံပါတ်မှာ ၀၉-၇၈၁၂၃၄၅၆၇ ဖြစ်သည်။,RARE
Writer21,Writer21/RARE04.png,RARE_04,"စုစုပေါင်းကျသင့်ငွေမှာ ၁၂၈,၅၀၀ ကျပ် ဖြစ်သည်။",RARE
Writer21,Writer21/RARE05.png,RARE_05,မန္တလေးမှ မြစ်ကြီးနားသို့ ရထားအမှတ် ၃၅ ဖြင့် ထွက်ခွာမည်။,RARE
Writer21,Writer21/RARE06.png,RARE_06,ဒေါက်တာ သီဟဇော်ထွန်းသည် အဏုဇီဝဗေဒကို လေ့လာနေသည်။,RARE
Writer21,Writer21/RARE07.png,RARE_07,သင်တန်းအမှတ်စဉ် ML-၂၀၂၆-၀၇ ကို ဇူလိုင်လ ၁၅ ရက်နေ့တွင် စတင်မည်။,RARE
Writer21,Writer21/RARE08.png,RARE_08,ကန့်ဘလူမြို့နယ်၊ ထန်းကုန်းကျေးရွာတွင် စမ်းသပ်မှု ပြုလုပ်ခဲ့သည်။,RARE
Writer21,Writer21/RARE09.png,RARE_09,ဓာတ်ခွဲနမူနာကုဒ် BMY-၄၂၁၇ ကို အအေးခန်းထဲတွင် သိမ်းဆည်းထားသည်။,RARE
Writer21,Writer21/RARE10.png,RARE_10,ရှေးဟောင်းကျောက်စာကို မြန်မာသက္ကရာဇ် ၁၂၃၄ ခုနှစ်တွင် ရေးထိုးခဲ့သည်။,RARE
Writer22,Writer22/NAT01.png,NAT_01,အစောပိုင်း အမျိုးသမီးစာရေးဆရာများသည် စာရေးခြင်းဖြင့် ရပ်တည်ရန် အခက်အခဲများ ကြုံခဲ့ရသည်။,NAT
Writer22,Writer22/NAT02.png,NAT_02,မမလေးက ပြည်တွင်းယဉ်ကျေးမှုဘက်ကို အားပြုပြီး ကြည်အေးက လူသားဝါဒကို အသားပေးပါတယ်။,NAT
Writer22,Writer22/NAT03.png,NAT_03,သူသည် အကြောင်းအရာများကို သွယ်ဝိုက်ရေးသားတတ်သောကြောင့် စာဖတ်သူများ၏ စိတ်ဝင်စားမှုကို ရရှိခဲ့သည်။,NAT
Writer22,Writer22/NAT04.png,NAT_04,တစ်ခါက ဒီဝတ္ထုကြီးကို အကောင်းဆုံး မြန်မာဝတ္ထုရှည် ၅ ပုဒ်တွင် ပါဝင်သည်ဟု ချီးမွမ်းခဲ့ကြသည်။,NAT
Writer22,Writer22/NAT05.png,NAT_05,ကျောင်းသားလူငယ်များသည် လူငယ်များပီပီ ပျော်ပျော်ရွှင်ရွှင် နေချင်ကြသည်။,NAT
Writer22,Writer22/NAT06.png,NAT_06,ကျွန်မတို့နိုင်ငံသည် အရင်က လူတန်းစားများအကြား ကွာခြားမှုနည်းသော နိုင်ငံအဖြစ် လူသိများခဲ့သည်။,NAT
Writer22,Writer22/NAT07.png,NAT_07,လူတန်းစားများအကြား ကွာဟမှုကြီးထွားစေသော ကိစ္စများကို သေချာစွာ လေ့လာသင့်သည်။,NAT
Writer22,Writer22/NAT08.png,NAT_08,လယ်သမားများသည် သီးနှံကောင်းကောင်း ရရှိရန် နေ့စဉ် ကြိုးစားအလုပ်လုပ်ကြသည်။,NAT
Writer22,Writer22/NAT09.png,NAT_09,သုတေသနအဖွဲ့သည် လယ်သမားများ၏ အခြေအနေကို မေးမြန်းလေ့လာခဲ့သည်။,NAT
Writer22,Writer22/NAT10.png,NAT_10,တချို့လယ်သမားများသည် သီးနှံမအောင်မြင်ခြင်းနှင့် အကြွေးတင်ခြင်းကြောင့် လယ်ယာများကို ရောင်းချရသည်။,NAT
Writer22,Writer22/NAT11.png,NAT_11,ဤသည်ကို ကြိုတင်သိရှိလိုဟန်ဖြင့် သူသည် မချိုမချဉ်ပြုံးကာ အဝေးသို့သာ ငေးရီနေသည်။,NAT
Writer22,Writer22/NAT12.png,NAT_12,ကမ္ဘာပေါ်ရှိ လူများသည် မတူညီသော ယဉ်ကျေးမှုနှင့် အတွေးအခေါ်များကို လက်ခံထားကြသည်။,NAT
Writer22,Writer22/NAT13.png,NAT_13,နေဝင်ချိန်တွင် ကောင်းကင်သည် လိမ္မော်ရောင်သို့ တဖြည်းဖြည်း ပြောင်းလဲသွားသည်။,NAT
Writer22,Writer22/NAT14.png,NAT_14,ခင်ဗျားတို့ မမေးခင်မှာပင် ကျွန်တော် ဖြေကြားရန် အဆင်သင့်ဖြစ်နေပါပြီ။,NAT
Writer22,Writer22/NAT15.png,NAT_15,သဘာဝဘေးဒဏ်များနှင့် လူသားတို့၏ မှားယွင်းသော ဆုံးဖြတ်ချက်များကြောင့် ပြဿနာများ ဖြစ်ပေါ်လာတတ်သည်။,NAT
Writer22,Writer22/NAT16.png,NAT_16,ကြီးမားသော အလှည့်အပြောင်းပါဝင်သည့် ဆုံးဖြတ်ချက်တစ်ခု ဖြစ်နေပါသလား။,NAT
Writer22,Writer22/NAT17.png,NAT_17,ကျွန်တော် ဌာနသို့ စတင်ရောက်ရှိလာသည့်အချိန်ကို ယနေ့တိုင် မှတ်မိနေသေးသည်။,NAT
Writer22,Writer22/NAT18.png,NAT_18,ကဗျာဆရာ၏ အတွေးရထားသည် လောကသံလမ်းတစ်နေရာတွင် ဘီးချော်တိမ်းမှောက်ခဲ့ပြီလား။,NAT
Writer22,Writer22/NAT19.png,NAT_19,ဒီနေ့ မိုးအနည်းငယ် ရွာနိုင်ပါတယ်။,NAT
Writer22,Writer22/NAT20.png,NAT_20,ကျွန်တော် မနက်တိုင်း လမ်းလျှောက်လေ့ရှိပါတယ်။,NAT
Writer22,Writer22/NAT21.png,NAT_21,ကလေးများသည် ကျောင်းဝင်းထဲတွင် ကစားနေကြသည်။,NAT
Writer22,Writer22/NAT22.png,NAT_22,မိသားစုအားလုံး ညစာအတူတူ စားကြသည်။,NAT
Writer22,Writer22/NAT23.png,NAT_23,သူမသည် စာကြည့်တိုက်မှ စာအုပ်တစ်အုပ် ငှားလာခဲ့သည်။,NAT
Writer22,Writer22/NAT24.png,NAT_24,ကျွန်တော်တို့ မနက်ဖြန် ခရီးထွက်ရန် စီစဉ်ထားသည်။,NAT
Writer22,Writer22/NAT25.png,NAT_25,လယ်သမားများသည် လယ်ကွင်းထဲတွင် အလုပ်လုပ်နေကြသည်။,NAT
Writer22,Writer22/NAT26.png,NAT_26,ရထားသည် နံနက် ကိုးနာရီတွင် ဘူတာသို့ ရောက်မည်။,NAT
Writer22,Writer22/NAT27.png,NAT_27,သူသည် ကော်ဖီတစ်ခွက် သောက်ပြီး အလုပ်စတင်ခဲ့သည်။,NAT
Writer22,Writer22/NAT28.png,NAT_28,မြန်မာနိုင်ငံတွင် ရိုးရာပွဲတော်များစွာ ရှိသည်။,NAT
Writer22,Writer22/NAT29.png,NAT_29,စျေးထဲတွင် လတ်ဆတ်သော သစ်သီးများ ရောင်းချနေသည်။,NAT
Writer22,Writer22/NAT30.png,NAT_30,ကျောင်းသားများသည် စာမေးပွဲအတွက် ကြိုးစားလေ့လာနေကြသည်။,NAT
Writer22,Writer22/NONCE01.png,NONCE_01,သျှိုင်းကွိမ်,NONCE
Writer22,Writer22/NONCE02.png,NONCE_02,ပြွမ်းဂျိန်,NONCE
Writer22,Writer22/NONCE03.png,NONCE_03,ညွှောင့်ပိမ်,NONCE
Writer22,Writer22/NONCE04.png,NONCE_04,ချွိန်ဖျော့,NONCE
Writer22,Writer22/NONCE05.png,NONCE_05,မြှိမ်းဇွက်,NONCE
Writer22,Writer22/NONCE06.png,NONCE_06,ကျွိုင်းဗြန်,NONCE
Writer22,Writer22/NONCE07.png,NONCE_07,ဖြွေးနိပ်,NONCE
Writer22,Writer22/NONCE08.png,NONCE_08,လျှိန်ဂွတ်,NONCE
Writer22,Writer22/NONCE09.png,NONCE_09,ပွှိုင်းဒျက်,NONCE
Writer22,Writer22/NONCE10.png,NONCE_10,ကြွိမ်းဖျန်,NONCE
Writer22,Writer22/RARE01.png,RARE_01,ဦးပညာကျော်သည် ၁၉၉၈ ခုနှစ်၊ မတ်လ ၂၃ ရက်နေ့တွင် မွေးဖွားခဲ့သည်။,RARE
Writer22,Writer22/RARE02.png,RARE_02,အမှတ် ၁၂၇၊ သရဖီလမ်း၊ ရတနာပုံမြို့နယ်တွင် နေထိုင်သည်။,RARE
Writer22,Writer22/RARE03.png,RARE_03,ဆက်သွယ်ရန် ဖုန်းနံပါတ်မှာ ၀၉-၇၈၁၂၃၄၅၆၇ ဖြစ်သည်။,RARE
Writer22,Writer22/RARE04.png,RARE_04,"စုစုပေါင်းကျသင့်ငွေမှာ ၁၂၈,၅၀၀ ကျပ် ဖြစ်သည်။",RARE
Writer22,Writer22/RARE05.png,RARE_05,မန္တလေးမှ မြစ်ကြီးနားသို့ ရထားအမှတ် ၃၅ ဖြင့် ထွက်ခွာမည်။,RARE
Writer22,Writer22/RARE06.png,RARE_06,ဒေါက်တာ သီဟဇော်ထွန်းသည် အဏုဇီဝဗေဒကို လေ့လာနေသည်။,RARE
Writer22,Writer22/RARE07.png,RARE_07,သင်တန်းအမှတ်စဉ် ML-၂၀၂၆-၀၇ ကို ဇူလိုင်လ ၁၅ ရက်နေ့တွင် စတင်မည်။,RARE
Writer22,Writer22/RARE08.png,RARE_08,ကန့်ဘလူမြို့နယ်၊ ထန်းကုန်းကျေးရွာတွင် စမ်းသပ်မှု ပြုလုပ်ခဲ့သည်။,RARE
Writer22,Writer22/RARE09.png,RARE_09,ဓာတ်ခွဲနမူနာကုဒ် BMY-၄၂၁၇ ကို အအေးခန်းထဲတွင် သိမ်းဆည်းထားသည်။,RARE
Writer22,Writer22/RARE10.png,RARE_10,ရှေးဟောင်းကျောက်စာကို မြန်မာသက္ကရာဇ် ၁၂၃၄ ခုနှစ်တွင် ရေးထိုးခဲ့သည်။,RARE
Writer23,Writer23/NAT01.png,NAT_01,အစောပိုင်း အမျိုးသမီးစာရေးဆရာများသည် စာရေးခြင်းဖြင့် ရပ်တည်ရန် အခက်အခဲများ ကြုံခဲ့ရသည်။,NAT
Writer23,Writer23/NAT02.png,NAT_02,မမလေးက ပြည်တွင်းယဉ်ကျေးမှုဘက်ကို အားပြုပြီး ကြည်အေးက လူသားဝါဒကို အသားပေးပါတယ်။,NAT
Writer23,Writer23/NAT03.png,NAT_03,သူသည် အကြောင်းအရာများကို သွယ်ဝိုက်ရေးသားတတ်သောကြောင့် စာဖတ်သူများ၏ စိတ်ဝင်စားမှုကို ရရှိခဲ့သည်။,NAT
Writer23,Writer23/NAT04.png,NAT_04,တစ်ခါက ဒီဝတ္ထုကြီးကို အကောင်းဆုံး မြန်မာဝတ္ထုရှည် ၅ ပုဒ်တွင် ပါဝင်သည်ဟု ချီးမွမ်းခဲ့ကြသည်။,NAT
Writer23,Writer23/NAT05.png,NAT_05,ကျောင်းသားလူငယ်များသည် လူငယ်များပီပီ ပျော်ပျော်ရွှင်ရွှင် နေချင်ကြသည်။,NAT
Writer23,Writer23/NAT06.png,NAT_06,ကျွန်မတို့နိုင်ငံသည် အရင်က လူတန်းစားများအကြား ကွာခြားမှုနည်းသော နိုင်ငံအဖြစ် လူသိများခဲ့သည်။,NAT
Writer23,Writer23/NAT07.png,NAT_07,လူတန်းစားများအကြား ကွာဟမှုကြီးထွားစေသော ကိစ္စများကို သေချာစွာ လေ့လာသင့်သည်။,NAT
Writer23,Writer23/NAT08.png,NAT_08,လယ်သမားများသည် သီးနှံကောင်းကောင်း ရရှိရန် နေ့စဉ် ကြိုးစားအလုပ်လုပ်ကြသည်။,NAT
Writer23,Writer23/NAT09.png,NAT_09,သုတေသနအဖွဲ့သည် လယ်သမားများ၏ အခြေအနေကို မေးမြန်းလေ့လာခဲ့သည်။,NAT
Writer23,Writer23/NAT10.png,NAT_10,တချို့လယ်သမားများသည် သီးနှံမအောင်မြင်ခြင်းနှင့် အကြွေးတင်ခြင်းကြောင့် လယ်ယာများကို ရောင်းချရသည်။,NAT
Writer23,Writer23/NAT11.png,NAT_11,ဤသည်ကို ကြိုတင်သိရှိလိုဟန်ဖြင့် သူသည် မချိုမချဉ်ပြုံးကာ အဝေးသို့သာ ငေးရီနေသည်။,NAT
Writer23,Writer23/NAT12.png,NAT_12,ကမ္ဘာပေါ်ရှိ လူများသည် မတူညီသော ယဉ်ကျေးမှုနှင့် အတွေးအခေါ်များကို လက်ခံထားကြသည်။,NAT
Writer23,Writer23/NAT13.png,NAT_13,နေဝင်ချိန်တွင် ကောင်းကင်သည် လိမ္မော်ရောင်သို့ တဖြည်းဖြည်း ပြောင်းလဲသွားသည်။,NAT
Writer23,Writer23/NAT14.png,NAT_14,ခင်ဗျားတို့ မမေးခင်မှာပင် ကျွန်တော် ဖြေကြားရန် အဆင်သင့်ဖြစ်နေပါပြီ။,NAT
Writer23,Writer23/NAT15.png,NAT_15,သဘာဝဘေးဒဏ်များနှင့် လူသားတို့၏ မှားယွင်းသော ဆုံးဖြတ်ချက်များကြောင့် ပြဿနာများ ဖြစ်ပေါ်လာတတ်သည်။,NAT
Writer23,Writer23/NAT16.png,NAT_16,ကြီးမားသော အလှည့်အပြောင်းပါဝင်သည့် ဆုံးဖြတ်ချက်တစ်ခု ဖြစ်နေပါသလား။,NAT
Writer23,Writer23/NAT17.png,NAT_17,ကျွန်တော် ဌာနသို့ စတင်ရောက်ရှိလာသည့်အချိန်ကို ယနေ့တိုင် မှတ်မိနေသေးသည်။,NAT
Writer23,Writer23/NAT18.png,NAT_18,ကဗျာဆရာ၏ အတွေးရထားသည် လောကသံလမ်းတစ်နေရာတွင် ဘီးချော်တိမ်းမှောက်ခဲ့ပြီလား။,NAT
Writer23,Writer23/NAT19.png,NAT_19,ဒီနေ့ မိုးအနည်းငယ် ရွာနိုင်ပါတယ်။,NAT
Writer23,Writer23/NAT20.png,NAT_20,ကျွန်တော် မနက်တိုင်း လမ်းလျှောက်လေ့ရှိပါတယ်။,NAT
Writer23,Writer23/NAT21.png,NAT_21,ကလေးများသည် ကျောင်းဝင်းထဲတွင် ကစားနေကြသည်။,NAT
Writer23,Writer23/NAT22.png,NAT_22,မိသားစုအားလုံး ညစာအတူတူ စားကြသည်။,NAT
Writer23,Writer23/NAT23.png,NAT_23,သူမသည် စာကြည့်တိုက်မှ စာအုပ်တစ်အုပ် ငှားလာခဲ့သည်။,NAT
Writer23,Writer23/NAT24.png,NAT_24,ကျွန်တော်တို့ မနက်ဖြန် ခရီးထွက်ရန် စီစဉ်ထားသည်။,NAT
Writer23,Writer23/NAT25.png,NAT_25,လယ်သမားများသည် လယ်ကွင်းထဲတွင် အလုပ်လုပ်နေကြသည်။,NAT
Writer23,Writer23/NAT26.png,NAT_26,ရထားသည် နံနက် ကိုးနာရီတွင် ဘူတာသို့ ရောက်မည်။,NAT
Writer23,Writer23/NAT27.png,NAT_27,သူသည် ကော်ဖီတစ်ခွက် သောက်ပြီး အလုပ်စတင်ခဲ့သည်။,NAT
Writer23,Writer23/NAT28.png,NAT_28,မြန်မာနိုင်ငံတွင် ရိုးရာပွဲတော်များစွာ ရှိသည်။,NAT
Writer23,Writer23/NAT29.png,NAT_29,စျေးထဲတွင် လတ်ဆတ်သော သစ်သီးများ ရောင်းချနေသည်။,NAT
Writer23,Writer23/NAT30.png,NAT_30,ကျောင်းသားများသည် စာမေးပွဲအတွက် ကြိုးစားလေ့လာနေကြသည်။,NAT
Writer23,Writer23/NONCE01.png,NONCE_01,သျှိုင်းကွိမ်,NONCE
Writer23,Writer23/NONCE02.png,NONCE_02,ပြွမ်းဂျိန်,NONCE
Writer23,Writer23/NONCE03.png,NONCE_03,ညွှောင့်ပိမ်,NONCE
Writer23,Writer23/NONCE04.png,NONCE_04,ချွိန်ဖျော့,NONCE
Writer23,Writer23/NONCE05.png,NONCE_05,မြှိမ်းဇွက်,NONCE
Writer23,Writer23/NONCE06.png,NONCE_06,ကျွိုင်းဗြန်,NONCE
Writer23,Writer23/NONCE07.png,NONCE_07,ဖြွေးနိပ်,NONCE
Writer23,Writer23/NONCE08.png,NONCE_08,လျှိန်ဂွတ်,NONCE
Writer23,Writer23/NONCE09.png,NONCE_09,ပွှိုင်းဒျက်,NONCE
Writer23,Writer23/NONCE10.png,NONCE_10,ကြွိမ်းဖျန်,NONCE
Writer23,Writer23/RARE01.png,RARE_01,ဦးပညာကျော်သည် ၁၉၉၈ ခုနှစ်၊ မတ်လ ၂၃ ရက်နေ့တွင် မွေးဖွားခဲ့သည်။,RARE
Writer23,Writer23/RARE02.png,RARE_02,အမှတ် ၁၂၇၊ သရဖီလမ်း၊ ရတနာပုံမြို့နယ်တွင် နေထိုင်သည်။,RARE
Writer23,Writer23/RARE03.png,RARE_03,ဆက်သွယ်ရန် ဖုန်းနံပါတ်မှာ ၀၉-၇၈၁၂၃၄၅၆၇ ဖြစ်သည်။,RARE
Writer23,Writer23/RARE04.png,RARE_04,"စုစုပေါင်းကျသင့်ငွေမှာ ၁၂၈,၅၀၀ ကျပ် ဖြစ်သည်။",RARE
Writer23,Writer23/RARE05.png,RARE_05,မန္တလေးမှ မြစ်ကြီးနားသို့ ရထားအမှတ် ၃၅ ဖြင့် ထွက်ခွာမည်။,RARE
Writer23,Writer23/RARE06.png,RARE_06,ဒေါက်တာ သီဟဇော်ထွန်းသည် အဏုဇီဝဗေဒကို လေ့လာနေသည်။,RARE
Writer23,Writer23/RARE07.png,RARE_07,သင်တန်းအမှတ်စဉ် ML-၂၀၂၆-၀၇ ကို ဇူလိုင်လ ၁၅ ရက်နေ့တွင် စတင်မည်။,RARE
Writer23,Writer23/RARE08.png,RARE_08,ကန့်ဘလူမြို့နယ်၊ ထန်းကုန်းကျေးရွာတွင် စမ်းသပ်မှု ပြုလုပ်ခဲ့သည်။,RARE
Writer23,Writer23/RARE09.png,RARE_09,ဓာတ်ခွဲနမူနာကုဒ် BMY-၄၂၁၇ ကို အအေးခန်းထဲတွင် သိမ်းဆည်းထားသည်။,RARE
Writer23,Writer23/RARE10.png,RARE_10,ရှေးဟောင်းကျောက်စာကို မြန်မာသက္ကရာဇ် ၁၂၃၄ ခုနှစ်တွင် ရေးထိုးခဲ့သည်။,RARE
Writer24,Writer24/NAT01.png,NAT_01,အစောပိုင်း အမျိုးသမီးစာရေးဆရာများသည် စာရေးခြင်းဖြင့် ရပ်တည်ရန် အခက်အခဲများ ကြုံခဲ့ရသည်။,NAT
Writer24,Writer24/NAT02.png,NAT_02,မမလေးက ပြည်တွင်းယဉ်ကျေးမှုဘက်ကို အားပြုပြီး ကြည်အေးက လူသားဝါဒကို အသားပေးပါတယ်။,NAT
Writer24,Writer24/NAT03.png,NAT_03,သူသည် အကြောင်းအရာများကို သွယ်ဝိုက်ရေးသားတတ်သောကြောင့် စာဖတ်သူများ၏ စိတ်ဝင်စားမှုကို ရရှိခဲ့သည်။,NAT
Writer24,Writer24/NAT04.png,NAT_04,တစ်ခါက ဒီဝတ္ထုကြီးကို အကောင်းဆုံး မြန်မာဝတ္ထုရှည် ၅ ပုဒ်တွင် ပါဝင်သည်ဟု ချီးမွမ်းခဲ့ကြသည်။,NAT
Writer24,Writer24/NAT05.png,NAT_05,ကျောင်းသားလူငယ်များသည် လူငယ်များပီပီ ပျော်ပျော်ရွှင်ရွှင် နေချင်ကြသည်။,NAT
Writer24,Writer24/NAT06.png,NAT_06,ကျွန်မတို့နိုင်ငံသည် အရင်က လူတန်းစားများအကြား ကွာခြားမှုနည်းသော နိုင်ငံအဖြစ် လူသိများခဲ့သည်။,NAT
Writer24,Writer24/NAT07.png,NAT_07,လူတန်းစားများအကြား ကွာဟမှုကြီးထွားစေသော ကိစ္စများကို သေချာစွာ လေ့လာသင့်သည်။,NAT
Writer24,Writer24/NAT08.png,NAT_08,လယ်သမားများသည် သီးနှံကောင်းကောင်း ရရှိရန် နေ့စဉ် ကြိုးစားအလုပ်လုပ်ကြသည်။,NAT
Writer24,Writer24/NAT09.png,NAT_09,သုတေသနအဖွဲ့သည် လယ်သမားများ၏ အခြေအနေကို မေးမြန်းလေ့လာခဲ့သည်။,NAT
Writer24,Writer24/NAT10.png,NAT_10,တချို့လယ်သမားများသည် သီးနှံမအောင်မြင်ခြင်းနှင့် အကြွေးတင်ခြင်းကြောင့် လယ်ယာများကို ရောင်းချရသည်။,NAT
Writer24,Writer24/NAT11.png,NAT_11,ဤသည်ကို ကြိုတင်သိရှိလိုဟန်ဖြင့် သူသည် မချိုမချဉ်ပြုံးကာ အဝေးသို့သာ ငေးရီနေသည်။,NAT
Writer24,Writer24/NAT12.png,NAT_12,ကမ္ဘာပေါ်ရှိ လူများသည် မတူညီသော ယဉ်ကျေးမှုနှင့် အတွေးအခေါ်များကို လက်ခံထားကြသည်။,NAT
Writer24,Writer24/NAT13.png,NAT_13,နေဝင်ချိန်တွင် ကောင်းကင်သည် လိမ္မော်ရောင်သို့ တဖြည်းဖြည်း ပြောင်းလဲသွားသည်။,NAT
Writer24,Writer24/NAT14.png,NAT_14,ခင်ဗျားတို့ မမေးခင်မှာပင် ကျွန်တော် ဖြေကြားရန် အဆင်သင့်ဖြစ်နေပါပြီ။,NAT
Writer24,Writer24/NAT15.png,NAT_15,သဘာဝဘေးဒဏ်များနှင့် လူသားတို့၏ မှားယွင်းသော ဆုံးဖြတ်ချက်များကြောင့် ပြဿနာများ ဖြစ်ပေါ်လာတတ်သည်။,NAT
Writer24,Writer24/NAT16.png,NAT_16,ကြီးမားသော အလှည့်အပြောင်းပါဝင်သည့် ဆုံးဖြတ်ချက်တစ်ခု ဖြစ်နေပါသလား။,NAT
Writer24,Writer24/NAT17.png,NAT_17,ကျွန်တော် ဌာနသို့ စတင်ရောက်ရှိလာသည့်အချိန်ကို ယနေ့တိုင် မှတ်မိနေသေးသည်။,NAT
Writer24,Writer24/NAT18.png,NAT_18,ကဗျာဆရာ၏ အတွေးရထားသည် လောကသံလမ်းတစ်နေရာတွင် ဘီးချော်တိမ်းမှောက်ခဲ့ပြီလား။,NAT
Writer24,Writer24/NAT19.png,NAT_19,ဒီနေ့ မိုးအနည်းငယ် ရွာနိုင်ပါတယ်။,NAT
Writer24,Writer24/NAT20.png,NAT_20,ကျွန်တော် မနက်တိုင်း လမ်းလျှောက်လေ့ရှိပါတယ်။,NAT
Writer24,Writer24/NAT21.png,NAT_21,ကလေးများသည် ကျောင်းဝင်းထဲတွင် ကစားနေကြသည်။,NAT
Writer24,Writer24/NAT22.png,NAT_22,မိသားစုအားလုံး ညစာအတူတူ စားကြသည်။,NAT
Writer24,Writer24/NAT23.png,NAT_23,သူမသည် စာကြည့်တိုက်မှ စာအုပ်တစ်အုပ် ငှားလာခဲ့သည်။,NAT
Writer24,Writer24/NAT24.png,NAT_24,ကျွန်တော်တို့ မနက်ဖြန် ခရီးထွက်ရန် စီစဉ်ထားသည်။,NAT
Writer24,Writer24/NAT25.png,NAT_25,လယ်သမားများသည် လယ်ကွင်းထဲတွင် အလုပ်လုပ်နေကြသည်။,NAT
Writer24,Writer24/NAT26.png,NAT_26,ရထားသည် နံနက် ကိုးနာရီတွင် ဘူတာသို့ ရောက်မည်။,NAT
Writer24,Writer24/NAT27.png,NAT_27,သူသည် ကော်ဖီတစ်ခွက် သောက်ပြီး အလုပ်စတင်ခဲ့သည်။,NAT
Writer24,Writer24/NAT28.png,NAT_28,မြန်မာနိုင်ငံတွင် ရိုးရာပွဲတော်များစွာ ရှိသည်။,NAT
Writer24,Writer24/NAT29.png,NAT_29,စျေးထဲတွင် လတ်ဆတ်သော သစ်သီးများ ရောင်းချနေသည်။,NAT
Writer24,Writer24/NAT30.png,NAT_30,ကျောင်းသားများသည် စာမေးပွဲအတွက် ကြိုးစားလေ့လာနေကြသည်။,NAT
Writer24,Writer24/NONCE01.png,NONCE_01,သျှိုင်းကွိမ်,NONCE
Writer24,Writer24/NONCE02.png,NONCE_02,ပြွမ်းဂျိန်,NONCE
Writer24,Writer24/NONCE03.png,NONCE_03,ညွှောင့်ပိမ်,NONCE
Writer24,Writer24/NONCE04.png,NONCE_04,ချွိန်ဖျော့,NONCE
Writer24,Writer24/NONCE05.png,NONCE_05,မြှိမ်းဇွက်,NONCE
Writer24,Writer24/NONCE06.png,NONCE_06,ကျွိုင်းဗြန်,NONCE
Writer24,Writer24/NONCE07.png,NONCE_07,ဖြွေးနိပ်,NONCE
Writer24,Writer24/NONCE08.png,NONCE_08,လျှိန်ဂွတ်,NONCE
Writer24,Writer24/NONCE09.png,NONCE_09,ပွှိုင်းဒျက်,NONCE
Writer24,Writer24/NONCE10.png,NONCE_10,ကြွိမ်းဖျန်,NONCE
Writer24,Writer24/RARE01.png,RARE_01,ဦးပညာကျော်သည် ၁၉၉၈ ခုနှစ်၊ မတ်လ ၂၃ ရက်နေ့တွင် မွေးဖွားခဲ့သည်။,RARE
Writer24,Writer24/RARE02.png,RARE_02,အမှတ် ၁၂၇၊ သရဖီလမ်း၊ ရတနာပုံမြို့နယ်တွင် နေထိုင်သည်။,RARE
Writer24,Writer24/RARE03.png,RARE_03,ဆက်သွယ်ရန် ဖုန်းနံပါတ်မှာ ၀၉-၇၈၁၂၃၄၅၆၇ ဖြစ်သည်။,RARE
Writer24,Writer24/RARE04.png,RARE_04,"စုစုပေါင်းကျသင့်ငွေမှာ ၁၂၈,၅၀၀ ကျပ် ဖြစ်သည်။",RARE
Writer24,Writer24/RARE05.png,RARE_05,မန္တလေးမှ မြစ်ကြီးနားသို့ ရထားအမှတ် ၃၅ ဖြင့် ထွက်ခွာမည်။,RARE
Writer24,Writer24/RARE06.png,RARE_06,ဒေါက်တာ သီဟဇော်ထွန်းသည် အဏုဇီဝဗေဒကို လေ့လာနေသည်။,RARE
Writer24,Writer24/RARE07.png,RARE_07,သင်တန်းအမှတ်စဉ် ML-၂၀၂၆-၀၇ ကို ဇူလိုင်လ ၁၅ ရက်နေ့တွင် စတင်မည်။,RARE
Writer24,Writer24/RARE08.png,RARE_08,ကန့်ဘလူမြို့နယ်၊ ထန်းကုန်းကျေးရွာတွင် စမ်းသပ်မှု ပြုလုပ်ခဲ့သည်။,RARE
Writer24,Writer24/RARE09.png,RARE_09,ဓာတ်ခွဲနမူနာကုဒ် BMY-၄၂၁၇ ကို အအေးခန်းထဲတွင် သိမ်းဆည်းထားသည်။,RARE
Writer24,Writer24/RARE10.png,RARE_10,ရှေးဟောင်းကျောက်စာကို မြန်မာသက္ကရာဇ် ၁၂၃၄ ခုနှစ်တွင် ရေးထိုးခဲ့သည်။,RARE
Writer25,Writer25/NAT01.png,NAT_01,အစောပိုင်း အမျိုးသမီးစာရေးဆရာများသည် စာရေးခြင်းဖြင့် ရပ်တည်ရန် အခက်အခဲများ ကြုံခဲ့ရသည်။,NAT
Writer25,Writer25/NAT02.png,NAT_02,မမလေးက ပြည်တွင်းယဉ်ကျေးမှုဘက်ကို အားပြုပြီး ကြည်အေးက လူသားဝါဒကို အသားပေးပါတယ်။,NAT
Writer25,Writer25/NAT03.png,NAT_03,သူသည် အကြောင်းအရာများကို သွယ်ဝိုက်ရေးသားတတ်သောကြောင့် စာဖတ်သူများ၏ စိတ်ဝင်စားမှုကို ရရှိခဲ့သည်။,NAT
Writer25,Writer25/NAT04.png,NAT_04,တစ်ခါက ဒီဝတ္ထုကြီးကို အကောင်းဆုံး မြန်မာဝတ္ထုရှည် ၅ ပုဒ်တွင် ပါဝင်သည်ဟု ချီးမွမ်းခဲ့ကြသည်။,NAT
Writer25,Writer25/NAT05.png,NAT_05,ကျောင်းသားလူငယ်များသည် လူငယ်များပီပီ ပျော်ပျော်ရွှင်ရွှင် နေချင်ကြသည်။,NAT
Writer25,Writer25/NAT06.png,NAT_06,ကျွန်မတို့နိုင်ငံသည် အရင်က လူတန်းစားများအကြား ကွာခြားမှုနည်းသော နိုင်ငံအဖြစ် လူသိများခဲ့သည်။,NAT
Writer25,Writer25/NAT07.png,NAT_07,လူတန်းစားများအကြား ကွာဟမှုကြီးထွားစေသော ကိစ္စများကို သေချာစွာ လေ့လာသင့်သည်။,NAT
Writer25,Writer25/NAT08.png,NAT_08,လယ်သမားများသည် သီးနှံကောင်းကောင်း ရရှိရန် နေ့စဉ် ကြိုးစားအလုပ်လုပ်ကြသည်။,NAT
Writer25,Writer25/NAT09.png,NAT_09,သုတေသနအဖွဲ့သည် လယ်သမားများ၏ အခြေအနေကို မေးမြန်းလေ့လာခဲ့သည်။,NAT
Writer25,Writer25/NAT10.png,NAT_10,တချို့လယ်သမားများသည် သီးနှံမအောင်မြင်ခြင်းနှင့် အကြွေးတင်ခြင်းကြောင့် လယ်ယာများကို ရောင်းချရသည်။,NAT
Writer25,Writer25/NAT11.png,NAT_11,ဤသည်ကို ကြိုတင်သိရှိလိုဟန်ဖြင့် သူသည် မချိုမချဉ်ပြုံးကာ အဝေးသို့သာ ငေးရီနေသည်။,NAT
Writer25,Writer25/NAT12.png,NAT_12,ကမ္ဘာပေါ်ရှိ လူများသည် မတူညီသော ယဉ်ကျေးမှုနှင့် အတွေးအခေါ်များကို လက်ခံထားကြသည်။,NAT
Writer25,Writer25/NAT13.png,NAT_13,နေဝင်ချိန်တွင် ကောင်းကင်သည် လိမ္မော်ရောင်သို့ တဖြည်းဖြည်း ပြောင်းလဲသွားသည်။,NAT
Writer25,Writer25/NAT14.png,NAT_14,ခင်ဗျားတို့ မမေးခင်မှာပင် ကျွန်တော် ဖြေကြားရန် အဆင်သင့်ဖြစ်နေပါပြီ။,NAT
Writer25,Writer25/NAT15.png,NAT_15,သဘာဝဘေးဒဏ်များနှင့် လူသားတို့၏ မှားယွင်းသော ဆုံးဖြတ်ချက်များကြောင့် ပြဿနာများ ဖြစ်ပေါ်လာတတ်သည်။,NAT
Writer25,Writer25/NAT16.png,NAT_16,ကြီးမားသော အလှည့်အပြောင်းပါဝင်သည့် ဆုံးဖြတ်ချက်တစ်ခု ဖြစ်နေပါသလား။,NAT
Writer25,Writer25/NAT17.png,NAT_17,ကျွန်တော် ဌာနသို့ စတင်ရောက်ရှိလာသည့်အချိန်ကို ယနေ့တိုင် မှတ်မိနေသေးသည်။,NAT
Writer25,Writer25/NAT18.png,NAT_18,ကဗျာဆရာ၏ အတွေးရထားသည် လောကသံလမ်းတစ်နေရာတွင် ဘီးချော်တိမ်းမှောက်ခဲ့ပြီလား။,NAT
Writer25,Writer25/NAT19.png,NAT_19,ဒီနေ့ မိုးအနည်းငယ် ရွာနိုင်ပါတယ်။,NAT
Writer25,Writer25/NAT20.png,NAT_20,ကျွန်တော် မနက်တိုင်း လမ်းလျှောက်လေ့ရှိပါတယ်။,NAT
Writer25,Writer25/NAT21.png,NAT_21,ကလေးများသည် ကျောင်းဝင်းထဲတွင် ကစားနေကြသည်။,NAT
Writer25,Writer25/NAT22.png,NAT_22,မိသားစုအားလုံး ညစာအတူတူ စားကြသည်။,NAT
Writer25,Writer25/NAT23.png,NAT_23,သူမသည် စာကြည့်တိုက်မှ စာအုပ်တစ်အုပ် ငှားလာခဲ့သည်။,NAT
Writer25,Writer25/NAT24.png,NAT_24,ကျွန်တော်တို့ မနက်ဖြန် ခရီးထွက်ရန် စီစဉ်ထားသည်။,NAT
Writer25,Writer25/NAT25.png,NAT_25,လယ်သမားများသည် လယ်ကွင်းထဲတွင် အလုပ်လုပ်နေကြသည်။,NAT
Writer25,Writer25/NAT26.png,NAT_26,ရထားသည် နံနက် ကိုးနာရီတွင် ဘူတာသို့ ရောက်မည်။,NAT
Writer25,Writer25/NAT27.png,NAT_27,သူသည် ကော်ဖီတစ်ခွက် သောက်ပြီး အလုပ်စတင်ခဲ့သည်။,NAT
Writer25,Writer25/NAT28.png,NAT_28,မြန်မာနိုင်ငံတွင် ရိုးရာပွဲတော်များစွာ ရှိသည်။,NAT
Writer25,Writer25/NAT29.png,NAT_29,စျေးထဲတွင် လတ်ဆတ်သော သစ်သီးများ ရောင်းချနေသည်။,NAT
Writer25,Writer25/NAT30.png,NAT_30,ကျောင်းသားများသည် စာမေးပွဲအတွက် ကြိုးစားလေ့လာနေကြသည်။,NAT
Writer25,Writer25/NONCE01.png,NONCE_01,သျှိုင်းကွိမ်,NONCE
Writer25,Writer25/NONCE02.png,NONCE_02,ပြွမ်းဂျိန်,NONCE
Writer25,Writer25/NONCE03.png,NONCE_03,ညွှောင့်ပိမ်,NONCE
Writer25,Writer25/NONCE04.png,NONCE_04,ချွိန်ဖျော့,NONCE
Writer25,Writer25/NONCE05.png,NONCE_05,မြှိမ်းဇွက်,NONCE
Writer25,Writer25/NONCE06.png,NONCE_06,ကျွိုင်းဗြန်,NONCE
Writer25,Writer25/NONCE07.png,NONCE_07,ဖြွေးနိပ်,NONCE
Writer25,Writer25/NONCE08.png,NONCE_08,လျှိန်ဂွတ်,NONCE
Writer25,Writer25/NONCE09.png,NONCE_09,ပွှိုင်းဒျက်,NONCE
Writer25,Writer25/NONCE10.png,NONCE_10,ကြွိမ်းဖျန်,NONCE
Writer25,Writer25/RARE01.png,RARE_01,ဦးပညာကျော်သည် ၁၉၉၈ ခုနှစ်၊ မတ်လ ၂၃ ရက်နေ့တွင် မွေးဖွားခဲ့သည်။,RARE
Writer25,Writer25/RARE02.png,RARE_02,အမှတ် ၁၂၇၊ သရဖီလမ်း၊ ရတနာပုံမြို့နယ်တွင် နေထိုင်သည်။,RARE
Writer25,Writer25/RARE03.png,RARE_03,ဆက်သွယ်ရန် ဖုန်းနံပါတ်မှာ ၀၉-၇၈၁၂၃၄၅၆၇ ဖြစ်သည်။,RARE
Writer25,Writer25/RARE04.png,RARE_04,"စုစုပေါင်းကျသင့်ငွေမှာ ၁၂၈,၅၀၀ ကျပ် ဖြစ်သည်။",RARE
Writer25,Writer25/RARE05.png,RARE_05,မန္တလေးမှ မြစ်ကြီးနားသို့ ရထားအမှတ် ၃၅ ဖြင့် ထွက်ခွာမည်။,RARE
Writer25,Writer25/RARE06.png,RARE_06,ဒေါက်တာ သီဟဇော်ထွန်းသည် အဏုဇီဝဗေဒကို လေ့လာနေသည်။,RARE
Writer25,Writer25/RARE07.png,RARE_07,သင်တန်းအမှတ်စဉ် ML-၂၀၂၆-၀၇ ကို ဇူလိုင်လ ၁၅ ရက်နေ့တွင် စတင်မည်။,RARE
Writer25,Writer25/RARE08.png,RARE_08,ကန့်ဘလူမြို့နယ်၊ ထန်းကုန်းကျေးရွာတွင် စမ်းသပ်မှု ပြုလုပ်ခဲ့သည်။,RARE
Writer25,Writer25/RARE09.png,RARE_09,ဓာတ်ခွဲနမူနာကုဒ် BMY-၄၂၁၇ ကို အအေးခန်းထဲတွင် သိမ်းဆည်းထားသည်။,RARE
Writer25,Writer25/RARE10.png,RARE_10,ရှေးဟောင်းကျောက်စာကို မြန်မာသက္ကရာဇ် ၁၂၃၄ ခုနှစ်တွင် ရေးထိုးခဲ့သည်။,RARE
Writer26,Writer26/NAT01.png,NAT_01,အစောပိုင်း အမျိုးသမီးစာရေးဆရာများသည် စာရေးခြင်းဖြင့် ရပ်တည်ရန် အခက်အခဲများ ကြုံခဲ့ရသည်။,NAT
Writer26,Writer26/NAT02.png,NAT_02,မမလေးက ပြည်တွင်းယဉ်ကျေးမှုဘက်ကို အားပြုပြီး ကြည်အေးက လူသားဝါဒကို အသားပေးပါတယ်။,NAT
Writer26,Writer26/NAT03.png,NAT_03,သူသည် အကြောင်းအရာများကို သွယ်ဝိုက်ရေးသားတတ်သောကြောင့် စာဖတ်သူများ၏ စိတ်ဝင်စားမှုကို ရရှိခဲ့သည်။,NAT
Writer26,Writer26/NAT04.png,NAT_04,တစ်ခါက ဒီဝတ္ထုကြီးကို အကောင်းဆုံး မြန်မာဝတ္ထုရှည် ၅ ပုဒ်တွင် ပါဝင်သည်ဟု ချီးမွမ်းခဲ့ကြသည်။,NAT
Writer26,Writer26/NAT05.png,NAT_05,ကျောင်းသားလူငယ်များသည် လူငယ်များပီပီ ပျော်ပျော်ရွှင်ရွှင် နေချင်ကြသည်။,NAT
Writer26,Writer26/NAT06.png,NAT_06,ကျွန်မတို့နိုင်ငံသည် အရင်က လူတန်းစားများအကြား ကွာခြားမှုနည်းသော နိုင်ငံအဖြစ် လူသိများခဲ့သည်။,NAT
Writer26,Writer26/NAT07.png,NAT_07,လူတန်းစားများအကြား ကွာဟမှုကြီးထွားစေသော ကိစ္စများကို သေချာစွာ လေ့လာသင့်သည်။,NAT
Writer26,Writer26/NAT08.png,NAT_08,လယ်သမားများသည် သီးနှံကောင်းကောင်း ရရှိရန် နေ့စဉ် ကြိုးစားအလုပ်လုပ်ကြသည်။,NAT
Writer26,Writer26/NAT09.png,NAT_09,သုတေသနအဖွဲ့သည် လယ်သမားများ၏ အခြေအနေကို မေးမြန်းလေ့လာခဲ့သည်။,NAT
Writer26,Writer26/NAT10.png,NAT_10,တချို့လယ်သမားများသည် သီးနှံမအောင်မြင်ခြင်းနှင့် အကြွေးတင်ခြင်းကြောင့် လယ်ယာများကို ရောင်းချရသည်။,NAT
Writer26,Writer26/NAT11.png,NAT_11,ဤသည်ကို ကြိုတင်သိရှိလိုဟန်ဖြင့် သူသည် မချိုမချဉ်ပြုံးကာ အဝေးသို့သာ ငေးရီနေသည်။,NAT
Writer26,Writer26/NAT12.png,NAT_12,ကမ္ဘာပေါ်ရှိ လူများသည် မတူညီသော ယဉ်ကျေးမှုနှင့် အတွေးအခေါ်များကို လက်ခံထားကြသည်။,NAT
Writer26,Writer26/NAT13.png,NAT_13,နေဝင်ချိန်တွင် ကောင်းကင်သည် လိမ္မော်ရောင်သို့ တဖြည်းဖြည်း ပြောင်းလဲသွားသည်။,NAT
Writer26,Writer26/NAT14.png,NAT_14,ခင်ဗျားတို့ မမေးခင်မှာပင် ကျွန်တော် ဖြေကြားရန် အဆင်သင့်ဖြစ်နေပါပြီ။,NAT
Writer26,Writer26/NAT15.png,NAT_15,သဘာဝဘေးဒဏ်များနှင့် လူသားတို့၏ မှားယွင်းသော ဆုံးဖြတ်ချက်များကြောင့် ပြဿနာများ ဖြစ်ပေါ်လာတတ်သည်။,NAT
Writer26,Writer26/NAT16.png,NAT_16,ကြီးမားသော အလှည့်အပြောင်းပါဝင်သည့် ဆုံးဖြတ်ချက်တစ်ခု ဖြစ်နေပါသလား။,NAT
Writer26,Writer26/NAT17.png,NAT_17,ကျွန်တော် ဌာနသို့ စတင်ရောက်ရှိလာသည့်အချိန်ကို ယနေ့တိုင် မှတ်မိနေသေးသည်။,NAT
Writer26,Writer26/NAT18.png,NAT_18,ကဗျာဆရာ၏ အတွေးရထားသည် လောကသံလမ်းတစ်နေရာတွင် ဘီးချော်တိမ်းမှောက်ခဲ့ပြီလား။,NAT
Writer26,Writer26/NAT19.png,NAT_19,ဒီနေ့ မိုးအနည်းငယ် ရွာနိုင်ပါတယ်။,NAT
Writer26,Writer26/NAT20.png,NAT_20,ကျွန်တော် မနက်တိုင်း လမ်းလျှောက်လေ့ရှိပါတယ်။,NAT
Writer26,Writer26/NAT21.png,NAT_21,ကလေးများသည် ကျောင်းဝင်းထဲတွင် ကစားနေကြသည်။,NAT
Writer26,Writer26/NAT22.png,NAT_22,မိသားစုအားလုံး ညစာအတူတူ စားကြသည်။,NAT
Writer26,Writer26/NAT23.png,NAT_23,သူမသည် စာကြည့်တိုက်မှ စာအုပ်တစ်အုပ် ငှားလာခဲ့သည်။,NAT
Writer26,Writer26/NAT24.png,NAT_24,ကျွန်တော်တို့ မနက်ဖြန် ခရီးထွက်ရန် စီစဉ်ထားသည်။,NAT
Writer26,Writer26/NAT25.png,NAT_25,လယ်သမားများသည် လယ်ကွင်းထဲတွင် အလုပ်လုပ်နေကြသည်။,NAT
Writer26,Writer26/NAT26.png,NAT_26,ရထားသည် နံနက် ကိုးနာရီတွင် ဘူတာသို့ ရောက်မည်။,NAT
Writer26,Writer26/NAT27.png,NAT_27,သူသည် ကော်ဖီတစ်ခွက် သောက်ပြီး အလုပ်စတင်ခဲ့သည်။,NAT
Writer26,Writer26/NAT28.png,NAT_28,မြန်မာနိုင်ငံတွင် ရိုးရာပွဲတော်များစွာ ရှိသည်။,NAT
Writer26,Writer26/NAT29.png,NAT_29,စျေးထဲတွင် လတ်ဆတ်သော သစ်သီးများ ရောင်းချနေသည်။,NAT
Writer26,Writer26/NAT30.png,NAT_30,ကျောင်းသားများသည် စာမေးပွဲအတွက် ကြိုးစားလေ့လာနေကြသည်။,NAT
Writer26,Writer26/NONCE01.png,NONCE_01,သျှိုင်းကွိမ်,NONCE
Writer26,Writer26/NONCE02.png,NONCE_02,ပြွမ်းဂျိန်,NONCE
Writer26,Writer26/NONCE03.png,NONCE_03,ညွှောင့်ပိမ်,NONCE
Writer26,Writer26/NONCE04.png,NONCE_04,ချွိန်ဖျော့,NONCE
Writer26,Writer26/NONCE05.png,NONCE_05,မြှိမ်းဇွက်,NONCE
Writer26,Writer26/NONCE06.png,NONCE_06,ကျွိုင်းဗြန်,NONCE
Writer26,Writer26/NONCE07.png,NONCE_07,ဖြွေးနိပ်,NONCE
Writer26,Writer26/NONCE08.png,NONCE_08,လျှိန်ဂွတ်,NONCE
Writer26,Writer26/NONCE09.png,NONCE_09,ပွှိုင်းဒျက်,NONCE
Writer26,Writer26/NONCE10.png,NONCE_10,ကြွိမ်းဖျန်,NONCE
Writer26,Writer26/RARE01.png,RARE_01,ဦးပညာကျော်သည် ၁၉၉၈ ခုနှစ်၊ မတ်လ ၂၃ ရက်နေ့တွင် မွေးဖွားခဲ့သည်။,RARE
Writer26,Writer26/RARE02.png,RARE_02,အမှတ် ၁၂၇၊ သရဖီလမ်း၊ ရတနာပုံမြို့နယ်တွင် နေထိုင်သည်။,RARE
Writer26,Writer26/RARE03.png,RARE_03,ဆက်သွယ်ရန် ဖုန်းနံပါတ်မှာ ၀၉-၇၈၁၂၃၄၅၆၇ ဖြစ်သည်။,RARE
Writer26,Writer26/RARE04.png,RARE_04,"စုစုပေါင်းကျသင့်ငွေမှာ ၁၂၈,၅၀၀ ကျပ် ဖြစ်သည်။",RARE
Writer26,Writer26/RARE05.png,RARE_05,မန္တလေးမှ မြစ်ကြီးနားသို့ ရထားအမှတ် ၃၅ ဖြင့် ထွက်ခွာမည်။,RARE
Writer26,Writer26/RARE06.png,RARE_06,ဒေါက်တာ သီဟဇော်ထွန်းသည် အဏုဇီဝဗေဒကို လေ့လာနေသည်။,RARE
Writer26,Writer26/RARE07.png,RARE_07,သင်တန်းအမှတ်စဉ် ML-၂၀၂၆-၀၇ ကို ဇူလိုင်လ ၁၅ ရက်နေ့တွင် စတင်မည်။,RARE
Writer26,Writer26/RARE08.png,RARE_08,ကန့်ဘလူမြို့နယ်၊ ထန်းကုန်းကျေးရွာတွင် စမ်းသပ်မှု ပြုလုပ်ခဲ့သည်။,RARE
Writer26,Writer26/RARE09.png,RARE_09,ဓာတ်ခွဲနမူနာကုဒ် BMY-၄၂၁၇ ကို အအေးခန်းထဲတွင် သိမ်းဆည်းထားသည်။,RARE
Writer26,Writer26/RARE10.png,RARE_10,ရှေးဟောင်းကျောက်စာကို မြန်မာသက္ကရာဇ် ၁၂၃၄ ခုနှစ်တွင် ရေးထိုးခဲ့သည်။,RARE
Writer27,Writer27/NAT01.png,NAT_01,အစောပိုင်း အမျိုးသမီးစာရေးဆရာများသည် စာရေးခြင်းဖြင့် ရပ်တည်ရန် အခက်အခဲများ ကြုံခဲ့ရသည်။,NAT
Writer27,Writer27/NAT02.png,NAT_02,မမလေးက ပြည်တွင်းယဉ်ကျေးမှုဘက်ကို အားပြုပြီး ကြည်အေးက လူသားဝါဒကို အသားပေးပါတယ်။,NAT
Writer27,Writer27/NAT03.png,NAT_03,သူသည် အကြောင်းအရာများကို သွယ်ဝိုက်ရေးသားတတ်သောကြောင့် စာဖတ်သူများ၏ စိတ်ဝင်စားမှုကို ရရှိခဲ့သည်။,NAT
Writer27,Writer27/NAT04.png,NAT_04,တစ်ခါက ဒီဝတ္ထုကြီးကို အကောင်းဆုံး မြန်မာဝတ္ထုရှည် ၅ ပုဒ်တွင် ပါဝင်သည်ဟု ချီးမွမ်းခဲ့ကြသည်။,NAT
Writer27,Writer27/NAT05.png,NAT_05,ကျောင်းသားလူငယ်များသည် လူငယ်များပီပီ ပျော်ပျော်ရွှင်ရွှင် နေချင်ကြသည်။,NAT
Writer27,Writer27/NAT06.png,NAT_06,ကျွန်မတို့နိုင်ငံသည် အရင်က လူတန်းစားများအကြား ကွာခြားမှုနည်းသော နိုင်ငံအဖြစ် လူသိများခဲ့သည်။,NAT
Writer27,Writer27/NAT07.png,NAT_07,လူတန်းစားများအကြား ကွာဟမှုကြီးထွားစေသော ကိစ္စများကို သေချာစွာ လေ့လာသင့်သည်။,NAT
Writer27,Writer27/NAT08.png,NAT_08,လယ်သမားများသည် သီးနှံကောင်းကောင်း ရရှိရန် နေ့စဉ် ကြိုးစားအလုပ်လုပ်ကြသည်။,NAT
Writer27,Writer27/NAT09.png,NAT_09,သုတေသနအဖွဲ့သည် လယ်သမားများ၏ အခြေအနေကို မေးမြန်းလေ့လာခဲ့သည်။,NAT
Writer27,Writer27/NAT10.png,NAT_10,တချို့လယ်သမားများသည် သီးနှံမအောင်မြင်ခြင်းနှင့် အကြွေးတင်ခြင်းကြောင့် လယ်ယာများကို ရောင်းချရသည်။,NAT
Writer27,Writer27/NAT11.png,NAT_11,ဤသည်ကို ကြိုတင်သိရှိလိုဟန်ဖြင့် သူသည် မချိုမချဉ်ပြုံးကာ အဝေးသို့သာ ငေးရီနေသည်။,NAT
Writer27,Writer27/NAT12.png,NAT_12,ကမ္ဘာပေါ်ရှိ လူများသည် မတူညီသော ယဉ်ကျေးမှုနှင့် အတွေးအခေါ်များကို လက်ခံထားကြသည်။,NAT
Writer27,Writer27/NAT13.png,NAT_13,နေဝင်ချိန်တွင် ကောင်းကင်သည် လိမ္မော်ရောင်သို့ တဖြည်းဖြည်း ပြောင်းလဲသွားသည်။,NAT
Writer27,Writer27/NAT14.png,NAT_14,ခင်ဗျားတို့ မမေးခင်မှာပင် ကျွန်တော် ဖြေကြားရန် အဆင်သင့်ဖြစ်နေပါပြီ။,NAT
Writer27,Writer27/NAT15.png,NAT_15,သဘာဝဘေးဒဏ်များနှင့် လူသားတို့၏ မှားယွင်းသော ဆုံးဖြတ်ချက်များကြောင့် ပြဿနာများ ဖြစ်ပေါ်လာတတ်သည်။,NAT
Writer27,Writer27/NAT16.png,NAT_16,ကြီးမားသော အလှည့်အပြောင်းပါဝင်သည့် ဆုံးဖြတ်ချက်တစ်ခု ဖြစ်နေပါသလား။,NAT
Writer27,Writer27/NAT17.png,NAT_17,ကျွန်တော် ဌာနသို့ စတင်ရောက်ရှိလာသည့်အချိန်ကို ယနေ့တိုင် မှတ်မိနေသေးသည်။,NAT
Writer27,Writer27/NAT18.png,NAT_18,ကဗျာဆရာ၏ အတွေးရထားသည် လောကသံလမ်းတစ်နေရာတွင် ဘီးချော်တိမ်းမှောက်ခဲ့ပြီလား။,NAT
Writer27,Writer27/NAT19.png,NAT_19,ဒီနေ့ မိုးအနည်းငယ် ရွာနိုင်ပါတယ်။,NAT
Writer27,Writer27/NAT20.png,NAT_20,ကျွန်တော် မနက်တိုင်း လမ်းလျှောက်လေ့ရှိပါတယ်။,NAT
Writer27,Writer27/NAT21.png,NAT_21,ကလေးများသည် ကျောင်းဝင်းထဲတွင် ကစားနေကြသည်။,NAT
Writer27,Writer27/NAT22.png,NAT_22,မိသားစုအားလုံး ညစာအတူတူ စားကြသည်။,NAT
Writer27,Writer27/NAT23.png,NAT_23,သူမသည် စာကြည့်တိုက်မှ စာအုပ်တစ်အုပ် ငှားလာခဲ့သည်။,NAT
Writer27,Writer27/NAT24.png,NAT_24,ကျွန်တော်တို့ မနက်ဖြန် ခရီးထွက်ရန် စီစဉ်ထားသည်။,NAT
Writer27,Writer27/NAT25.png,NAT_25,လယ်သမားများသည် လယ်ကွင်းထဲတွင် အလုပ်လုပ်နေကြသည်။,NAT
Writer27,Writer27/NAT26.png,NAT_26,ရထားသည် နံနက် ကိုးနာရီတွင် ဘူတာသို့ ရောက်မည်။,NAT
Writer27,Writer27/NAT27.png,NAT_27,သူသည် ကော်ဖီတစ်ခွက် သောက်ပြီး အလုပ်စတင်ခဲ့သည်။,NAT
Writer27,Writer27/NAT28.png,NAT_28,မြန်မာနိုင်ငံတွင် ရိုးရာပွဲတော်များစွာ ရှိသည်။,NAT
Writer27,Writer27/NAT29.png,NAT_29,စျေးထဲတွင် လတ်ဆတ်သော သစ်သီးများ ရောင်းချနေသည်။,NAT
Writer27,Writer27/NAT30.png,NAT_30,ကျောင်းသားများသည် စာမေးပွဲအတွက် ကြိုးစားလေ့လာနေကြသည်။,NAT
Writer27,Writer27/NONCE01.png,NONCE_01,သျှိုင်းကွိမ်,NONCE
Writer27,Writer27/NONCE02.png,NONCE_02,ပြွမ်းဂျိန်,NONCE
Writer27,Writer27/NONCE03.png,NONCE_03,ညွှောင့်ပိမ်,NONCE
Writer27,Writer27/NONCE04.png,NONCE_04,ချွိန်ဖျော့,NONCE
Writer27,Writer27/NONCE05.png,NONCE_05,မြှိမ်းဇွက်,NONCE
Writer27,Writer27/NONCE06.png,NONCE_06,ကျွိုင်းဗြန်,NONCE
Writer27,Writer27/NONCE07.png,NONCE_07,ဖြွေးနိပ်,NONCE
Writer27,Writer27/NONCE08.png,NONCE_08,လျှိန်ဂွတ်,NONCE
Writer27,Writer27/NONCE09.png,NONCE_09,ပွှိုင်းဒျက်,NONCE
Writer27,Writer27/NONCE10.png,NONCE_10,ကြွိမ်းဖျန်,NONCE
Writer27,Writer27/RARE01.png,RARE_01,ဦးပညာကျော်သည် ၁၉၉၈ ခုနှစ်၊ မတ်လ ၂၃ ရက်နေ့တွင် မွေးဖွားခဲ့သည်။,RARE
Writer27,Writer27/RARE02.png,RARE_02,အမှတ် ၁၂၇၊ သရဖီလမ်း၊ ရတနာပုံမြို့နယ်တွင် နေထိုင်သည်။,RARE
Writer27,Writer27/RARE03.png,RARE_03,ဆက်သွယ်ရန် ဖုန်းနံပါတ်မှာ ၀၉-၇၈၁၂၃၄၅၆၇ ဖြစ်သည်။,RARE
Writer27,Writer27/RARE04.png,RARE_04,"စုစုပေါင်းကျသင့်ငွေမှာ ၁၂၈,၅၀၀ ကျပ် ဖြစ်သည်။",RARE
Writer27,Writer27/RARE05.png,RARE_05,မန္တလေးမှ မြစ်ကြီးနားသို့ ရထားအမှတ် ၃၅ ဖြင့် ထွက်ခွာမည်။,RARE
Writer27,Writer27/RARE06.png,RARE_06,ဒေါက်တာ သီဟဇော်ထွန်းသည် အဏုဇီဝဗေဒကို လေ့လာနေသည်။,RARE
Writer27,Writer27/RARE07.png,RARE_07,သင်တန်းအမှတ်စဉ် ML-၂၀၂၆-၀၇ ကို ဇူလိုင်လ ၁၅ ရက်နေ့တွင် စတင်မည်။,RARE
Writer27,Writer27/RARE08.png,RARE_08,ကန့်ဘလူမြို့နယ်၊ ထန်းကုန်းကျေးရွာတွင် စမ်းသပ်မှု ပြုလုပ်ခဲ့သည်။,RARE
Writer27,Writer27/RARE09.png,RARE_09,ဓာတ်ခွဲနမူနာကုဒ် BMY-၄၂၁၇ ကို အအေးခန်းထဲတွင် သိမ်းဆည်းထားသည်။,RARE
Writer27,Writer27/RARE10.png,RARE_10,ရှေးဟောင်းကျောက်စာကို မြန်မာသက္ကရာဇ် ၁၂၃၄ ခုနှစ်တွင် ရေးထိုးခဲ့သည်။,RARE
Writer28,Writer28/NAT01.png,NAT_01,အစောပိုင်း အမျိုးသမီးစာရေးဆရာများသည် စာရေးခြင်းဖြင့် ရပ်တည်ရန် အခက်အခဲများ ကြုံခဲ့ရသည်။,NAT
Writer28,Writer28/NAT02.png,NAT_02,မမလေးက ပြည်တွင်းယဉ်ကျေးမှုဘက်ကို အားပြုပြီး ကြည်အေးက လူသားဝါဒကို အသားပေးပါတယ်။,NAT
Writer28,Writer28/NAT03.png,NAT_03,သူသည် အကြောင်းအရာများကို သွယ်ဝိုက်ရေးသားတတ်သောကြောင့် စာဖတ်သူများ၏ စိတ်ဝင်စားမှုကို ရရှိခဲ့သည်။,NAT
Writer28,Writer28/NAT04.png,NAT_04,တစ်ခါက ဒီဝတ္ထုကြီးကို အကောင်းဆုံး မြန်မာဝတ္ထုရှည် ၅ ပုဒ်တွင် ပါဝင်သည်ဟု ချီးမွမ်းခဲ့ကြသည်။,NAT
Writer28,Writer28/NAT05.png,NAT_05,ကျောင်းသားလူငယ်များသည် လူငယ်များပီပီ ပျော်ပျော်ရွှင်ရွှင် နေချင်ကြသည်။,NAT
Writer28,Writer28/NAT06.png,NAT_06,ကျွန်မတို့နိုင်ငံသည် အရင်က လူတန်းစားများအကြား ကွာခြားမှုနည်းသော နိုင်ငံအဖြစ် လူသိများခဲ့သည်။,NAT
Writer28,Writer28/NAT07.png,NAT_07,လူတန်းစားများအကြား ကွာဟမှုကြီးထွားစေသော ကိစ္စများကို သေချာစွာ လေ့လာသင့်သည်။,NAT
Writer28,Writer28/NAT08.png,NAT_08,လယ်သမားများသည် သီးနှံကောင်းကောင်း ရရှိရန် နေ့စဉ် ကြိုးစားအလုပ်လုပ်ကြသည်။,NAT
Writer28,Writer28/NAT09.png,NAT_09,သုတေသနအဖွဲ့သည် လယ်သမားများ၏ အခြေအနေကို မေးမြန်းလေ့လာခဲ့သည်။,NAT
Writer28,Writer28/NAT10.png,NAT_10,တချို့လယ်သမားများသည် သီးနှံမအောင်မြင်ခြင်းနှင့် အကြွေးတင်ခြင်းကြောင့် လယ်ယာများကို ရောင်းချရသည်။,NAT
Writer28,Writer28/NAT11.png,NAT_11,ဤသည်ကို ကြိုတင်သိရှိလိုဟန်ဖြင့် သူသည် မချိုမချဉ်ပြုံးကာ အဝေးသို့သာ ငေးရီနေသည်။,NAT
Writer28,Writer28/NAT12.png,NAT_12,ကမ္ဘာပေါ်ရှိ လူများသည် မတူညီသော ယဉ်ကျေးမှုနှင့် အတွေးအခေါ်များကို လက်ခံထားကြသည်။,NAT
Writer28,Writer28/NAT13.png,NAT_13,နေဝင်ချိန်တွင် ကောင်းကင်သည် လိမ္မော်ရောင်သို့ တဖြည်းဖြည်း ပြောင်းလဲသွားသည်။,NAT
Writer28,Writer28/NAT14.png,NAT_14,ခင်ဗျားတို့ မမေးခင်မှာပင် ကျွန်တော် ဖြေကြားရန် အဆင်သင့်ဖြစ်နေပါပြီ။,NAT
Writer28,Writer28/NAT15.png,NAT_15,သဘာဝဘေးဒဏ်များနှင့် လူသားတို့၏ မှားယွင်းသော ဆုံးဖြတ်ချက်များကြောင့် ပြဿနာများ ဖြစ်ပေါ်လာတတ်သည်။,NAT
Writer28,Writer28/NAT16.png,NAT_16,ကြီးမားသော အလှည့်အပြောင်းပါဝင်သည့် ဆုံးဖြတ်ချက်တစ်ခု ဖြစ်နေပါသလား။,NAT
Writer28,Writer28/NAT17.png,NAT_17,ကျွန်တော် ဌာနသို့ စတင်ရောက်ရှိလာသည့်အချိန်ကို ယနေ့တိုင် မှတ်မိနေသေးသည်။,NAT
Writer28,Writer28/NAT18.png,NAT_18,ကဗျာဆရာ၏ အတွေးရထားသည် လောကသံလမ်းတစ်နေရာတွင် ဘီးချော်တိမ်းမှောက်ခဲ့ပြီလား။,NAT
Writer28,Writer28/NAT19.png,NAT_19,ဒီနေ့ မိုးအနည်းငယ် ရွာနိုင်ပါတယ်။,NAT
Writer28,Writer28/NAT20.png,NAT_20,ကျွန်တော် မနက်တိုင်း လမ်းလျှောက်လေ့ရှိပါတယ်။,NAT
Writer28,Writer28/NAT21.png,NAT_21,ကလေးများသည် ကျောင်းဝင်းထဲတွင် ကစားနေကြသည်။,NAT
Writer28,Writer28/NAT22.png,NAT_22,မိသားစုအားလုံး ညစာအတူတူ စားကြသည်။,NAT
Writer28,Writer28/NAT23.png,NAT_23,သူမသည် စာကြည့်တိုက်မှ စာအုပ်တစ်အုပ် ငှားလာခဲ့သည်။,NAT
Writer28,Writer28/NAT24.png,NAT_24,ကျွန်တော်တို့ မနက်ဖြန် ခရီးထွက်ရန် စီစဉ်ထားသည်။,NAT
Writer28,Writer28/NAT25.png,NAT_25,လယ်သမားများသည် လယ်ကွင်းထဲတွင် အလုပ်လုပ်နေကြသည်။,NAT
Writer28,Writer28/NAT26.png,NAT_26,ရထားသည် နံနက် ကိုးနာရီတွင် ဘူတာသို့ ရောက်မည်။,NAT
Writer28,Writer28/NAT27.png,NAT_27,သူသည် ကော်ဖီတစ်ခွက် သောက်ပြီး အလုပ်စတင်ခဲ့သည်။,NAT
Writer28,Writer28/NAT28.png,NAT_28,မြန်မာနိုင်ငံတွင် ရိုးရာပွဲတော်များစွာ ရှိသည်။,NAT
Writer28,Writer28/NAT29.png,NAT_29,စျေးထဲတွင် လတ်ဆတ်သော သစ်သီးများ ရောင်းချနေသည်။,NAT
Writer28,Writer28/NAT30.png,NAT_30,ကျောင်းသားများသည် စာမေးပွဲအတွက် ကြိုးစားလေ့လာနေကြသည်။,NAT
Writer28,Writer28/NONCE01.png,NONCE_01,သျှိုင်းကွိမ်,NONCE
Writer28,Writer28/NONCE02.png,NONCE_02,ပြွမ်းဂျိန်,NONCE
Writer28,Writer28/NONCE03.png,NONCE_03,ညွှောင့်ပိမ်,NONCE
Writer28,Writer28/NONCE04.png,NONCE_04,ချွိန်ဖျော့,NONCE
Writer28,Writer28/NONCE05.png,NONCE_05,မြှိမ်းဇွက်,NONCE
Writer28,Writer28/NONCE06.png,NONCE_06,ကျွိုင်းဗြန်,NONCE
Writer28,Writer28/NONCE07.png,NONCE_07,ဖြွေးနိပ်,NONCE
Writer28,Writer28/NONCE08.png,NONCE_08,လျှိန်ဂွတ်,NONCE
Writer28,Writer28/NONCE09.png,NONCE_09,ပွှိုင်းဒျက်,NONCE
Writer28,Writer28/NONCE10.png,NONCE_10,ကြွိမ်းဖျန်,NONCE
Writer28,Writer28/RARE01.png,RARE_01,ဦးပညာကျော်သည် ၁၉၉၈ ခုနှစ်၊ မတ်လ ၂၃ ရက်နေ့တွင် မွေးဖွားခဲ့သည်။,RARE
Writer28,Writer28/RARE02.png,RARE_02,အမှတ် ၁၂၇၊ သရဖီလမ်း၊ ရတနာပုံမြို့နယ်တွင် နေထိုင်သည်။,RARE
Writer28,Writer28/RARE03.png,RARE_03,ဆက်သွယ်ရန် ဖုန်းနံပါတ်မှာ ၀၉-၇၈၁၂၃၄၅၆၇ ဖြစ်သည်။,RARE
Writer28,Writer28/RARE04.png,RARE_04,"စုစုပေါင်းကျသင့်ငွေမှာ ၁၂၈,၅၀၀ ကျပ် ဖြစ်သည်။",RARE
Writer28,Writer28/RARE05.png,RARE_05,မန္တလေးမှ မြစ်ကြီးနားသို့ ရထားအမှတ် ၃၅ ဖြင့် ထွက်ခွာမည်။,RARE
Writer28,Writer28/RARE06.png,RARE_06,ဒေါက်တာ သီဟဇော်ထွန်းသည် အဏုဇီဝဗေဒကို လေ့လာနေသည်။,RARE
Writer28,Writer28/RARE07.png,RARE_07,သင်တန်းအမှတ်စဉ် ML-၂၀၂၆-၀၇ ကို ဇူလိုင်လ ၁၅ ရက်နေ့တွင် စတင်မည်။,RARE
Writer28,Writer28/RARE08.png,RARE_08,ကန့်ဘလူမြို့နယ်၊ ထန်းကုန်းကျေးရွာတွင် စမ်းသပ်မှု ပြုလုပ်ခဲ့သည်။,RARE
Writer28,Writer28/RARE09.png,RARE_09,ဓာတ်ခွဲနမူနာကုဒ် BMY-၄၂၁၇ ကို အအေးခန်းထဲတွင် သိမ်းဆည်းထားသည်။,RARE
Writer28,Writer28/RARE10.png,RARE_10,ရှေးဟောင်းကျောက်စာကို မြန်မာသက္ကရာဇ် ၁၂၃၄ ခုနှစ်တွင် ရေးထိုးခဲ့သည်။,RARE
Writer29,Writer29/NAT01.png,NAT_01,အစောပိုင်း အမျိုးသမီးစာရေးဆရာများသည် စာရေးခြင်းဖြင့် ရပ်တည်ရန် အခက်အခဲများ ကြုံခဲ့ရသည်။,NAT
Writer29,Writer29/NAT02.png,NAT_02,မမလေးက ပြည်တွင်းယဉ်ကျေးမှုဘက်ကို အားပြုပြီး ကြည်အေးက လူသားဝါဒကို အသားပေးပါတယ်။,NAT
Writer29,Writer29/NAT03.png,NAT_03,သူသည် အကြောင်းအရာများကို သွယ်ဝိုက်ရေးသားတတ်သောကြောင့် စာဖတ်သူများ၏ စိတ်ဝင်စားမှုကို ရရှိခဲ့သည်။,NAT
Writer29,Writer29/NAT04.png,NAT_04,တစ်ခါက ဒီဝတ္ထုကြီးကို အကောင်းဆုံး မြန်မာဝတ္ထုရှည် ၅ ပုဒ်တွင် ပါဝင်သည်ဟု ချီးမွမ်းခဲ့ကြသည်။,NAT
Writer29,Writer29/NAT05.png,NAT_05,ကျောင်းသားလူငယ်များသည် လူငယ်များပီပီ ပျော်ပျော်ရွှင်ရွှင် နေချင်ကြသည်။,NAT
Writer29,Writer29/NAT06.png,NAT_06,ကျွန်မတို့နိုင်ငံသည် အရင်က လူတန်းစားများအကြား ကွာခြားမှုနည်းသော နိုင်ငံအဖြစ် လူသိများခဲ့သည်။,NAT
Writer29,Writer29/NAT07.png,NAT_07,လူတန်းစားများအကြား ကွာဟမှုကြီးထွားစေသော ကိစ္စများကို သေချာစွာ လေ့လာသင့်သည်။,NAT
Writer29,Writer29/NAT08.png,NAT_08,လယ်သမားများသည် သီးနှံကောင်းကောင်း ရရှိရန် နေ့စဉ် ကြိုးစားအလုပ်လုပ်ကြသည်။,NAT
Writer29,Writer29/NAT09.png,NAT_09,သုတေသနအဖွဲ့သည် လယ်သမားများ၏ အခြေအနေကို မေးမြန်းလေ့လာခဲ့သည်။,NAT
Writer29,Writer29/NAT10.png,NAT_10,တချို့လယ်သမားများသည် သီးနှံမအောင်မြင်ခြင်းနှင့် အကြွေးတင်ခြင်းကြောင့် လယ်ယာများကို ရောင်းချရသည်။,NAT
Writer29,Writer29/NAT11.png,NAT_11,ဤသည်ကို ကြိုတင်သိရှိလိုဟန်ဖြင့် သူသည် မချိုမချဉ်ပြုံးကာ အဝေးသို့သာ ငေးရီနေသည်။,NAT
Writer29,Writer29/NAT12.png,NAT_12,ကမ္ဘာပေါ်ရှိ လူများသည် မတူညီသော ယဉ်ကျေးမှုနှင့် အတွေးအခေါ်များကို လက်ခံထားကြသည်။,NAT
Writer29,Writer29/NAT13.png,NAT_13,နေဝင်ချိန်တွင် ကောင်းကင်သည် လိမ္မော်ရောင်သို့ တဖြည်းဖြည်း ပြောင်းလဲသွားသည်။,NAT
Writer29,Writer29/NAT14.png,NAT_14,ခင်ဗျားတို့ မမေးခင်မှာပင် ကျွန်တော် ဖြေကြားရန် အဆင်သင့်ဖြစ်နေပါပြီ။,NAT
Writer29,Writer29/NAT15.png,NAT_15,သဘာဝဘေးဒဏ်များနှင့် လူသားတို့၏ မှားယွင်းသော ဆုံးဖြတ်ချက်များကြောင့် ပြဿနာများ ဖြစ်ပေါ်လာတတ်သည်။,NAT
Writer29,Writer29/NAT16.png,NAT_16,ကြီးမားသော အလှည့်အပြောင်းပါဝင်သည့် ဆုံးဖြတ်ချက်တစ်ခု ဖြစ်နေပါသလား။,NAT
Writer29,Writer29/NAT17.png,NAT_17,ကျွန်တော် ဌာနသို့ စတင်ရောက်ရှိလာသည့်အချိန်ကို ယနေ့တိုင် မှတ်မိနေသေးသည်။,NAT
Writer29,Writer29/NAT18.png,NAT_18,ကဗျာဆရာ၏ အတွေးရထားသည် လောကသံလမ်းတစ်နေရာတွင် ဘီးချော်တိမ်းမှောက်ခဲ့ပြီလား။,NAT
Writer29,Writer29/NAT19.png,NAT_19,ဒီနေ့ မိုးအနည်းငယ် ရွာနိုင်ပါတယ်။,NAT
Writer29,Writer29/NAT20.png,NAT_20,ကျွန်တော် မနက်တိုင်း လမ်းလျှောက်လေ့ရှိပါတယ်။,NAT
Writer29,Writer29/NAT21.png,NAT_21,ကလေးများသည် ကျောင်းဝင်းထဲတွင် ကစားနေကြသည်။,NAT
Writer29,Writer29/NAT22.png,NAT_22,မိသားစုအားလုံး ညစာအတူတူ စားကြသည်။,NAT
Writer29,Writer29/NAT23.png,NAT_23,သူမသည် စာကြည့်တိုက်မှ စာအုပ်တစ်အုပ် ငှားလာခဲ့သည်။,NAT
Writer29,Writer29/NAT24.png,NAT_24,ကျွန်တော်တို့ မနက်ဖြန် ခရီးထွက်ရန် စီစဉ်ထားသည်။,NAT
Writer29,Writer29/NAT25.png,NAT_25,လယ်သမားများသည် လယ်ကွင်းထဲတွင် အလုပ်လုပ်နေကြသည်။,NAT
Writer29,Writer29/NAT26.png,NAT_26,ရထားသည် နံနက် ကိုးနာရီတွင် ဘူတာသို့ ရောက်မည်။,NAT
Writer29,Writer29/NAT27.png,NAT_27,သူသည် ကော်ဖီတစ်ခွက် သောက်ပြီး အလုပ်စတင်ခဲ့သည်။,NAT
Writer29,Writer29/NAT28.png,NAT_28,မြန်မာနိုင်ငံတွင် ရိုးရာပွဲတော်များစွာ ရှိသည်။,NAT
Writer29,Writer29/NAT29.png,NAT_29,စျေးထဲတွင် လတ်ဆတ်သော သစ်သီးများ ရောင်းချနေသည်။,NAT
Writer29,Writer29/NAT30.png,NAT_30,ကျောင်းသားများသည် စာမေးပွဲအတွက် ကြိုးစားလေ့လာနေကြသည်။,NAT
Writer29,Writer29/NONCE01.png,NONCE_01,သျှိုင်းကွိမ်,NONCE
Writer29,Writer29/NONCE02.png,NONCE_02,ပြွမ်းဂျိန်,NONCE
Writer29,Writer29/NONCE03.png,NONCE_03,ညွှောင့်ပိမ်,NONCE
Writer29,Writer29/NONCE04.png,NONCE_04,ချွိန်ဖျော့,NONCE
Writer29,Writer29/NONCE05.png,NONCE_05,မြှိမ်းဇွက်,NONCE
Writer29,Writer29/NONCE06.png,NONCE_06,ကျွိုင်းဗြန်,NONCE
Writer29,Writer29/NONCE07.png,NONCE_07,ဖြွေးနိပ်,NONCE
Writer29,Writer29/NONCE08.png,NONCE_08,လျှိန်ဂွတ်,NONCE
Writer29,Writer29/NONCE09.png,NONCE_09,ပွှိုင်းဒျက်,NONCE
Writer29,Writer29/NONCE10.png,NONCE_10,ကြွိမ်းဖျန်,NONCE
Writer29,Writer29/RARE01.png,RARE_01,ဦးပညာကျော်သည် ၁၉၉၈ ခုနှစ်၊ မတ်လ ၂၃ ရက်နေ့တွင် မွေးဖွားခဲ့သည်။,RARE
Writer29,Writer29/RARE02.png,RARE_02,အမှတ် ၁၂၇၊ သရဖီလမ်း၊ ရတနာပုံမြို့နယ်တွင် နေထိုင်သည်။,RARE
Writer29,Writer29/RARE03.png,RARE_03,ဆက်သွယ်ရန် ဖုန်းနံပါတ်မှာ ၀၉-၇၈၁၂၃၄၅၆၇ ဖြစ်သည်။,RARE
Writer29,Writer29/RARE04.png,RARE_04,"စုစုပေါင်းကျသင့်ငွေမှာ ၁၂၈,၅၀၀ ကျပ် ဖြစ်သည်။",RARE
Writer29,Writer29/RARE05.png,RARE_05,မန္တလေးမှ မြစ်ကြီးနားသို့ ရထားအမှတ် ၃၅ ဖြင့် ထွက်ခွာမည်။,RARE
Writer29,Writer29/RARE06.png,RARE_06,ဒေါက်တာ သီဟဇော်ထွန်းသည် အဏုဇီဝဗေဒကို လေ့လာနေသည်။,RARE
Writer29,Writer29/RARE07.png,RARE_07,သင်တန်းအမှတ်စဉ် ML-၂၀၂၆-၀၇ ကို ဇူလိုင်လ ၁၅ ရက်နေ့တွင် စတင်မည်။,RARE
Writer29,Writer29/RARE08.png,RARE_08,ကန့်ဘလူမြို့နယ်၊ ထန်းကုန်းကျေးရွာတွင် စမ်းသပ်မှု ပြုလုပ်ခဲ့သည်။,RARE
Writer29,Writer29/RARE09.png,RARE_09,ဓာတ်ခွဲနမူနာကုဒ် BMY-၄၂၁၇ ကို အအေးခန်းထဲတွင် သိမ်းဆည်းထားသည်။,RARE
Writer29,Writer29/RARE10.png,RARE_10,ရှေးဟောင်းကျောက်စာကို မြန်မာသက္ကရာဇ် ၁၂၃၄ ခုနှစ်တွင် ရေးထိုးခဲ့သည်။,RARE
Writer30,Writer30/NAT01.png,NAT_01,အစောပိုင်း အမျိုးသမီးစာရေးဆရာများသည် စာရေးခြင်းဖြင့် ရပ်တည်ရန် အခက်အခဲများ ကြုံခဲ့ရသည်။,NAT
Writer30,Writer30/NAT02.png,NAT_02,မမလေးက ပြည်တွင်းယဉ်ကျေးမှုဘက်ကို အားပြုပြီး ကြည်အေးက လူသားဝါဒကို အသားပေးပါတယ်။,NAT
Writer30,Writer30/NAT03.png,NAT_03,သူသည် အကြောင်းအရာများကို သွယ်ဝိုက်ရေးသားတတ်သောကြောင့် စာဖတ်သူများ၏ စိတ်ဝင်စားမှုကို ရရှိခဲ့သည်။,NAT
Writer30,Writer30/NAT04.png,NAT_04,တစ်ခါက ဒီဝတ္ထုကြီးကို အကောင်းဆုံး မြန်မာဝတ္ထုရှည် ၅ ပုဒ်တွင် ပါဝင်သည်ဟု ချီးမွမ်းခဲ့ကြသည်။,NAT
Writer30,Writer30/NAT05.png,NAT_05,ကျောင်းသားလူငယ်များသည် လူငယ်များပီပီ ပျော်ပျော်ရွှင်ရွှင် နေချင်ကြသည်။,NAT
Writer30,Writer30/NAT06.png,NAT_06,ကျွန်မတို့နိုင်ငံသည် အရင်က လူတန်းစားများအကြား ကွာခြားမှုနည်းသော နိုင်ငံအဖြစ် လူသိများခဲ့သည်။,NAT
Writer30,Writer30/NAT07.png,NAT_07,လူတန်းစားများအကြား ကွာဟမှုကြီးထွားစေသော ကိစ္စများကို သေချာစွာ လေ့လာသင့်သည်။,NAT
Writer30,Writer30/NAT08.png,NAT_08,လယ်သမားများသည် သီးနှံကောင်းကောင်း ရရှိရန် နေ့စဉ် ကြိုးစားအလုပ်လုပ်ကြသည်။,NAT
Writer30,Writer30/NAT09.png,NAT_09,သုတေသနအဖွဲ့သည် လယ်သမားများ၏ အခြေအနေကို မေးမြန်းလေ့လာခဲ့သည်။,NAT
Writer30,Writer30/NAT10.png,NAT_10,တချို့လယ်သမားများသည် သီးနှံမအောင်မြင်ခြင်းနှင့် အကြွေးတင်ခြင်းကြောင့် လယ်ယာများကို ရောင်းချရသည်။,NAT
Writer30,Writer30/NAT11.png,NAT_11,ဤသည်ကို ကြိုတင်သိရှိလိုဟန်ဖြင့် သူသည် မချိုမချဉ်ပြုံးကာ အဝေးသို့သာ ငေးရီနေသည်။,NAT
Writer30,Writer30/NAT12.png,NAT_12,ကမ္ဘာပေါ်ရှိ လူများသည် မတူညီသော ယဉ်ကျေးမှုနှင့် အတွေးအခေါ်များကို လက်ခံထားကြသည်။,NAT
Writer30,Writer30/NAT13.png,NAT_13,နေဝင်ချိန်တွင် ကောင်းကင်သည် လိမ္မော်ရောင်သို့ တဖြည်းဖြည်း ပြောင်းလဲသွားသည်။,NAT
Writer30,Writer30/NAT14.png,NAT_14,ခင်ဗျားတို့ မမေးခင်မှာပင် ကျွန်တော် ဖြေကြားရန် အဆင်သင့်ဖြစ်နေပါပြီ။,NAT
Writer30,Writer30/NAT15.png,NAT_15,သဘာဝဘေးဒဏ်များနှင့် လူသားတို့၏ မှားယွင်းသော ဆုံးဖြတ်ချက်များကြောင့် ပြဿနာများ ဖြစ်ပေါ်လာတတ်သည်။,NAT
Writer30,Writer30/NAT16.png,NAT_16,ကြီးမားသော အလှည့်အပြောင်းပါဝင်သည့် ဆုံးဖြတ်ချက်တစ်ခု ဖြစ်နေပါသလား။,NAT
Writer30,Writer30/NAT17.png,NAT_17,ကျွန်တော် ဌာနသို့ စတင်ရောက်ရှိလာသည့်အချိန်ကို ယနေ့တိုင် မှတ်မိနေသေးသည်။,NAT
Writer30,Writer30/NAT18.png,NAT_18,ကဗျာဆရာ၏ အတွေးရထားသည် လောကသံလမ်းတစ်နေရာတွင် ဘီးချော်တိမ်းမှောက်ခဲ့ပြီလား။,NAT
Writer30,Writer30/NAT19.png,NAT_19,ဒီနေ့ မိုးအနည်းငယ် ရွာနိုင်ပါတယ်။,NAT
Writer30,Writer30/NAT20.png,NAT_20,ကျွန်တော် မနက်တိုင်း လမ်းလျှောက်လေ့ရှိပါတယ်။,NAT
Writer30,Writer30/NAT21.png,NAT_21,ကလေးများသည် ကျောင်းဝင်းထဲတွင် ကစားနေကြသည်။,NAT
Writer30,Writer30/NAT22.png,NAT_22,မိသားစုအားလုံး ညစာအတူတူ စားကြသည်။,NAT
Writer30,Writer30/NAT23.png,NAT_23,သူမသည် စာကြည့်တိုက်မှ စာအုပ်တစ်အုပ် ငှားလာခဲ့သည်။,NAT
Writer30,Writer30/NAT24.png,NAT_24,ကျွန်တော်တို့ မနက်ဖြန် ခရီးထွက်ရန် စီစဉ်ထားသည်။,NAT
Writer30,Writer30/NAT25.png,NAT_25,လယ်သမားများသည် လယ်ကွင်းထဲတွင် အလုပ်လုပ်နေကြသည်။,NAT
Writer30,Writer30/NAT26.png,NAT_26,ရထားသည် နံနက် ကိုးနာရီတွင် ဘူတာသို့ ရောက်မည်။,NAT
Writer30,Writer30/NAT27.png,NAT_27,သူသည် ကော်ဖီတစ်ခွက် သောက်ပြီး အလုပ်စတင်ခဲ့သည်။,NAT
Writer30,Writer30/NAT28.png,NAT_28,မြန်မာနိုင်ငံတွင် ရိုးရာပွဲတော်များစွာ ရှိသည်။,NAT
Writer30,Writer30/NAT29.png,NAT_29,စျေးထဲတွင် လတ်ဆတ်သော သစ်သီးများ ရောင်းချနေသည်။,NAT
Writer30,Writer30/NAT30.png,NAT_30,ကျောင်းသားများသည် စာမေးပွဲအတွက် ကြိုးစားလေ့လာနေကြသည်။,NAT
Writer30,Writer30/NONCE01.png,NONCE_01,သျှိုင်းကွိမ်,NONCE
Writer30,Writer30/NONCE02.png,NONCE_02,ပြွမ်းဂျိန်,NONCE
Writer30,Writer30/NONCE03.png,NONCE_03,ညွှောင့်ပိမ်,NONCE
Writer30,Writer30/NONCE04.png,NONCE_04,ချွိန်ဖျော့,NONCE
Writer30,Writer30/NONCE05.png,NONCE_05,မြှိမ်းဇွက်,NONCE
Writer30,Writer30/NONCE06.png,NONCE_06,ကျွိုင်းဗြန်,NONCE
Writer30,Writer30/NONCE07.png,NONCE_07,ဖြွေးနိပ်,NONCE
Writer30,Writer30/NONCE08.png,NONCE_08,လျှိန်ဂွတ်,NONCE
Writer30,Writer30/NONCE09.png,NONCE_09,ပွှိုင်းဒျက်,NONCE
Writer30,Writer30/NONCE10.png,NONCE_10,ကြွိမ်းဖျန်,NONCE
Writer30,Writer30/RARE01.png,RARE_01,ဦးပညာကျော်သည် ၁၉၉၈ ခုနှစ်၊ မတ်လ ၂၃ ရက်နေ့တွင် မွေးဖွားခဲ့သည်။,RARE
Writer30,Writer30/RARE02.png,RARE_02,အမှတ် ၁၂၇၊ သရဖီလမ်း၊ ရတနာပုံမြို့နယ်တွင် နေထိုင်သည်။,RARE
Writer30,Writer30/RARE03.png,RARE_03,ဆက်သွယ်ရန် ဖုန်းနံပါတ်မှာ ၀၉-၇၈၁၂၃၄၅၆၇ ဖြစ်သည်။,RARE
Writer30,Writer30/RARE04.png,RARE_04,"စုစုပေါင်းကျသင့်ငွေမှာ ၁၂၈,၅၀၀ ကျပ် ဖြစ်သည်။",RARE
Writer30,Writer30/RARE05.png,RARE_05,မန္တလေးမှ မြစ်ကြီးနားသို့ ရထားအမှတ် ၃၅ ဖြင့် ထွက်ခွာမည်။,RARE
Writer30,Writer30/RARE06.png,RARE_06,ဒေါက်တာ သီဟဇော်ထွန်းသည် အဏုဇီဝဗေဒကို လေ့လာနေသည်။,RARE
Writer30,Writer30/RARE07.png,RARE_07,သင်တန်းအမှတ်စဉ် ML-၂၀၂၆-၀၇ ကို ဇူလိုင်လ ၁၅ ရက်နေ့တွင် စတင်မည်။,RARE
Writer30,Writer30/RARE08.png,RARE_08,ကန့်ဘလူမြို့နယ်၊ ထန်းကုန်းကျေးရွာတွင် စမ်းသပ်မှု ပြုလုပ်ခဲ့သည်။,RARE
Writer30,Writer30/RARE09.png,RARE_09,ဓာတ်ခွဲနမူနာကုဒ် BMY-၄၂၁၇ ကို အအေးခန်းထဲတွင် သိမ်းဆည်းထားသည်။,RARE
Writer30,Writer30/RARE10.png,RARE_10,ရှေးဟောင်းကျောက်စာကို မြန်မာသက္ကရာဇ် ၁၂၃၄ ခုနှစ်တွင် ရေးထိုးခဲ့သည်။,RARE
Writer31,Writer31/NAT01.png,NAT_01,အစောပိုင်း အမျိုးသမီးစာရေးဆရာများသည် စာရေးခြင်းဖြင့် ရပ်တည်ရန် အခက်အခဲများ ကြုံခဲ့ရသည်။,NAT
Writer31,Writer31/NAT02.png,NAT_02,မမလေးက ပြည်တွင်းယဉ်ကျေးမှုဘက်ကို အားပြုပြီး ကြည်အေးက လူသားဝါဒကို အသားပေးပါတယ်။,NAT
Writer31,Writer31/NAT03.png,NAT_03,သူသည် အကြောင်းအရာများကို သွယ်ဝိုက်ရေးသားတတ်သောကြောင့် စာဖတ်သူများ၏ စိတ်ဝင်စားမှုကို ရရှိခဲ့သည်။,NAT
Writer31,Writer31/NAT04.png,NAT_04,တစ်ခါက ဒီဝတ္ထုကြီးကို အကောင်းဆုံး မြန်မာဝတ္ထုရှည် ၅ ပုဒ်တွင် ပါဝင်သည်ဟု ချီးမွမ်းခဲ့ကြသည်။,NAT
Writer31,Writer31/NAT05.png,NAT_05,ကျောင်းသားလူငယ်များသည် လူငယ်များပီပီ ပျော်ပျော်ရွှင်ရွှင် နေချင်ကြသည်။,NAT
Writer31,Writer31/NAT06.png,NAT_06,ကျွန်မတို့နိုင်ငံသည် အရင်က လူတန်းစားများအကြား ကွာခြားမှုနည်းသော နိုင်ငံအဖြစ် လူသိများခဲ့သည်။,NAT
Writer31,Writer31/NAT07.png,NAT_07,လူတန်းစားများအကြား ကွာဟမှုကြီးထွားစေသော ကိစ္စများကို သေချာစွာ လေ့လာသင့်သည်။,NAT
Writer31,Writer31/NAT08.png,NAT_08,လယ်သမားများသည် သီးနှံကောင်းကောင်း ရရှိရန် နေ့စဉ် ကြိုးစားအလုပ်လုပ်ကြသည်။,NAT
Writer31,Writer31/NAT09.png,NAT_09,သုတေသနအဖွဲ့သည် လယ်သမားများ၏ အခြေအနေကို မေးမြန်းလေ့လာခဲ့သည်။,NAT
Writer31,Writer31/NAT10.png,NAT_10,တချို့လယ်သမားများသည် သီးနှံမအောင်မြင်ခြင်းနှင့် အကြွေးတင်ခြင်းကြောင့် လယ်ယာများကို ရောင်းချရသည်။,NAT
Writer31,Writer31/NAT11.png,NAT_11,ဤသည်ကို ကြိုတင်သိရှိလိုဟန်ဖြင့် သူသည် မချိုမချဉ်ပြုံးကာ အဝေးသို့သာ ငေးရီနေသည်။,NAT
Writer31,Writer31/NAT12.png,NAT_12,ကမ္ဘာပေါ်ရှိ လူများသည် မတူညီသော ယဉ်ကျေးမှုနှင့် အတွေးအခေါ်များကို လက်ခံထားကြသည်။,NAT
Writer31,Writer31/NAT13.png,NAT_13,နေဝင်ချိန်တွင် ကောင်းကင်သည် လိမ္မော်ရောင်သို့ တဖြည်းဖြည်း ပြောင်းလဲသွားသည်။,NAT
Writer31,Writer31/NAT14.png,NAT_14,ခင်ဗျားတို့ မမေးခင်မှာပင် ကျွန်တော် ဖြေကြားရန် အဆင်သင့်ဖြစ်နေပါပြီ။,NAT
Writer31,Writer31/NAT15.png,NAT_15,သဘာဝဘေးဒဏ်များနှင့် လူသားတို့၏ မှားယွင်းသော ဆုံးဖြတ်ချက်များကြောင့် ပြဿနာများ ဖြစ်ပေါ်လာတတ်သည်။,NAT
Writer31,Writer31/NAT16.png,NAT_16,ကြီးမားသော အလှည့်အပြောင်းပါဝင်သည့် ဆုံးဖြတ်ချက်တစ်ခု ဖြစ်နေပါသလား။,NAT
Writer31,Writer31/NAT17.png,NAT_17,ကျွန်တော် ဌာနသို့ စတင်ရောက်ရှိလာသည့်အချိန်ကို ယနေ့တိုင် မှတ်မိနေသေးသည်။,NAT
Writer31,Writer31/NAT18.png,NAT_18,ကဗျာဆရာ၏ အတွေးရထားသည် လောကသံလမ်းတစ်နေရာတွင် ဘီးချော်တိမ်းမှောက်ခဲ့ပြီလား။,NAT
Writer31,Writer31/NAT19.png,NAT_19,ဒီနေ့ မိုးအနည်းငယ် ရွာနိုင်ပါတယ်။,NAT
Writer31,Writer31/NAT20.png,NAT_20,ကျွန်တော် မနက်တိုင်း လမ်းလျှောက်လေ့ရှိပါတယ်။,NAT
Writer31,Writer31/NAT21.png,NAT_21,ကလေးများသည် ကျောင်းဝင်းထဲတွင် ကစားနေကြသည်။,NAT
Writer31,Writer31/NAT22.png,NAT_22,မိသားစုအားလုံး ညစာအတူတူ စားကြသည်။,NAT
Writer31,Writer31/NAT23.png,NAT_23,သူမသည် စာကြည့်တိုက်မှ စာအုပ်တစ်အုပ် ငှားလာခဲ့သည်။,NAT
Writer31,Writer31/NAT24.png,NAT_24,ကျွန်တော်တို့ မနက်ဖြန် ခရီးထွက်ရန် စီစဉ်ထားသည်။,NAT
Writer31,Writer31/NAT25.png,NAT_25,လယ်သမားများသည် လယ်ကွင်းထဲတွင် အလုပ်လုပ်နေကြသည်။,NAT
Writer31,Writer31/NAT26.png,NAT_26,ရထားသည် နံနက် ကိုးနာရီတွင် ဘူတာသို့ ရောက်မည်။,NAT
Writer31,Writer31/NAT27.png,NAT_27,သူသည် ကော်ဖီတစ်ခွက် သောက်ပြီး အလုပ်စတင်ခဲ့သည်။,NAT
Writer31,Writer31/NAT28.png,NAT_28,မြန်မာနိုင်ငံတွင် ရိုးရာပွဲတော်များစွာ ရှိသည်။,NAT
Writer31,Writer31/NAT29.png,NAT_29,စျေးထဲတွင် လတ်ဆတ်သော သစ်သီးများ ရောင်းချနေသည်။,NAT
Writer31,Writer31/NAT30.png,NAT_30,ကျောင်းသားများသည် စာမေးပွဲအတွက် ကြိုးစားလေ့လာနေကြသည်။,NAT
Writer31,Writer31/NONCE01.png,NONCE_01,သျှိုင်းကွိမ်,NONCE
Writer31,Writer31/NONCE02.png,NONCE_02,ပြွမ်းဂျိန်,NONCE
Writer31,Writer31/NONCE03.png,NONCE_03,ညွှောင့်ပိမ်,NONCE
Writer31,Writer31/NONCE04.png,NONCE_04,ချွိန်ဖျော့,NONCE
Writer31,Writer31/NONCE05.png,NONCE_05,မြှိမ်းဇွက်,NONCE
Writer31,Writer31/NONCE06.png,NONCE_06,ကျွိုင်းဗြန်,NONCE
Writer31,Writer31/NONCE07.png,NONCE_07,ဖြွေးနိပ်,NONCE
Writer31,Writer31/NONCE08.png,NONCE_08,လျှိန်ဂွတ်,NONCE
Writer31,Writer31/NONCE09.png,NONCE_09,ပွှိုင်းဒျက်,NONCE
Writer31,Writer31/NONCE10.png,NONCE_10,ကြွိမ်းဖျန်,NONCE
Writer31,Writer31/RARE01.png,RARE_01,ဦးပညာကျော်သည် ၁၉၉၈ ခုနှစ်၊ မတ်လ ၂၃ ရက်နေ့တွင် မွေးဖွားခဲ့သည်။,RARE
Writer31,Writer31/RARE02.png,RARE_02,အမှတ် ၁၂၇၊ သရဖီလမ်း၊ ရတနာပုံမြို့နယ်တွင် နေထိုင်သည်။,RARE
Writer31,Writer31/RARE03.png,RARE_03,ဆက်သွယ်ရန် ဖုန်းနံပါတ်မှာ ၀၉-၇၈၁၂၃၄၅၆၇ ဖြစ်သည်။,RARE
Writer31,Writer31/RARE04.png,RARE_04,"စုစုပေါင်းကျသင့်ငွေမှာ ၁၂၈,၅၀၀ ကျပ် ဖြစ်သည်။",RARE
Writer31,Writer31/RARE05.png,RARE_05,မန္တလေးမှ မြစ်ကြီးနားသို့ ရထားအမှတ် ၃၅ ဖြင့် ထွက်ခွာမည်။,RARE
Writer31,Writer31/RARE06.png,RARE_06,ဒေါက်တာ သီဟဇော်ထွန်းသည် အဏုဇီဝဗေဒကို လေ့လာနေသည်။,RARE
Writer31,Writer31/RARE07.png,RARE_07,သင်တန်းအမှတ်စဉ် ML-၂၀၂၆-၀၇ ကို ဇူလိုင်လ ၁၅ ရက်နေ့တွင် စတင်မည်။,RARE
Writer31,Writer31/RARE08.png,RARE_08,ကန့်ဘလူမြို့နယ်၊ ထန်းကုန်းကျေးရွာတွင် စမ်းသပ်မှု ပြုလုပ်ခဲ့သည်။,RARE
Writer31,Writer31/RARE09.png,RARE_09,ဓာတ်ခွဲနမူနာကုဒ် BMY-၄၂၁၇ ကို အအေးခန်းထဲတွင် သိမ်းဆည်းထားသည်။,RARE
Writer31,Writer31/RARE10.png,RARE_10,ရှေးဟောင်းကျောက်စာကို မြန်မာသက္ကရာဇ် ၁၂၃၄ ခုနှစ်တွင် ရေးထိုးခဲ့သည်။,RARE
Writer32,Writer32/NAT01.png,NAT_01,အစောပိုင်း အမျိုးသမီးစာရေးဆရာများသည် စာရေးခြင်းဖြင့် ရပ်တည်ရန် အခက်အခဲများ ကြုံခဲ့ရသည်။,NAT
Writer32,Writer32/NAT02.png,NAT_02,မမလေးက ပြည်တွင်းယဉ်ကျေးမှုဘက်ကို အားပြုပြီး ကြည်အေးက လူသားဝါဒကို အသားပေးပါတယ်။,NAT
Writer32,Writer32/NAT03.png,NAT_03,သူသည် အကြောင်းအရာများကို သွယ်ဝိုက်ရေးသားတတ်သောကြောင့် စာဖတ်သူများ၏ စိတ်ဝင်စားမှုကို ရရှိခဲ့သည်။,NAT
Writer32,Writer32/NAT04.png,NAT_04,တစ်ခါက ဒီဝတ္ထုကြီးကို အကောင်းဆုံး မြန်မာဝတ္ထုရှည် ၅ ပုဒ်တွင် ပါဝင်သည်ဟု ချီးမွမ်းခဲ့ကြသည်။,NAT
Writer32,Writer32/NAT05.png,NAT_05,ကျောင်းသားလူငယ်များသည် လူငယ်များပီပီ ပျော်ပျော်ရွှင်ရွှင် နေချင်ကြသည်။,NAT
Writer32,Writer32/NAT06.png,NAT_06,ကျွန်မတို့နိုင်ငံသည် အရင်က လူတန်းစားများအကြား ကွာခြားမှုနည်းသော နိုင်ငံအဖြစ် လူသိများခဲ့သည်။,NAT
Writer32,Writer32/NAT07.png,NAT_07,လူတန်းစားများအကြား ကွာဟမှုကြီးထွားစေသော ကိစ္စများကို သေချာစွာ လေ့လာသင့်သည်။,NAT
Writer32,Writer32/NAT08.png,NAT_08,လယ်သမားများသည် သီးနှံကောင်းကောင်း ရရှိရန် နေ့စဉ် ကြိုးစားအလုပ်လုပ်ကြသည်။,NAT
Writer32,Writer32/NAT09.png,NAT_09,သုတေသနအဖွဲ့သည် လယ်သမားများ၏ အခြေအနေကို မေးမြန်းလေ့လာခဲ့သည်။,NAT
Writer32,Writer32/NAT10.png,NAT_10,တချို့လယ်သမားများသည် သီးနှံမအောင်မြင်ခြင်းနှင့် အကြွေးတင်ခြင်းကြောင့် လယ်ယာများကို ရောင်းချရသည်။,NAT
Writer32,Writer32/NAT11.png,NAT_11,ဤသည်ကို ကြိုတင်သိရှိလိုဟန်ဖြင့် သူသည် မချိုမချဉ်ပြုံးကာ အဝေးသို့သာ ငေးရီနေသည်။,NAT
Writer32,Writer32/NAT12.png,NAT_12,ကမ္ဘာပေါ်ရှိ လူများသည် မတူညီသော ယဉ်ကျေးမှုနှင့် အတွေးအခေါ်များကို လက်ခံထားကြသည်။,NAT
Writer32,Writer32/NAT13.png,NAT_13,နေဝင်ချိန်တွင် ကောင်းကင်သည် လိမ္မော်ရောင်သို့ တဖြည်းဖြည်း ပြောင်းလဲသွားသည်။,NAT
Writer32,Writer32/NAT14.png,NAT_14,ခင်ဗျားတို့ မမေးခင်မှာပင် ကျွန်တော် ဖြေကြားရန် အဆင်သင့်ဖြစ်နေပါပြီ။,NAT
Writer32,Writer32/NAT15.png,NAT_15,သဘာဝဘေးဒဏ်များနှင့် လူသားတို့၏ မှားယွင်းသော ဆုံးဖြတ်ချက်များကြောင့် ပြဿနာများ ဖြစ်ပေါ်လာတတ်သည်။,NAT
Writer32,Writer32/NAT16.png,NAT_16,ကြီးမားသော အလှည့်အပြောင်းပါဝင်သည့် ဆုံးဖြတ်ချက်တစ်ခု ဖြစ်နေပါသလား။,NAT
Writer32,Writer32/NAT17.png,NAT_17,ကျွန်တော် ဌာနသို့ စတင်ရောက်ရှိလာသည့်အချိန်ကို ယနေ့တိုင် မှတ်မိနေသေးသည်။,NAT
Writer32,Writer32/NAT18.png,NAT_18,ကဗျာဆရာ၏ အတွေးရထားသည် လောကသံလမ်းတစ်နေရာတွင် ဘီးချော်တိမ်းမှောက်ခဲ့ပြီလား။,NAT
Writer32,Writer32/NAT19.png,NAT_19,ဒီနေ့ မိုးအနည်းငယ် ရွာနိုင်ပါတယ်။,NAT
Writer32,Writer32/NAT20.png,NAT_20,ကျွန်တော် မနက်တိုင်း လမ်းလျှောက်လေ့ရှိပါတယ်။,NAT
Writer32,Writer32/NAT21.png,NAT_21,ကလေးများသည် ကျောင်းဝင်းထဲတွင် ကစားနေကြသည်။,NAT
Writer32,Writer32/NAT22.png,NAT_22,မိသားစုအားလုံး ညစာအတူတူ စားကြသည်။,NAT
Writer32,Writer32/NAT23.png,NAT_23,သူမသည် စာကြည့်တိုက်မှ စာအုပ်တစ်အုပ် ငှားလာခဲ့သည်။,NAT
Writer32,Writer32/NAT24.png,NAT_24,ကျွန်တော်တို့ မနက်ဖြန် ခရီးထွက်ရန် စီစဉ်ထားသည်။,NAT
Writer32,Writer32/NAT25.png,NAT_25,လယ်သမားများသည် လယ်ကွင်းထဲတွင် အလုပ်လုပ်နေကြသည်။,NAT
Writer32,Writer32/NAT26.png,NAT_26,ရထားသည် နံနက် ကိုးနာရီတွင် ဘူတာသို့ ရောက်မည်။,NAT
Writer32,Writer32/NAT27.png,NAT_27,သူသည် ကော်ဖီတစ်ခွက် သောက်ပြီး အလုပ်စတင်ခဲ့သည်။,NAT
Writer32,Writer32/NAT28.png,NAT_28,မြန်မာနိုင်ငံတွင် ရိုးရာပွဲတော်များစွာ ရှိသည်။,NAT
Writer32,Writer32/NAT29.png,NAT_29,စျေးထဲတွင် လတ်ဆတ်သော သစ်သီးများ ရောင်းချနေသည်။,NAT
Writer32,Writer32/NAT30.png,NAT_30,ကျောင်းသားများသည် စာမေးပွဲအတွက် ကြိုးစားလေ့လာနေကြသည်။,NAT
Writer32,Writer32/NONCE01.png,NONCE_01,သျှိုင်းကွိမ်,NONCE
Writer32,Writer32/NONCE02.png,NONCE_02,ပြွမ်းဂျိန်,NONCE
Writer32,Writer32/NONCE03.png,NONCE_03,ညွှောင့်ပိမ်,NONCE
Writer32,Writer32/NONCE04.png,NONCE_04,ချွိန်ဖျော့,NONCE
Writer32,Writer32/NONCE05.png,NONCE_05,မြှိမ်းဇွက်,NONCE
Writer32,Writer32/NONCE06.png,NONCE_06,ကျွိုင်းဗြန်,NONCE
Writer32,Writer32/NONCE07.png,NONCE_07,ဖြွေးနိပ်,NONCE
Writer32,Writer32/NONCE08.png,NONCE_08,လျှိန်ဂွတ်,NONCE
Writer32,Writer32/NONCE09.png,NONCE_09,ပွှိုင်းဒျက်,NONCE
Writer32,Writer32/NONCE10.png,NONCE_10,ကြွိမ်းဖျန်,NONCE
Writer32,Writer32/RARE01.png,RARE_01,ဦးပညာကျော်သည် ၁၉၉၈ ခုနှစ်၊ မတ်လ ၂၃ ရက်နေ့တွင် မွေးဖွားခဲ့သည်။,RARE
Writer32,Writer32/RARE02.png,RARE_02,အမှတ် ၁၂၇၊ သရဖီလမ်း၊ ရတနာပုံမြို့နယ်တွင် နေထိုင်သည်။,RARE
Writer32,Writer32/RARE03.png,RARE_03,ဆက်သွယ်ရန် ဖုန်းနံပါတ်မှာ ၀၉-၇၈၁၂၃၄၅၆၇ ဖြစ်သည်။,RARE
Writer32,Writer32/RARE04.png,RARE_04,"စုစုပေါင်းကျသင့်ငွေမှာ ၁၂၈,၅၀၀ ကျပ် ဖြစ်သည်။",RARE
Writer32,Writer32/RARE05.png,RARE_05,မန္တလေးမှ မြစ်ကြီးနားသို့ ရထားအမှတ် ၃၅ ဖြင့် ထွက်ခွာမည်။,RARE
Writer32,Writer32/RARE06.png,RARE_06,ဒေါက်တာ သီဟဇော်ထွန်းသည် အဏုဇီဝဗေဒကို လေ့လာနေသည်။,RARE
Writer32,Writer32/RARE07.png,RARE_07,သင်တန်းအမှတ်စဉ် ML-၂၀၂၆-၀၇ ကို ဇူလိုင်လ ၁၅ ရက်နေ့တွင် စတင်မည်။,RARE
Writer32,Writer32/RARE08.png,RARE_08,ကန့်ဘလူမြို့နယ်၊ ထန်းကုန်းကျေးရွာတွင် စမ်းသပ်မှု ပြုလုပ်ခဲ့သည်။,RARE
Writer32,Writer32/RARE09.png,RARE_09,ဓာတ်ခွဲနမူနာကုဒ် BMY-၄၂၁၇ ကို အအေးခန်းထဲတွင် သိမ်းဆည်းထားသည်။,RARE
Writer32,Writer32/RARE10.png,RARE_10,ရှေးဟောင်းကျောက်စာကို မြန်မာသက္ကရာဇ် ၁၂၃၄ ခုနှစ်တွင် ရေးထိုးခဲ့သည်။,RARE
Writer33,Writer33/NAT01.png,NAT_01,အစောပိုင်း အမျိုးသမီးစာရေးဆရာများသည် စာရေးခြင်းဖြင့် ရပ်တည်ရန် အခက်အခဲများ ကြုံခဲ့ရသည်။,NAT
Writer33,Writer33/NAT02.png,NAT_02,မမလေးက ပြည်တွင်းယဉ်ကျေးမှုဘက်ကို အားပြုပြီး ကြည်အေးက လူသားဝါဒကို အသားပေးပါတယ်။,NAT
Writer33,Writer33/NAT03.png,NAT_03,သူသည် အကြောင်းအရာများကို သွယ်ဝိုက်ရေးသားတတ်သောကြောင့် စာဖတ်သူများ၏ စိတ်ဝင်စားမှုကို ရရှိခဲ့သည်။,NAT
Writer33,Writer33/NAT04.png,NAT_04,တစ်ခါက ဒီဝတ္ထုကြီးကို အကောင်းဆုံး မြန်မာဝတ္ထုရှည် ၅ ပုဒ်တွင် ပါဝင်သည်ဟု ချီးမွမ်းခဲ့ကြသည်။,NAT
Writer33,Writer33/NAT05.png,NAT_05,ကျောင်းသားလူငယ်များသည် လူငယ်များပီပီ ပျော်ပျော်ရွှင်ရွှင် နေချင်ကြသည်။,NAT
Writer33,Writer33/NAT06.png,NAT_06,ကျွန်မတို့နိုင်ငံသည် အရင်က လူတန်းစားများအကြား ကွာခြားမှုနည်းသော နိုင်ငံအဖြစ် လူသိများခဲ့သည်။,NAT
Writer33,Writer33/NAT07.png,NAT_07,လူတန်းစားများအကြား ကွာဟမှုကြီးထွားစေသော ကိစ္စများကို သေချာစွာ လေ့လာသင့်သည်။,NAT
Writer33,Writer33/NAT08.png,NAT_08,လယ်သမားများသည် သီးနှံကောင်းကောင်း ရရှိရန် နေ့စဉ် ကြိုးစားအလုပ်လုပ်ကြသည်။,NAT
Writer33,Writer33/NAT09.png,NAT_09,သုတေသနအဖွဲ့သည် လယ်သမားများ၏ အခြေအနေကို မေးမြန်းလေ့လာခဲ့သည်။,NAT
Writer33,Writer33/NAT10.png,NAT_10,တချို့လယ်သမားများသည် သီးနှံမအောင်မြင်ခြင်းနှင့် အကြွေးတင်ခြင်းကြောင့် လယ်ယာများကို ရောင်းချရသည်။,NAT
Writer33,Writer33/NAT11.png,NAT_11,ဤသည်ကို ကြိုတင်သိရှိလိုဟန်ဖြင့် သူသည် မချိုမချဉ်ပြုံးကာ အဝေးသို့သာ ငေးရီနေသည်။,NAT
Writer33,Writer33/NAT12.png,NAT_12,ကမ္ဘာပေါ်ရှိ လူများသည် မတူညီသော ယဉ်ကျေးမှုနှင့် အတွေးအခေါ်များကို လက်ခံထားကြသည်။,NAT
Writer33,Writer33/NAT13.png,NAT_13,နေဝင်ချိန်တွင် ကောင်းကင်သည် လိမ္မော်ရောင်သို့ တဖြည်းဖြည်း ပြောင်းလဲသွားသည်။,NAT
Writer33,Writer33/NAT14.png,NAT_14,ခင်ဗျားတို့ မမေးခင်မှာပင် ကျွန်တော် ဖြေကြားရန် အဆင်သင့်ဖြစ်နေပါပြီ။,NAT
Writer33,Writer33/NAT15.png,NAT_15,သဘာဝဘေးဒဏ်များနှင့် လူသားတို့၏ မှားယွင်းသော ဆုံးဖြတ်ချက်များကြောင့် ပြဿနာများ ဖြစ်ပေါ်လာတတ်သည်။,NAT
Writer33,Writer33/NAT16.png,NAT_16,ကြီးမားသော အလှည့်အပြောင်းပါဝင်သည့် ဆုံးဖြတ်ချက်တစ်ခု ဖြစ်နေပါသလား။,NAT
Writer33,Writer33/NAT17.png,NAT_17,ကျွန်တော် ဌာနသို့ စတင်ရောက်ရှိလာသည့်အချိန်ကို ယနေ့တိုင် မှတ်မိနေသေးသည်။,NAT
Writer33,Writer33/NAT18.png,NAT_18,ကဗျာဆရာ၏ အတွေးရထားသည် လောကသံလမ်းတစ်နေရာတွင် ဘီးချော်တိမ်းမှောက်ခဲ့ပြီလား။,NAT
Writer33,Writer33/NAT19.png,NAT_19,ဒီနေ့ မိုးအနည်းငယ် ရွာနိုင်ပါတယ်။,NAT
Writer33,Writer33/NAT20.png,NAT_20,ကျွန်တော် မနက်တိုင်း လမ်းလျှောက်လေ့ရှိပါတယ်။,NAT
Writer33,Writer33/NAT21.png,NAT_21,ကလေးများသည် ကျောင်းဝင်းထဲတွင် ကစားနေကြသည်။,NAT
Writer33,Writer33/NAT22.png,NAT_22,မိသားစုအားလုံး ညစာအတူတူ စားကြသည်။,NAT
Writer33,Writer33/NAT23.png,NAT_23,သူမသည် စာကြည့်တိုက်မှ စာအုပ်တစ်အုပ် ငှားလာခဲ့သည်။,NAT
Writer33,Writer33/NAT24.png,NAT_24,ကျွန်တော်တို့ မနက်ဖြန် ခရီးထွက်ရန် စီစဉ်ထားသည်။,NAT
Writer33,Writer33/NAT25.png,NAT_25,လယ်သမားများသည် လယ်ကွင်းထဲတွင် အလုပ်လုပ်နေကြသည်။,NAT
Writer33,Writer33/NAT26.png,NAT_26,ရထားသည် နံနက် ကိုးနာရီတွင် ဘူတာသို့ ရောက်မည်။,NAT
Writer33,Writer33/NAT27.png,NAT_27,သူသည် ကော်ဖီတစ်ခွက် သောက်ပြီး အလုပ်စတင်ခဲ့သည်။,NAT
Writer33,Writer33/NAT28.png,NAT_28,မြန်မာနိုင်ငံတွင် ရိုးရာပွဲတော်များစွာ ရှိသည်။,NAT
Writer33,Writer33/NAT29.png,NAT_29,စျေးထဲတွင် လတ်ဆတ်သော သစ်သီးများ ရောင်းချနေသည်။,NAT
Writer33,Writer33/NAT30.png,NAT_30,ကျောင်းသားများသည် စာမေးပွဲအတွက် ကြိုးစားလေ့လာနေကြသည်။,NAT
Writer33,Writer33/NONCE01.png,NONCE_01,သျှိုင်းကွိမ်,NONCE
Writer33,Writer33/NONCE02.png,NONCE_02,ပြွမ်းဂျိန်,NONCE
Writer33,Writer33/NONCE03.png,NONCE_03,ညွှောင့်ပိမ်,NONCE
Writer33,Writer33/NONCE04.png,NONCE_04,ချွိန်ဖျော့,NONCE
Writer33,Writer33/NONCE05.png,NONCE_05,မြှိမ်းဇွက်,NONCE
Writer33,Writer33/NONCE06.png,NONCE_06,ကျွိုင်းဗြန်,NONCE
Writer33,Writer33/NONCE07.png,NONCE_07,ဖြွေးနိပ်,NONCE
Writer33,Writer33/NONCE08.png,NONCE_08,လျှိန်ဂွတ်,NONCE
Writer33,Writer33/NONCE09.png,NONCE_09,ပွှိုင်းဒျက်,NONCE
Writer33,Writer33/NONCE10.png,NONCE_10,ကြွိမ်းဖျန်,NONCE
Writer33,Writer33/RARE01.png,RARE_01,ဦးပညာကျော်သည် ၁၉၉၈ ခုနှစ်၊ မတ်လ ၂၃ ရက်နေ့တွင် မွေးဖွားခဲ့သည်။,RARE
Writer33,Writer33/RARE02.png,RARE_02,အမှတ် ၁၂၇၊ သရဖီလမ်း၊ ရတနာပုံမြို့နယ်တွင် နေထိုင်သည်။,RARE
Writer33,Writer33/RARE03.png,RARE_03,ဆက်သွယ်ရန် ဖုန်းနံပါတ်မှာ ၀၉-၇၈၁၂၃၄၅၆၇ ဖြစ်သည်။,RARE
Writer33,Writer33/RARE04.png,RARE_04,"စုစုပေါင်းကျသင့်ငွေမှာ ၁၂၈,၅၀၀ ကျပ် ဖြစ်သည်။",RARE
Writer33,Writer33/RARE05.png,RARE_05,မန္တလေးမှ မြစ်ကြီးနားသို့ ရထားအမှတ် ၃၅ ဖြင့် ထွက်ခွာမည်။,RARE
Writer33,Writer33/RARE06.png,RARE_06,ဒေါက်တာ သီဟဇော်ထွန်းသည် အဏုဇီဝဗေဒကို လေ့လာနေသည်။,RARE
Writer33,Writer33/RARE07.png,RARE_07,သင်တန်းအမှတ်စဉ် ML-၂၀၂၆-၀၇ ကို ဇူလိုင်လ ၁၅ ရက်နေ့တွင် စတင်မည်။,RARE
Writer33,Writer33/RARE08.png,RARE_08,ကန့်ဘလူမြို့နယ်၊ ထန်းကုန်းကျေးရွာတွင် စမ်းသပ်မှု ပြုလုပ်ခဲ့သည်။,RARE
Writer33,Writer33/RARE09.png,RARE_09,ဓာတ်ခွဲနမူနာကုဒ် BMY-၄၂၁၇ ကို အအေးခန်းထဲတွင် သိမ်းဆည်းထားသည်။,RARE
Writer33,Writer33/RARE10.png,RARE_10,ရှေးဟောင်းကျောက်စာကို မြန်မာသက္ကရာဇ် ၁၂၃၄ ခုနှစ်တွင် ရေးထိုးခဲ့သည်။,RARE
Writer34,Writer34/NAT01.png,NAT_01,အစောပိုင်း အမျိုးသမီးစာရေးဆရာများသည် စာရေးခြင်းဖြင့် ရပ်တည်ရန် အခက်အခဲများ ကြုံခဲ့ရသည်။,NAT
Writer34,Writer34/NAT02.png,NAT_02,မမလေးက ပြည်တွင်းယဉ်ကျေးမှုဘက်ကို အားပြုပြီး ကြည်အေးက လူသားဝါဒကို အသားပေးပါတယ်။,NAT
Writer34,Writer34/NAT03.png,NAT_03,သူသည် အကြောင်းအရာများကို သွယ်ဝိုက်ရေးသားတတ်သောကြောင့် စာဖတ်သူများ၏ စိတ်ဝင်စားမှုကို ရရှိခဲ့သည်။,NAT
Writer34,Writer34/NAT04.png,NAT_04,တစ်ခါက ဒီဝတ္ထုကြီးကို အကောင်းဆုံး မြန်မာဝတ္ထုရှည် ၅ ပုဒ်တွင် ပါဝင်သည်ဟု ချီးမွမ်းခဲ့ကြသည်။,NAT
Writer34,Writer34/NAT05.png,NAT_05,ကျောင်းသားလူငယ်များသည် လူငယ်များပီပီ ပျော်ပျော်ရွှင်ရွှင် နေချင်ကြသည်။,NAT
Writer34,Writer34/NAT06.png,NAT_06,ကျွန်မတို့နိုင်ငံသည် အရင်က လူတန်းစားများအကြား ကွာခြားမှုနည်းသော နိုင်ငံအဖြစ် လူသိများခဲ့သည်။,NAT
Writer34,Writer34/NAT07.png,NAT_07,လူတန်းစားများအကြား ကွာဟမှုကြီးထွားစေသော ကိစ္စများကို သေချာစွာ လေ့လာသင့်သည်။,NAT
Writer34,Writer34/NAT08.png,NAT_08,လယ်သမားများသည် သီးနှံကောင်းကောင်း ရရှိရန် နေ့စဉ် ကြိုးစားအလုပ်လုပ်ကြသည်။,NAT
Writer34,Writer34/NAT09.png,NAT_09,သုတေသနအဖွဲ့သည် လယ်သမားများ၏ အခြေအနေကို မေးမြန်းလေ့လာခဲ့သည်။,NAT
Writer34,Writer34/NAT10.png,NAT_10,တချို့လယ်သမားများသည် သီးနှံမအောင်မြင်ခြင်းနှင့် အကြွေးတင်ခြင်းကြောင့် လယ်ယာများကို ရောင်းချရသည်။,NAT
Writer34,Writer34/NAT11.png,NAT_11,ဤသည်ကို ကြိုတင်သိရှိလိုဟန်ဖြင့် သူသည် မချိုမချဉ်ပြုံးကာ အဝေးသို့သာ ငေးရီနေသည်။,NAT
Writer34,Writer34/NAT12.png,NAT_12,ကမ္ဘာပေါ်ရှိ လူများသည် မတူညီသော ယဉ်ကျေးမှုနှင့် အတွေးအခေါ်များကို လက်ခံထားကြသည်။,NAT
Writer34,Writer34/NAT13.png,NAT_13,နေဝင်ချိန်တွင် ကောင်းကင်သည် လိမ္မော်ရောင်သို့ တဖြည်းဖြည်း ပြောင်းလဲသွားသည်။,NAT
Writer34,Writer34/NAT14.png,NAT_14,ခင်ဗျားတို့ မမေးခင်မှာပင် ကျွန်တော် ဖြေကြားရန် အဆင်သင့်ဖြစ်နေပါပြီ။,NAT
Writer34,Writer34/NAT15.png,NAT_15,သဘာဝဘေးဒဏ်များနှင့် လူသားတို့၏ မှားယွင်းသော ဆုံးဖြတ်ချက်များကြောင့် ပြဿနာများ ဖြစ်ပေါ်လာတတ်သည်။,NAT
Writer34,Writer34/NAT16.png,NAT_16,ကြီးမားသော အလှည့်အပြောင်းပါဝင်သည့် ဆုံးဖြတ်ချက်တစ်ခု ဖြစ်နေပါသလား။,NAT
Writer34,Writer34/NAT17.png,NAT_17,ကျွန်တော် ဌာနသို့ စတင်ရောက်ရှိလာသည့်အချိန်ကို ယနေ့တိုင် မှတ်မိနေသေးသည်။,NAT
Writer34,Writer34/NAT18.png,NAT_18,ကဗျာဆရာ၏ အတွေးရထားသည် လောကသံလမ်းတစ်နေရာတွင် ဘီးချော်တိမ်းမှောက်ခဲ့ပြီလား။,NAT
Writer34,Writer34/NAT19.png,NAT_19,ဒီနေ့ မိုးအနည်းငယ် ရွာနိုင်ပါတယ်။,NAT
Writer34,Writer34/NAT20.png,NAT_20,ကျွန်တော် မနက်တိုင်း လမ်းလျှောက်လေ့ရှိပါတယ်။,NAT
Writer34,Writer34/NAT21.png,NAT_21,ကလေးများသည် ကျောင်းဝင်းထဲတွင် ကစားနေကြသည်။,NAT
Writer34,Writer34/NAT22.png,NAT_22,မိသားစုအားလုံး ညစာအတူတူ စားကြသည်။,NAT
Writer34,Writer34/NAT23.png,NAT_23,သူမသည် စာကြည့်တိုက်မှ စာအုပ်တစ်အုပ် ငှားလာခဲ့သည်။,NAT
Writer34,Writer34/NAT24.png,NAT_24,ကျွန်တော်တို့ မနက်ဖြန် ခရီးထွက်ရန် စီစဉ်ထားသည်။,NAT
Writer34,Writer34/NAT25.png,NAT_25,လယ်သမားများသည် လယ်ကွင်းထဲတွင် အလုပ်လုပ်နေကြသည်။,NAT
Writer34,Writer34/NAT26.png,NAT_26,ရထားသည် နံနက် ကိုးနာရီတွင် ဘူတာသို့ ရောက်မည်။,NAT
Writer34,Writer34/NAT27.png,NAT_27,သူသည် ကော်ဖီတစ်ခွက် သောက်ပြီး အလုပ်စတင်ခဲ့သည်။,NAT
Writer34,Writer34/NAT28.png,NAT_28,မြန်မာနိုင်ငံတွင် ရိုးရာပွဲတော်များစွာ ရှိသည်။,NAT
Writer34,Writer34/NAT29.png,NAT_29,စျေးထဲတွင် လတ်ဆတ်သော သစ်သီးများ ရောင်းချနေသည်။,NAT
Writer34,Writer34/NAT30.png,NAT_30,ကျောင်းသားများသည် စာမေးပွဲအတွက် ကြိုးစားလေ့လာနေကြသည်။,NAT
Writer34,Writer34/NONCE01.png,NONCE_01,သျှိုင်းကွိမ်,NONCE
Writer34,Writer34/NONCE02.png,NONCE_02,ပြွမ်းဂျိန်,NONCE
Writer34,Writer34/NONCE03.png,NONCE_03,ညွှောင့်ပိမ်,NONCE
Writer34,Writer34/NONCE04.png,NONCE_04,ချွိန်ဖျော့,NONCE
Writer34,Writer34/NONCE05.png,NONCE_05,မြှိမ်းဇွက်,NONCE
Writer34,Writer34/NONCE06.png,NONCE_06,ကျွိုင်းဗြန်,NONCE
Writer34,Writer34/NONCE07.png,NONCE_07,ဖြွေးနိပ်,NONCE
Writer34,Writer34/NONCE08.png,NONCE_08,လျှိန်ဂွတ်,NONCE
Writer34,Writer34/NONCE09.png,NONCE_09,ပွှိုင်းဒျက်,NONCE
Writer34,Writer34/NONCE10.png,NONCE_10,ကြွိမ်းဖျန်,NONCE
Writer34,Writer34/RARE01.png,RARE_01,ဦးပညာကျော်သည် ၁၉၉၈ ခုနှစ်၊ မတ်လ ၂၃ ရက်နေ့တွင် မွေးဖွားခဲ့သည်။,RARE
Writer34,Writer34/RARE02.png,RARE_02,အမှတ် ၁၂၇၊ သရဖီလမ်း၊ ရတနာပုံမြို့နယ်တွင် နေထိုင်သည်။,RARE
Writer34,Writer34/RARE03.png,RARE_03,ဆက်သွယ်ရန် ဖုန်းနံပါတ်မှာ ၀၉-၇၈၁၂၃၄၅၆၇ ဖြစ်သည်။,RARE
Writer34,Writer34/RARE04.png,RARE_04,"စုစုပေါင်းကျသင့်ငွေမှာ ၁၂၈,၅၀၀ ကျပ် ဖြစ်သည်။",RARE
Writer34,Writer34/RARE05.png,RARE_05,မန္တလေးမှ မြစ်ကြီးနားသို့ ရထားအမှတ် ၃၅ ဖြင့် ထွက်ခွာမည်။,RARE
Writer34,Writer34/RARE06.png,RARE_06,ဒေါက်တာ သီဟဇော်ထွန်းသည် အဏုဇီဝဗေဒကို လေ့လာနေသည်။,RARE
Writer34,Writer34/RARE07.png,RARE_07,သင်တန်းအမှတ်စဉ် ML-၂၀၂၆-၀၇ ကို ဇူလိုင်လ ၁၅ ရက်နေ့တွင် စတင်မည်။,RARE
Writer34,Writer34/RARE08.png,RARE_08,ကန့်ဘလူမြို့နယ်၊ ထန်းကုန်းကျေးရွာတွင် စမ်းသပ်မှု ပြုလုပ်ခဲ့သည်။,RARE
Writer34,Writer34/RARE09.png,RARE_09,ဓာတ်ခွဲနမူနာကုဒ် BMY-၄၂၁၇ ကို အအေးခန်းထဲတွင် သိမ်းဆည်းထားသည်။,RARE
Writer34,Writer34/RARE10.png,RARE_10,ရှေးဟောင်းကျောက်စာကို မြန်မာသက္ကရာဇ် ၁၂၃၄ ခုနှစ်တွင် ရေးထိုးခဲ့သည်။,RARE
Writer35,Writer35/NAT01.png,NAT_01,အစောပိုင်း အမျိုးသမီးစာရေးဆရာများသည် စာရေးခြင်းဖြင့် ရပ်တည်ရန် အခက်အခဲများ ကြုံခဲ့ရသည်။,NAT
Writer35,Writer35/NAT02.png,NAT_02,မမလေးက ပြည်တွင်းယဉ်ကျေးမှုဘက်ကို အားပြုပြီး ကြည်အေးက လူသားဝါဒကို အသားပေးပါတယ်။,NAT
Writer35,Writer35/NAT03.png,NAT_03,သူသည် အကြောင်းအရာများကို သွယ်ဝိုက်ရေးသားတတ်သောကြောင့် စာဖတ်သူများ၏ စိတ်ဝင်စားမှုကို ရရှိခဲ့သည်။,NAT
Writer35,Writer35/NAT04.png,NAT_04,တစ်ခါက ဒီဝတ္ထုကြီးကို အကောင်းဆုံး မြန်မာဝတ္ထုရှည် ၅ ပုဒ်တွင် ပါဝင်သည်ဟု ချီးမွမ်းခဲ့ကြသည်။,NAT
Writer35,Writer35/NAT05.png,NAT_05,ကျောင်းသားလူငယ်များသည် လူငယ်များပီပီ ပျော်ပျော်ရွှင်ရွှင် နေချင်ကြသည်။,NAT
Writer35,Writer35/NAT06.png,NAT_06,ကျွန်မတို့နိုင်ငံသည် အရင်က လူတန်းစားများအကြား ကွာခြားမှုနည်းသော နိုင်ငံအဖြစ် လူသိများခဲ့သည်။,NAT
Writer35,Writer35/NAT07.png,NAT_07,လူတန်းစားများအကြား ကွာဟမှုကြီးထွားစေသော ကိစ္စများကို သေချာစွာ လေ့လာသင့်သည်။,NAT
Writer35,Writer35/NAT08.png,NAT_08,လယ်သမားများသည် သီးနှံကောင်းကောင်း ရရှိရန် နေ့စဉ် ကြိုးစားအလုပ်လုပ်ကြသည်။,NAT
Writer35,Writer35/NAT09.png,NAT_09,သုတေသနအဖွဲ့သည် လယ်သမားများ၏ အခြေအနေကို မေးမြန်းလေ့လာခဲ့သည်။,NAT
Writer35,Writer35/NAT10.png,NAT_10,တချို့လယ်သမားများသည် သီးနှံမအောင်မြင်ခြင်းနှင့် အကြွေးတင်ခြင်းကြောင့် လယ်ယာများကို ရောင်းချရသည်။,NAT
Writer35,Writer35/NAT11.png,NAT_11,ဤသည်ကို ကြိုတင်သိရှိလိုဟန်ဖြင့် သူသည် မချိုမချဉ်ပြုံးကာ အဝေးသို့သာ ငေးရီနေသည်။,NAT
Writer35,Writer35/NAT12.png,NAT_12,ကမ္ဘာပေါ်ရှိ လူများသည် မတူညီသော ယဉ်ကျေးမှုနှင့် အတွေးအခေါ်များကို လက်ခံထားကြသည်။,NAT
Writer35,Writer35/NAT13.png,NAT_13,နေဝင်ချိန်တွင် ကောင်းကင်သည် လိမ္မော်ရောင်သို့ တဖြည်းဖြည်း ပြောင်းလဲသွားသည်။,NAT
Writer35,Writer35/NAT14.png,NAT_14,ခင်ဗျားတို့ မမေးခင်မှာပင် ကျွန်တော် ဖြေကြားရန် အဆင်သင့်ဖြစ်နေပါပြီ။,NAT
Writer35,Writer35/NAT15.png,NAT_15,သဘာဝဘေးဒဏ်များနှင့် လူသားတို့၏ မှားယွင်းသော ဆုံးဖြတ်ချက်များကြောင့် ပြဿနာများ ဖြစ်ပေါ်လာတတ်သည်။,NAT
Writer35,Writer35/NAT16.png,NAT_16,ကြီးမားသော အလှည့်အပြောင်းပါဝင်သည့် ဆုံးဖြတ်ချက်တစ်ခု ဖြစ်နေပါသလား။,NAT
Writer35,Writer35/NAT17.png,NAT_17,ကျွန်တော် ဌာနသို့ စတင်ရောက်ရှိလာသည့်အချိန်ကို ယနေ့တိုင် မှတ်မိနေသေးသည်။,NAT
Writer35,Writer35/NAT18.png,NAT_18,ကဗျာဆရာ၏ အတွေးရထားသည် လောကသံလမ်းတစ်နေရာတွင် ဘီးချော်တိမ်းမှောက်ခဲ့ပြီလား။,NAT
Writer35,Writer35/NAT19.png,NAT_19,ဒီနေ့ မိုးအနည်းငယ် ရွာနိုင်ပါတယ်။,NAT
Writer35,Writer35/NAT20.png,NAT_20,ကျွန်တော် မနက်တိုင်း လမ်းလျှောက်လေ့ရှိပါတယ်။,NAT
Writer35,Writer35/NAT21.png,NAT_21,ကလေးများသည် ကျောင်းဝင်းထဲတွင် ကစားနေကြသည်။,NAT
Writer35,Writer35/NAT22.png,NAT_22,မိသားစုအားလုံး ညစာအတူတူ စားကြသည်။,NAT
Writer35,Writer35/NAT23.png,NAT_23,သူမသည် စာကြည့်တိုက်မှ စာအုပ်တစ်အုပ် ငှားလာခဲ့သည်။,NAT
Writer35,Writer35/NAT24.png,NAT_24,ကျွန်တော်တို့ မနက်ဖြန် ခရီးထွက်ရန် စီစဉ်ထားသည်။,NAT
Writer35,Writer35/NAT25.png,NAT_25,လယ်သမားများသည် လယ်ကွင်းထဲတွင် အလုပ်လုပ်နေကြသည်။,NAT
Writer35,Writer35/NAT26.png,NAT_26,ရထားသည် နံနက် ကိုးနာရီတွင် ဘူတာသို့ ရောက်မည်။,NAT
Writer35,Writer35/NAT27.png,NAT_27,သူသည် ကော်ဖီတစ်ခွက် သောက်ပြီး အလုပ်စတင်ခဲ့သည်။,NAT
Writer35,Writer35/NAT28.png,NAT_28,မြန်မာနိုင်ငံတွင် ရိုးရာပွဲတော်များစွာ ရှိသည်။,NAT
Writer35,Writer35/NAT29.png,NAT_29,စျေးထဲတွင် လတ်ဆတ်သော သစ်သီးများ ရောင်းချနေသည်။,NAT
Writer35,Writer35/NAT30.png,NAT_30,ကျောင်းသားများသည် စာမေးပွဲအတွက် ကြိုးစားလေ့လာနေကြသည်။,NAT
Writer35,Writer35/NONCE01.png,NONCE_01,သျှိုင်းကွိမ်,NONCE
Writer35,Writer35/NONCE02.png,NONCE_02,ပြွမ်းဂျိန်,NONCE
Writer35,Writer35/NONCE03.png,NONCE_03,ညွှောင့်ပိမ်,NONCE
Writer35,Writer35/NONCE04.png,NONCE_04,ချွိန်ဖျော့,NONCE
Writer35,Writer35/NONCE05.png,NONCE_05,မြှိမ်းဇွက်,NONCE
Writer35,Writer35/NONCE06.png,NONCE_06,ကျွိုင်းဗြန်,NONCE
Writer35,Writer35/NONCE07.png,NONCE_07,ဖြွေးနိပ်,NONCE
Writer35,Writer35/NONCE08.png,NONCE_08,လျှိန်ဂွတ်,NONCE
Writer35,Writer35/NONCE09.png,NONCE_09,ပွှိုင်းဒျက်,NONCE
Writer35,Writer35/NONCE10.png,NONCE_10,ကြွိမ်းဖျန်,NONCE
Writer35,Writer35/RARE01.png,RARE_01,ဦးပညာကျော်သည် ၁၉၉၈ ခုနှစ်၊ မတ်လ ၂၃ ရက်နေ့တွင် မွေးဖွားခဲ့သည်။,RARE
Writer35,Writer35/RARE02.png,RARE_02,အမှတ် ၁၂၇၊ သရဖီလမ်း၊ ရတနာပုံမြို့နယ်တွင် နေထိုင်သည်။,RARE
Writer35,Writer35/RARE03.png,RARE_03,ဆက်သွယ်ရန် ဖုန်းနံပါတ်မှာ ၀၉-၇၈၁၂၃၄၅၆၇ ဖြစ်သည်။,RARE
Writer35,Writer35/RARE04.png,RARE_04,"စုစုပေါင်းကျသင့်ငွေမှာ ၁၂၈,၅၀၀ ကျပ် ဖြစ်သည်။",RARE
Writer35,Writer35/RARE05.png,RARE_05,မန္တလေးမှ မြစ်ကြီးနားသို့ ရထားအမှတ် ၃၅ ဖြင့် ထွက်ခွာမည်။,RARE
Writer35,Writer35/RARE06.png,RARE_06,ဒေါက်တာ သီဟဇော်ထွန်းသည် အဏုဇီဝဗေဒကို လေ့လာနေသည်။,RARE
Writer35,Writer35/RARE07.png,RARE_07,သင်တန်းအမှတ်စဉ် ML-၂၀၂၆-၀၇ ကို ဇူလိုင်လ ၁၅ ရက်နေ့တွင် စတင်မည်။,RARE
Writer35,Writer35/RARE08.png,RARE_08,ကန့်ဘလူမြို့နယ်၊ ထန်းကုန်းကျေးရွာတွင် စမ်းသပ်မှု ပြုလုပ်ခဲ့သည်။,RARE
Writer35,Writer35/RARE09.png,RARE_09,ဓာတ်ခွဲနမူနာကုဒ် BMY-၄၂၁၇ ကို အအေးခန်းထဲတွင် သိမ်းဆည်းထားသည်။,RARE
Writer35,Writer35/RARE10.png,RARE_10,ရှေးဟောင်းကျောက်စာကို မြန်မာသက္ကရာဇ် ၁၂၃၄ ခုနှစ်တွင် ရေးထိုးခဲ့သည်။,RARE
Writer36,Writer36/NAT01.png,NAT_01,အစောပိုင်း အမျိုးသမီးစာရေးဆရာများသည် စာရေးခြင်းဖြင့် ရပ်တည်ရန် အခက်အခဲများ ကြုံခဲ့ရသည်။,NAT
Writer36,Writer36/NAT02.png,NAT_02,မမလေးက ပြည်တွင်းယဉ်ကျေးမှုဘက်ကို အားပြုပြီး ကြည်အေးက လူသားဝါဒကို အသားပေးပါတယ်။,NAT
Writer36,Writer36/NAT03.png,NAT_03,သူသည် အကြောင်းအရာများကို သွယ်ဝိုက်ရေးသားတတ်သောကြောင့် စာဖတ်သူများ၏ စိတ်ဝင်စားမှုကို ရရှိခဲ့သည်။,NAT
Writer36,Writer36/NAT04.png,NAT_04,တစ်ခါက ဒီဝတ္ထုကြီးကို အကောင်းဆုံး မြန်မာဝတ္ထုရှည် ၅ ပုဒ်တွင် ပါဝင်သည်ဟု ချီးမွမ်းခဲ့ကြသည်။,NAT
Writer36,Writer36/NAT05.png,NAT_05,ကျောင်းသားလူငယ်များသည် လူငယ်များပီပီ ပျော်ပျော်ရွှင်ရွှင် နေချင်ကြသည်။,NAT
Writer36,Writer36/NAT06.png,NAT_06,ကျွန်မတို့နိုင်ငံသည် အရင်က လူတန်းစားများအကြား ကွာခြားမှုနည်းသော နိုင်ငံအဖြစ် လူသိများခဲ့သည်။,NAT
Writer36,Writer36/NAT07.png,NAT_07,လူတန်းစားများအကြား ကွာဟမှုကြီးထွားစေသော ကိစ္စများကို သေချာစွာ လေ့လာသင့်သည်။,NAT
Writer36,Writer36/NAT08.png,NAT_08,လယ်သမားများသည် သီးနှံကောင်းကောင်း ရရှိရန် နေ့စဉ် ကြိုးစားအလုပ်လုပ်ကြသည်။,NAT
Writer36,Writer36/NAT09.png,NAT_09,သုတေသနအဖွဲ့သည် လယ်သမားများ၏ အခြေအနေကို မေးမြန်းလေ့လာခဲ့သည်။,NAT
Writer36,Writer36/NAT10.png,NAT_10,တချို့လယ်သမားများသည် သီးနှံမအောင်မြင်ခြင်းနှင့် အကြွေးတင်ခြင်းကြောင့် လယ်ယာများကို ရောင်းချရသည်။,NAT
Writer36,Writer36/NAT11.png,NAT_11,ဤသည်ကို ကြိုတင်သိရှိလိုဟန်ဖြင့် သူသည် မချိုမချဉ်ပြုံးကာ အဝေးသို့သာ ငေးရီနေသည်။,NAT
Writer36,Writer36/NAT12.png,NAT_12,ကမ္ဘာပေါ်ရှိ လူများသည် မတူညီသော ယဉ်ကျေးမှုနှင့် အတွေးအခေါ်များကို လက်ခံထားကြသည်။,NAT
Writer36,Writer36/NAT13.png,NAT_13,နေဝင်ချိန်တွင် ကောင်းကင်သည် လိမ္မော်ရောင်သို့ တဖြည်းဖြည်း ပြောင်းလဲသွားသည်။,NAT
Writer36,Writer36/NAT14.png,NAT_14,ခင်ဗျားတို့ မမေးခင်မှာပင် ကျွန်တော် ဖြေကြားရန် အဆင်သင့်ဖြစ်နေပါပြီ။,NAT
Writer36,Writer36/NAT15.png,NAT_15,သဘာဝဘေးဒဏ်များနှင့် လူသားတို့၏ မှားယွင်းသော ဆုံးဖြတ်ချက်များကြောင့် ပြဿနာများ ဖြစ်ပေါ်လာတတ်သည်။,NAT
Writer36,Writer36/NAT16.png,NAT_16,ကြီးမားသော အလှည့်အပြောင်းပါဝင်သည့် ဆုံးဖြတ်ချက်တစ်ခု ဖြစ်နေပါသလား။,NAT
Writer36,Writer36/NAT17.png,NAT_17,ကျွန်တော် ဌာနသို့ စတင်ရောက်ရှိလာသည့်အချိန်ကို ယနေ့တိုင် မှတ်မိနေသေးသည်။,NAT
Writer36,Writer36/NAT18.png,NAT_18,ကဗျာဆရာ၏ အတွေးရထားသည် လောကသံလမ်းတစ်နေရာတွင် ဘီးချော်တိမ်းမှောက်ခဲ့ပြီလား။,NAT
Writer36,Writer36/NAT19.png,NAT_19,ဒီနေ့ မိုးအနည်းငယ် ရွာနိုင်ပါတယ်။,NAT
Writer36,Writer36/NAT20.png,NAT_20,ကျွန်တော် မနက်တိုင်း လမ်းလျှောက်လေ့ရှိပါတယ်။,NAT
Writer36,Writer36/NAT21.png,NAT_21,ကလေးများသည် ကျောင်းဝင်းထဲတွင် ကစားနေကြသည်။,NAT
Writer36,Writer36/NAT22.png,NAT_22,မိသားစုအားလုံး ညစာအတူတူ စားကြသည်။,NAT
Writer36,Writer36/NAT23.png,NAT_23,သူမသည် စာကြည့်တိုက်မှ စာအုပ်တစ်အုပ် ငှားလာခဲ့သည်။,NAT
Writer36,Writer36/NAT24.png,NAT_24,ကျွန်တော်တို့ မနက်ဖြန် ခရီးထွက်ရန် စီစဉ်ထားသည်။,NAT
Writer36,Writer36/NAT25.png,NAT_25,လယ်သမားများသည် လယ်ကွင်းထဲတွင် အလုပ်လုပ်နေကြသည်။,NAT
Writer36,Writer36/NAT26.png,NAT_26,ရထားသည် နံနက် ကိုးနာရီတွင် ဘူတာသို့ ရောက်မည်။,NAT
Writer36,Writer36/NAT27.png,NAT_27,သူသည် ကော်ဖီတစ်ခွက် သောက်ပြီး အလုပ်စတင်ခဲ့သည်။,NAT
Writer36,Writer36/NAT28.png,NAT_28,မြန်မာနိုင်ငံတွင် ရိုးရာပွဲတော်များစွာ ရှိသည်။,NAT
Writer36,Writer36/NAT29.png,NAT_29,စျေးထဲတွင် လတ်ဆတ်သော သစ်သီးများ ရောင်းချနေသည်။,NAT
Writer36,Writer36/NAT30.png,NAT_30,ကျောင်းသားများသည် စာမေးပွဲအတွက် ကြိုးစားလေ့လာနေကြသည်။,NAT
Writer36,Writer36/NONCE01.png,NONCE_01,သျှိုင်းကွိမ်,NONCE
Writer36,Writer36/NONCE02.png,NONCE_02,ပြွမ်းဂျိန်,NONCE
Writer36,Writer36/NONCE03.png,NONCE_03,ညွှောင့်ပိမ်,NONCE
Writer36,Writer36/NONCE04.png,NONCE_04,ချွိန်ဖျော့,NONCE
Writer36,Writer36/NONCE05.png,NONCE_05,မြှိမ်းဇွက်,NONCE
Writer36,Writer36/NONCE06.png,NONCE_06,ကျွိုင်းဗြန်,NONCE
Writer36,Writer36/NONCE07.png,NONCE_07,ဖြွေးနိပ်,NONCE
Writer36,Writer36/NONCE08.png,NONCE_08,လျှိန်ဂွတ်,NONCE
Writer36,Writer36/NONCE09.png,NONCE_09,ပွှိုင်းဒျက်,NONCE
Writer36,Writer36/NONCE10.png,NONCE_10,ကြွိမ်းဖျန်,NONCE
Writer36,Writer36/RARE01.png,RARE_01,ဦးပညာကျော်သည် ၁၉၉၈ ခုနှစ်၊ မတ်လ ၂၃ ရက်နေ့တွင် မွေးဖွားခဲ့သည်။,RARE
Writer36,Writer36/RARE02.png,RARE_02,အမှတ် ၁၂၇၊ သရဖီလမ်း၊ ရတနာပုံမြို့နယ်တွင် နေထိုင်သည်။,RARE
Writer36,Writer36/RARE03.png,RARE_03,ဆက်သွယ်ရန် ဖုန်းနံပါတ်မှာ ၀၉-၇၈၁၂၃၄၅၆၇ ဖြစ်သည်။,RARE
Writer36,Writer36/RARE04.png,RARE_04,"စုစုပေါင်းကျသင့်ငွေမှာ ၁၂၈,၅၀၀ ကျပ် ဖြစ်သည်။",RARE
Writer36,Writer36/RARE05.png,RARE_05,မန္တလေးမှ မြစ်ကြီးနားသို့ ရထားအမှတ် ၃၅ ဖြင့် ထွက်ခွာမည်။,RARE
Writer36,Writer36/RARE06.png,RARE_06,ဒေါက်တာ သီဟဇော်ထွန်းသည် အဏုဇီဝဗေဒကို လေ့လာနေသည်။,RARE
Writer36,Writer36/RARE07.png,RARE_07,သင်တန်းအမှတ်စဉ် ML-၂၀၂၆-၀၇ ကို ဇူလိုင်လ ၁၅ ရက်နေ့တွင် စတင်မည်။,RARE
Writer36,Writer36/RARE08.png,RARE_08,ကန့်ဘလူမြို့နယ်၊ ထန်းကုန်းကျေးရွာတွင် စမ်းသပ်မှု ပြုလုပ်ခဲ့သည်။,RARE
Writer36,Writer36/RARE09.png,RARE_09,ဓာတ်ခွဲနမူနာကုဒ် BMY-၄၂၁၇ ကို အအေးခန်းထဲတွင် သိမ်းဆည်းထားသည်။,RARE
Writer36,Writer36/RARE10.png,RARE_10,ရှေးဟောင်းကျောက်စာကို မြန်မာသက္ကရာဇ် ၁၂၃၄ ခုနှစ်တွင် ရေးထိုးခဲ့သည်။,RARE
Writer37,Writer37/NAT01.png,NAT_01,အစောပိုင်း အမျိုးသမီးစာရေးဆရာများသည် စာရေးခြင်းဖြင့် ရပ်တည်ရန် အခက်အခဲများ ကြုံခဲ့ရသည်။,NAT
Writer37,Writer37/NAT02.png,NAT_02,မမလေးက ပြည်တွင်းယဉ်ကျေးမှုဘက်ကို အားပြုပြီး ကြည်အေးက လူသားဝါဒကို အသားပေးပါတယ်။,NAT
Writer37,Writer37/NAT03.png,NAT_03,သူသည် အကြောင်းအရာများကို သွယ်ဝိုက်ရေးသားတတ်သောကြောင့် စာဖတ်သူများ၏ စိတ်ဝင်စားမှုကို ရရှိခဲ့သည်။,NAT
Writer37,Writer37/NAT04.png,NAT_04,တစ်ခါက ဒီဝတ္ထုကြီးကို အကောင်းဆုံး မြန်မာဝတ္ထုရှည် ၅ ပုဒ်တွင် ပါဝင်သည်ဟု ချီးမွမ်းခဲ့ကြသည်။,NAT
Writer37,Writer37/NAT05.png,NAT_05,ကျောင်းသားလူငယ်များသည် လူငယ်များပီပီ ပျော်ပျော်ရွှင်ရွှင် နေချင်ကြသည်။,NAT
Writer37,Writer37/NAT06.png,NAT_06,ကျွန်မတို့နိုင်ငံသည် အရင်က လူတန်းစားများအကြား ကွာခြားမှုနည်းသော နိုင်ငံအဖြစ် လူသိများခဲ့သည်။,NAT
Writer37,Writer37/NAT07.png,NAT_07,လူတန်းစားများအကြား ကွာဟမှုကြီးထွားစေသော ကိစ္စများကို သေချာစွာ လေ့လာသင့်သည်။,NAT
Writer37,Writer37/NAT08.png,NAT_08,လယ်သမားများသည် သီးနှံကောင်းကောင်း ရရှိရန် နေ့စဉ် ကြိုးစားအလုပ်လုပ်ကြသည်။,NAT
Writer37,Writer37/NAT09.png,NAT_09,သုတေသနအဖွဲ့သည် လယ်သမားများ၏ အခြေအနေကို မေးမြန်းလေ့လာခဲ့သည်။,NAT
Writer37,Writer37/NAT10.png,NAT_10,တချို့လယ်သမားများသည် သီးနှံမအောင်မြင်ခြင်းနှင့် အကြွေးတင်ခြင်းကြောင့် လယ်ယာများကို ရောင်းချရသည်။,NAT
Writer37,Writer37/NAT11.png,NAT_11,ဤသည်ကို ကြိုတင်သိရှိလိုဟန်ဖြင့် သူသည် မချိုမချဉ်ပြုံးကာ အဝေးသို့သာ ငေးရီနေသည်။,NAT
Writer37,Writer37/NAT12.png,NAT_12,ကမ္ဘာပေါ်ရှိ လူများသည် မတူညီသော ယဉ်ကျေးမှုနှင့် အတွေးအခေါ်များကို လက်ခံထားကြသည်။,NAT
Writer37,Writer37/NAT13.png,NAT_13,နေဝင်ချိန်တွင် ကောင်းကင်သည် လိမ္မော်ရောင်သို့ တဖြည်းဖြည်း ပြောင်းလဲသွားသည်။,NAT
Writer37,Writer37/NAT14.png,NAT_14,ခင်ဗျားတို့ မမေးခင်မှာပင် ကျွန်တော် ဖြေကြားရန် အဆင်သင့်ဖြစ်နေပါပြီ။,NAT
Writer37,Writer37/NAT15.png,NAT_15,သဘာဝဘေးဒဏ်များနှင့် လူသားတို့၏ မှားယွင်းသော ဆုံးဖြတ်ချက်များကြောင့် ပြဿနာများ ဖြစ်ပေါ်လာတတ်သည်။,NAT
Writer37,Writer37/NAT16.png,NAT_16,ကြီးမားသော အလှည့်အပြောင်းပါဝင်သည့် ဆုံးဖြတ်ချက်တစ်ခု ဖြစ်နေပါသလား။,NAT
Writer37,Writer37/NAT17.png,NAT_17,ကျွန်တော် ဌာနသို့ စတင်ရောက်ရှိလာသည့်အချိန်ကို ယနေ့တိုင် မှတ်မိနေသေးသည်။,NAT
Writer37,Writer37/NAT18.png,NAT_18,ကဗျာဆရာ၏ အတွေးရထားသည် လောကသံလမ်းတစ်နေရာတွင် ဘီးချော်တိမ်းမှောက်ခဲ့ပြီလား။,NAT
Writer37,Writer37/NAT19.png,NAT_19,ဒီနေ့ မိုးအနည်းငယ် ရွာနိုင်ပါတယ်။,NAT
Writer37,Writer37/NAT20.png,NAT_20,ကျွန်တော် မနက်တိုင်း လမ်းလျှောက်လေ့ရှိပါတယ်။,NAT
Writer37,Writer37/NAT21.png,NAT_21,ကလေးများသည် ကျောင်းဝင်းထဲတွင် ကစားနေကြသည်။,NAT
Writer37,Writer37/NAT22.png,NAT_22,မိသားစုအားလုံး ညစာအတူတူ စားကြသည်။,NAT
Writer37,Writer37/NAT23.png,NAT_23,သူမသည် စာကြည့်တိုက်မှ စာအုပ်တစ်အုပ် ငှားလာခဲ့သည်။,NAT
Writer37,Writer37/NAT24.png,NAT_24,ကျွန်တော်တို့ မနက်ဖြန် ခရီးထွက်ရန် စီစဉ်ထားသည်။,NAT
Writer37,Writer37/NAT25.png,NAT_25,လယ်သမားများသည် လယ်ကွင်းထဲတွင် အလုပ်လုပ်နေကြသည်။,NAT
Writer37,Writer37/NAT26.png,NAT_26,ရထားသည် နံနက် ကိုးနာရီတွင် ဘူတာသို့ ရောက်မည်။,NAT
Writer37,Writer37/NAT27.png,NAT_27,သူသည် ကော်ဖီတစ်ခွက် သောက်ပြီး အလုပ်စတင်ခဲ့သည်။,NAT
Writer37,Writer37/NAT28.png,NAT_28,မြန်မာနိုင်ငံတွင် ရိုးရာပွဲတော်များစွာ ရှိသည်။,NAT
Writer37,Writer37/NAT29.png,NAT_29,စျေးထဲတွင် လတ်ဆတ်သော သစ်သီးများ ရောင်းချနေသည်။,NAT
Writer37,Writer37/NAT30.png,NAT_30,ကျောင်းသားများသည် စာမေးပွဲအတွက် ကြိုးစားလေ့လာနေကြသည်။,NAT
Writer37,Writer37/NONCE01.png,NONCE_01,သျှိုင်းကွိမ်,NONCE
Writer37,Writer37/NONCE02.png,NONCE_02,ပြွမ်းဂျိန်,NONCE
Writer37,Writer37/NONCE03.png,NONCE_03,ညွှောင့်ပိမ်,NONCE
Writer37,Writer37/NONCE04.png,NONCE_04,ချွိန်ဖျော့,NONCE
Writer37,Writer37/NONCE05.png,NONCE_05,မြှိမ်းဇွက်,NONCE
Writer37,Writer37/NONCE06.png,NONCE_06,ကျွိုင်းဗြန်,NONCE
Writer37,Writer37/NONCE07.png,NONCE_07,ဖြွေးနိပ်,NONCE
Writer37,Writer37/NONCE08.png,NONCE_08,လျှိန်ဂွတ်,NONCE
Writer37,Writer37/NONCE09.png,NONCE_09,ပွှိုင်းဒျက်,NONCE
Writer37,Writer37/NONCE10.png,NONCE_10,ကြွိမ်းဖျန်,NONCE
Writer37,Writer37/RARE01.png,RARE_01,ဦးပညာကျော်သည် ၁၉၉၈ ခုနှစ်၊ မတ်လ ၂၃ ရက်နေ့တွင် မွေးဖွားခဲ့သည်။,RARE
Writer37,Writer37/RARE02.png,RARE_02,အမှတ် ၁၂၇၊ သရဖီလမ်း၊ ရတနာပုံမြို့နယ်တွင် နေထိုင်သည်။,RARE
Writer37,Writer37/RARE03.png,RARE_03,ဆက်သွယ်ရန် ဖုန်းနံပါတ်မှာ ၀၉-၇၈၁၂၃၄၅၆၇ ဖြစ်သည်။,RARE
Writer37,Writer37/RARE04.png,RARE_04,"စုစုပေါင်းကျသင့်ငွေမှာ ၁၂၈,၅၀၀ ကျပ် ဖြစ်သည်။",RARE
Writer37,Writer37/RARE05.png,RARE_05,မန္တလေးမှ မြစ်ကြီးနားသို့ ရထားအမှတ် ၃၅ ဖြင့် ထွက်ခွာမည်။,RARE
Writer37,Writer37/RARE06.png,RARE_06,ဒေါက်တာ သီဟဇော်ထွန်းသည် အဏုဇီဝဗေဒကို လေ့လာနေသည်။,RARE
Writer37,Writer37/RARE07.png,RARE_07,သင်တန်းအမှတ်စဉ် ML-၂၀၂၆-၀၇ ကို ဇူလိုင်လ ၁၅ ရက်နေ့တွင် စတင်မည်။,RARE
Writer37,Writer37/RARE08.png,RARE_08,ကန့်ဘလူမြို့နယ်၊ ထန်းကုန်းကျေးရွာတွင် စမ်းသပ်မှု ပြုလုပ်ခဲ့သည်။,RARE
Writer37,Writer37/RARE09.png,RARE_09,ဓာတ်ခွဲနမူနာကုဒ် BMY-၄၂၁၇ ကို အအေးခန်းထဲတွင် သိမ်းဆည်းထားသည်။,RARE
Writer37,Writer37/RARE10.png,RARE_10,ရှေးဟောင်းကျောက်စာကို မြန်မာသက္ကရာဇ် ၁၂၃၄ ခုနှစ်တွင် ရေးထိုးခဲ့သည်။,RARE
Writer38,Writer38/NAT01.png,NAT_01,အစောပိုင်း အမျိုးသမီးစာရေးဆရာများသည် စာရေးခြင်းဖြင့် ရပ်တည်ရန် အခက်အခဲများ ကြုံခဲ့ရသည်။,NAT
Writer38,Writer38/NAT02.png,NAT_02,မမလေးက ပြည်တွင်းယဉ်ကျေးမှုဘက်ကို အားပြုပြီး ကြည်အေးက လူသားဝါဒကို အသားပေးပါတယ်။,NAT
Writer38,Writer38/NAT03.png,NAT_03,သူသည် အကြောင်းအရာများကို သွယ်ဝိုက်ရေးသားတတ်သောကြောင့် စာဖတ်သူများ၏ စိတ်ဝင်စားမှုကို ရရှိခဲ့သည်။,NAT
Writer38,Writer38/NAT04.png,NAT_04,တစ်ခါက ဒီဝတ္ထုကြီးကို အကောင်းဆုံး မြန်မာဝတ္ထုရှည် ၅ ပုဒ်တွင် ပါဝင်သည်ဟု ချီးမွမ်းခဲ့ကြသည်။,NAT
Writer38,Writer38/NAT05.png,NAT_05,ကျောင်းသားလူငယ်များသည် လူငယ်များပီပီ ပျော်ပျော်ရွှင်ရွှင် နေချင်ကြသည်။,NAT
Writer38,Writer38/NAT06.png,NAT_06,ကျွန်မတို့နိုင်ငံသည် အရင်က လူတန်းစားများအကြား ကွာခြားမှုနည်းသော နိုင်ငံအဖြစ် လူသိများခဲ့သည်။,NAT
Writer38,Writer38/NAT07.png,NAT_07,လူတန်းစားများအကြား ကွာဟမှုကြီးထွားစေသော ကိစ္စများကို သေချာစွာ လေ့လာသင့်သည်။,NAT
Writer38,Writer38/NAT08.png,NAT_08,လယ်သမားများသည် သီးနှံကောင်းကောင်း ရရှိရန် နေ့စဉ် ကြိုးစားအလုပ်လုပ်ကြသည်။,NAT
Writer38,Writer38/NAT09.png,NAT_09,သုတေသနအဖွဲ့သည် လယ်သမားများ၏ အခြေအနေကို မေးမြန်းလေ့လာခဲ့သည်။,NAT
Writer38,Writer38/NAT10.png,NAT_10,တချို့လယ်သမားများသည် သီးနှံမအောင်မြင်ခြင်းနှင့် အကြွေးတင်ခြင်းကြောင့် လယ်ယာများကို ရောင်းချရသည်။,NAT
Writer38,Writer38/NAT11.png,NAT_11,ဤသည်ကို ကြိုတင်သိရှိလိုဟန်ဖြင့် သူသည် မချိုမချဉ်ပြုံးကာ အဝေးသို့သာ ငေးရီနေသည်။,NAT
Writer38,Writer38/NAT12.png,NAT_12,ကမ္ဘာပေါ်ရှိ လူများသည် မတူညီသော ယဉ်ကျေးမှုနှင့် အတွေးအခေါ်များကို လက်ခံထားကြသည်။,NAT
Writer38,Writer38/NAT13.png,NAT_13,နေဝင်ချိန်တွင် ကောင်းကင်သည် လိမ္မော်ရောင်သို့ တဖြည်းဖြည်း ပြောင်းလဲသွားသည်။,NAT
Writer38,Writer38/NAT14.png,NAT_14,ခင်ဗျားတို့ မမေးခင်မှာပင် ကျွန်တော် ဖြေကြားရန် အဆင်သင့်ဖြစ်နေပါပြီ။,NAT
Writer38,Writer38/NAT15.png,NAT_15,သဘာဝဘေးဒဏ်များနှင့် လူသားတို့၏ မှားယွင်းသော ဆုံးဖြတ်ချက်များကြောင့် ပြဿနာများ ဖြစ်ပေါ်လာတတ်သည်။,NAT
Writer38,Writer38/NAT16.png,NAT_16,ကြီးမားသော အလှည့်အပြောင်းပါဝင်သည့် ဆုံးဖြတ်ချက်တစ်ခု ဖြစ်နေပါသလား။,NAT
Writer38,Writer38/NAT17.png,NAT_17,ကျွန်တော် ဌာနသို့ စတင်ရောက်ရှိလာသည့်အချိန်ကို ယနေ့တိုင် မှတ်မိနေသေးသည်။,NAT
Writer38,Writer38/NAT18.png,NAT_18,ကဗျာဆရာ၏ အတွေးရထားသည် လောကသံလမ်းတစ်နေရာတွင် ဘီးချော်တိမ်းမှောက်ခဲ့ပြီလား။,NAT
Writer38,Writer38/NAT19.png,NAT_19,ဒီနေ့ မိုးအနည်းငယ် ရွာနိုင်ပါတယ်။,NAT
Writer38,Writer38/NAT20.png,NAT_20,ကျွန်တော် မနက်တိုင်း လမ်းလျှောက်လေ့ရှိပါတယ်။,NAT
Writer38,Writer38/NAT21.png,NAT_21,ကလေးများသည် ကျောင်းဝင်းထဲတွင် ကစားနေကြသည်။,NAT
Writer38,Writer38/NAT22.png,NAT_22,မိသားစုအားလုံး ညစာအတူတူ စားကြသည်။,NAT
Writer38,Writer38/NAT23.png,NAT_23,သူမသည် စာကြည့်တိုက်မှ စာအုပ်တစ်အုပ် ငှားလာခဲ့သည်။,NAT
Writer38,Writer38/NAT24.png,NAT_24,ကျွန်တော်တို့ မနက်ဖြန် ခရီးထွက်ရန် စီစဉ်ထားသည်။,NAT
Writer38,Writer38/NAT25.png,NAT_25,လယ်သမားများသည် လယ်ကွင်းထဲတွင် အလုပ်လုပ်နေကြသည်။,NAT
Writer38,Writer38/NAT26.png,NAT_26,ရထားသည် နံနက် ကိုးနာရီတွင် ဘူတာသို့ ရောက်မည်။,NAT
Writer38,Writer38/NAT27.png,NAT_27,သူသည် ကော်ဖီတစ်ခွက် သောက်ပြီး အလုပ်စတင်ခဲ့သည်။,NAT
Writer38,Writer38/NAT28.png,NAT_28,မြန်မာနိုင်ငံတွင် ရိုးရာပွဲတော်များစွာ ရှိသည်။,NAT
Writer38,Writer38/NAT29.png,NAT_29,စျေးထဲတွင် လတ်ဆတ်သော သစ်သီးများ ရောင်းချနေသည်။,NAT
Writer38,Writer38/NAT30.png,NAT_30,ကျောင်းသားများသည် စာမေးပွဲအတွက် ကြိုးစားလေ့လာနေကြသည်။,NAT
Writer38,Writer38/NONCE01.png,NONCE_01,သျှိုင်းကွိမ်,NONCE
Writer38,Writer38/NONCE02.png,NONCE_02,ပြွမ်းဂျိန်,NONCE
Writer38,Writer38/NONCE03.png,NONCE_03,ညွှောင့်ပိမ်,NONCE
Writer38,Writer38/NONCE04.png,NONCE_04,ချွိန်ဖျော့,NONCE
Writer38,Writer38/NONCE05.png,NONCE_05,မြှိမ်းဇွက်,NONCE
Writer38,Writer38/NONCE06.png,NONCE_06,ကျွိုင်းဗြန်,NONCE
Writer38,Writer38/NONCE07.png,NONCE_07,ဖြွေးနိပ်,NONCE
Writer38,Writer38/NONCE08.png,NONCE_08,လျှိန်ဂွတ်,NONCE
Writer38,Writer38/NONCE09.png,NONCE_09,ပွှိုင်းဒျက်,NONCE
Writer38,Writer38/NONCE10.png,NONCE_10,ကြွိမ်းဖျန်,NONCE
Writer38,Writer38/RARE01.png,RARE_01,ဦးပညာကျော်သည် ၁၉၉၈ ခုနှစ်၊ မတ်လ ၂၃ ရက်နေ့တွင် မွေးဖွားခဲ့သည်။,RARE
Writer38,Writer38/RARE02.png,RARE_02,အမှတ် ၁၂၇၊ သရဖီလမ်း၊ ရတနာပုံမြို့နယ်တွင် နေထိုင်သည်။,RARE
Writer38,Writer38/RARE03.png,RARE_03,ဆက်သွယ်ရန် ဖုန်းနံပါတ်မှာ ၀၉-၇၈၁၂၃၄၅၆၇ ဖြစ်သည်။,RARE
Writer38,Writer38/RARE04.png,RARE_04,"စုစုပေါင်းကျသင့်ငွေမှာ ၁၂၈,၅၀၀ ကျပ် ဖြစ်သည်။",RARE
Writer38,Writer38/RARE05.png,RARE_05,မန္တလေးမှ မြစ်ကြီးနားသို့ ရထားအမှတ် ၃၅ ဖြင့် ထွက်ခွာမည်။,RARE
Writer38,Writer38/RARE06.png,RARE_06,ဒေါက်တာ သီဟဇော်ထွန်းသည် အဏုဇီဝဗေဒကို လေ့လာနေသည်။,RARE
Writer38,Writer38/RARE07.png,RARE_07,သင်တန်းအမှတ်စဉ် ML-၂၀၂၆-၀၇ ကို ဇူလိုင်လ ၁၅ ရက်နေ့တွင် စတင်မည်။,RARE
Writer38,Writer38/RARE08.png,RARE_08,ကန့်ဘလူမြို့နယ်၊ ထန်းကုန်းကျေးရွာတွင် စမ်းသပ်မှု ပြုလုပ်ခဲ့သည်။,RARE
Writer38,Writer38/RARE09.png,RARE_09,ဓာတ်ခွဲနမူနာကုဒ် BMY-၄၂၁၇ ကို အအေးခန်းထဲတွင် သိမ်းဆည်းထားသည်။,RARE
Writer38,Writer38/RARE10.png,RARE_10,ရှေးဟောင်းကျောက်စာကို မြန်မာသက္ကရာဇ် ၁၂၃၄ ခုနှစ်တွင် ရေးထိုးခဲ့သည်။,RARE
Writer39,Writer39/NAT01.png,NAT_01,အစောပိုင်း အမျိုးသမီးစာရေးဆရာများသည် စာရေးခြင်းဖြင့် ရပ်တည်ရန် အခက်အခဲများ ကြုံခဲ့ရသည်။,NAT
Writer39,Writer39/NAT02.png,NAT_02,မမလေးက ပြည်တွင်းယဉ်ကျေးမှုဘက်ကို အားပြုပြီး ကြည်အေးက လူသားဝါဒကို အသားပေးပါတယ်။,NAT
Writer39,Writer39/NAT03.png,NAT_03,သူသည် အကြောင်းအရာများကို သွယ်ဝိုက်ရေးသားတတ်သောကြောင့် စာဖတ်သူများ၏ စိတ်ဝင်စားမှုကို ရရှိခဲ့သည်။,NAT
Writer39,Writer39/NAT04.png,NAT_04,တစ်ခါက ဒီဝတ္ထုကြီးကို အကောင်းဆုံး မြန်မာဝတ္ထုရှည် ၅ ပုဒ်တွင် ပါဝင်သည်ဟု ချီးမွမ်းခဲ့ကြသည်။,NAT
Writer39,Writer39/NAT05.png,NAT_05,ကျောင်းသားလူငယ်များသည် လူငယ်များပီပီ ပျော်ပျော်ရွှင်ရွှင် နေချင်ကြသည်။,NAT
Writer39,Writer39/NAT06.png,NAT_06,ကျွန်မတို့နိုင်ငံသည် အရင်က လူတန်းစားများအကြား ကွာခြားမှုနည်းသော နိုင်ငံအဖြစ် လူသိများခဲ့သည်။,NAT
Writer39,Writer39/NAT07.png,NAT_07,လူတန်းစားများအကြား ကွာဟမှုကြီးထွားစေသော ကိစ္စများကို သေချာစွာ လေ့လာသင့်သည်။,NAT
Writer39,Writer39/NAT08.png,NAT_08,လယ်သမားများသည် သီးနှံကောင်းကောင်း ရရှိရန် နေ့စဉ် ကြိုးစားအလုပ်လုပ်ကြသည်။,NAT
Writer39,Writer39/NAT09.png,NAT_09,သုတေသနအဖွဲ့သည် လယ်သမားများ၏ အခြေအနေကို မေးမြန်းလေ့လာခဲ့သည်။,NAT
Writer39,Writer39/NAT10.png,NAT_10,တချို့လယ်သမားများသည် သီးနှံမအောင်မြင်ခြင်းနှင့် အကြွေးတင်ခြင်းကြောင့် လယ်ယာများကို ရောင်းချရသည်။,NAT
Writer39,Writer39/NAT11.png,NAT_11,ဤသည်ကို ကြိုတင်သိရှိလိုဟန်ဖြင့် သူသည် မချိုမချဉ်ပြုံးကာ အဝေးသို့သာ ငေးရီနေသည်။,NAT
Writer39,Writer39/NAT12.png,NAT_12,ကမ္ဘာပေါ်ရှိ လူများသည် မတူညီသော ယဉ်ကျေးမှုနှင့် အတွေးအခေါ်များကို လက်ခံထားကြသည်။,NAT
Writer39,Writer39/NAT13.png,NAT_13,နေဝင်ချိန်တွင် ကောင်းကင်သည် လိမ္မော်ရောင်သို့ တဖြည်းဖြည်း ပြောင်းလဲသွားသည်။,NAT
Writer39,Writer39/NAT14.png,NAT_14,ခင်ဗျားတို့ မမေးခင်မှာပင် ကျွန်တော် ဖြေကြားရန် အဆင်သင့်ဖြစ်နေပါပြီ။,NAT
Writer39,Writer39/NAT15.png,NAT_15,သဘာဝဘေးဒဏ်များနှင့် လူသားတို့၏ မှားယွင်းသော ဆုံးဖြတ်ချက်များကြောင့် ပြဿနာများ ဖြစ်ပေါ်လာတတ်သည်။,NAT
Writer39,Writer39/NAT16.png,NAT_16,ကြီးမားသော အလှည့်အပြောင်းပါဝင်သည့် ဆုံးဖြတ်ချက်တစ်ခု ဖြစ်နေပါသလား။,NAT
Writer39,Writer39/NAT17.png,NAT_17,ကျွန်တော် ဌာနသို့ စတင်ရောက်ရှိလာသည့်အချိန်ကို ယနေ့တိုင် မှတ်မိနေသေးသည်။,NAT
Writer39,Writer39/NAT18.png,NAT_18,ကဗျာဆရာ၏ အတွေးရထားသည် လောကသံလမ်းတစ်နေရာတွင် ဘီးချော်တိမ်းမှောက်ခဲ့ပြီလား။,NAT
Writer39,Writer39/NAT19.png,NAT_19,ဒီနေ့ မိုးအနည်းငယ် ရွာနိုင်ပါတယ်။,NAT
Writer39,Writer39/NAT20.png,NAT_20,ကျွန်တော် မနက်တိုင်း လမ်းလျှောက်လေ့ရှိပါတယ်။,NAT
Writer39,Writer39/NAT21.png,NAT_21,ကလေးများသည် ကျောင်းဝင်းထဲတွင် ကစားနေကြသည်။,NAT
Writer39,Writer39/NAT22.png,NAT_22,မိသားစုအားလုံး ညစာအတူတူ စားကြသည်။,NAT
Writer39,Writer39/NAT23.png,NAT_23,သူမသည် စာကြည့်တိုက်မှ စာအုပ်တစ်အုပ် ငှားလာခဲ့သည်။,NAT
Writer39,Writer39/NAT24.png,NAT_24,ကျွန်တော်တို့ မနက်ဖြန် ခရီးထွက်ရန် စီစဉ်ထားသည်။,NAT
Writer39,Writer39/NAT25.png,NAT_25,လယ်သမားများသည် လယ်ကွင်းထဲတွင် အလုပ်လုပ်နေကြသည်။,NAT
Writer39,Writer39/NAT26.png,NAT_26,ရထားသည် နံနက် ကိုးနာရီတွင် ဘူတာသို့ ရောက်မည်။,NAT
Writer39,Writer39/NAT27.png,NAT_27,သူသည် ကော်ဖီတစ်ခွက် သောက်ပြီး အလုပ်စတင်ခဲ့သည်။,NAT
Writer39,Writer39/NAT28.png,NAT_28,မြန်မာနိုင်ငံတွင် ရိုးရာပွဲတော်များစွာ ရှိသည်။,NAT
Writer39,Writer39/NAT29.png,NAT_29,စျေးထဲတွင် လတ်ဆတ်သော သစ်သီးများ ရောင်းချနေသည်။,NAT
Writer39,Writer39/NAT30.png,NAT_30,ကျောင်းသားများသည် စာမေးပွဲအတွက် ကြိုးစားလေ့လာနေကြသည်။,NAT
Writer39,Writer39/NONCE01.png,NONCE_01,သျှိုင်းကွိမ်,NONCE
Writer39,Writer39/NONCE02.png,NONCE_02,ပြွမ်းဂျိန်,NONCE
Writer39,Writer39/NONCE03.png,NONCE_03,ညွှောင့်ပိမ်,NONCE
Writer39,Writer39/NONCE04.png,NONCE_04,ချွိန်ဖျော့,NONCE
Writer39,Writer39/NONCE05.png,NONCE_05,မြှိမ်းဇွက်,NONCE
Writer39,Writer39/NONCE06.png,NONCE_06,ကျွိုင်းဗြန်,NONCE
Writer39,Writer39/NONCE07.png,NONCE_07,ဖြွေးနိပ်,NONCE
Writer39,Writer39/NONCE08.png,NONCE_08,လျှိန်ဂွတ်,NONCE
Writer39,Writer39/NONCE09.png,NONCE_09,ပွှိုင်းဒျက်,NONCE
Writer39,Writer39/NONCE10.png,NONCE_10,ကြွိမ်းဖျန်,NONCE
Writer39,Writer39/RARE01.png,RARE_01,ဦးပညာကျော်သည် ၁၉၉၈ ခုနှစ်၊ မတ်လ ၂၃ ရက်နေ့တွင် မွေးဖွားခဲ့သည်။,RARE
Writer39,Writer39/RARE02.png,RARE_02,အမှတ် ၁၂၇၊ သရဖီလမ်း၊ ရတနာပုံမြို့နယ်တွင် နေထိုင်သည်။,RARE
Writer39,Writer39/RARE03.png,RARE_03,ဆက်သွယ်ရန် ဖုန်းနံပါတ်မှာ ၀၉-၇၈၁၂၃၄၅၆၇ ဖြစ်သည်။,RARE
Writer39,Writer39/RARE04.png,RARE_04,"စုစုပေါင်းကျသင့်ငွေမှာ ၁၂၈,၅၀၀ ကျပ် ဖြစ်သည်။",RARE
Writer39,Writer39/RARE05.png,RARE_05,မန္တလေးမှ မြစ်ကြီးနားသို့ ရထားအမှတ် ၃၅ ဖြင့် ထွက်ခွာမည်။,RARE
Writer39,Writer39/RARE06.png,RARE_06,ဒေါက်တာ သီဟဇော်ထွန်းသည် အဏုဇီဝဗေဒကို လေ့လာနေသည်။,RARE
Writer39,Writer39/RARE07.png,RARE_07,သင်တန်းအမှတ်စဉ် ML-၂၀၂၆-၀၇ ကို ဇူလိုင်လ ၁၅ ရက်နေ့တွင် စတင်မည်။,RARE
Writer39,Writer39/RARE08.png,RARE_08,ကန့်ဘလူမြို့နယ်၊ ထန်းကုန်းကျေးရွာတွင် စမ်းသပ်မှု ပြုလုပ်ခဲ့သည်။,RARE
Writer39,Writer39/RARE09.png,RARE_09,ဓာတ်ခွဲနမူနာကုဒ် BMY-၄၂၁၇ ကို အအေးခန်းထဲတွင် သိမ်းဆည်းထားသည်။,RARE
Writer39,Writer39/RARE10.png,RARE_10,ရှေးဟောင်းကျောက်စာကို မြန်မာသက္ကရာဇ် ၁၂၃၄ ခုနှစ်တွင် ရေးထိုးခဲ့သည်။,RARE
Writer40,Writer40/NAT01.png,NAT_01,အစောပိုင်း အမျိုးသမီးစာရေးဆရာများသည် စာရေးခြင်းဖြင့် ရပ်တည်ရန် အခက်အခဲများ ကြုံခဲ့ရသည်။,NAT
Writer40,Writer40/NAT02.png,NAT_02,မမလေးက ပြည်တွင်းယဉ်ကျေးမှုဘက်ကို အားပြုပြီး ကြည်အေးက လူသားဝါဒကို အသားပေးပါတယ်။,NAT
Writer40,Writer40/NAT03.png,NAT_03,သူသည် အကြောင်းအရာများကို သွယ်ဝိုက်ရေးသားတတ်သောကြောင့် စာဖတ်သူများ၏ စိတ်ဝင်စားမှုကို ရရှိခဲ့သည်။,NAT
Writer40,Writer40/NAT04.png,NAT_04,တစ်ခါက ဒီဝတ္ထုကြီးကို အကောင်းဆုံး မြန်မာဝတ္ထုရှည် ၅ ပုဒ်တွင် ပါဝင်သည်ဟု ချီးမွမ်းခဲ့ကြသည်။,NAT
Writer40,Writer40/NAT05.png,NAT_05,ကျောင်းသားလူငယ်များသည် လူငယ်များပီပီ ပျော်ပျော်ရွှင်ရွှင် နေချင်ကြသည်။,NAT
Writer40,Writer40/NAT06.png,NAT_06,ကျွန်မတို့နိုင်ငံသည် အရင်က လူတန်းစားများအကြား ကွာခြားမှုနည်းသော နိုင်ငံအဖြစ် လူသိများခဲ့သည်။,NAT
Writer40,Writer40/NAT07.png,NAT_07,လူတန်းစားများအကြား ကွာဟမှုကြီးထွားစေသော ကိစ္စများကို သေချာစွာ လေ့လာသင့်သည်။,NAT
Writer40,Writer40/NAT08.png,NAT_08,လယ်သမားများသည် သီးနှံကောင်းကောင်း ရရှိရန် နေ့စဉ် ကြိုးစားအလုပ်လုပ်ကြသည်။,NAT
Writer40,Writer40/NAT09.png,NAT_09,သုတေသနအဖွဲ့သည် လယ်သမားများ၏ အခြေအနေကို မေးမြန်းလေ့လာခဲ့သည်။,NAT
Writer40,Writer40/NAT10.png,NAT_10,တချို့လယ်သမားများသည် သီးနှံမအောင်မြင်ခြင်းနှင့် အကြွေးတင်ခြင်းကြောင့် လယ်ယာများကို ရောင်းချရသည်။,NAT
Writer40,Writer40/NAT11.png,NAT_11,ဤသည်ကို ကြိုတင်သိရှိလိုဟန်ဖြင့် သူသည် မချိုမချဉ်ပြုံးကာ အဝေးသို့သာ ငေးရီနေသည်။,NAT
Writer40,Writer40/NAT12.png,NAT_12,ကမ္ဘာပေါ်ရှိ လူများသည် မတူညီသော ယဉ်ကျေးမှုနှင့် အတွေးအခေါ်များကို လက်ခံထားကြသည်။,NAT
Writer40,Writer40/NAT13.png,NAT_13,နေဝင်ချိန်တွင် ကောင်းကင်သည် လိမ္မော်ရောင်သို့ တဖြည်းဖြည်း ပြောင်းလဲသွားသည်။,NAT
Writer40,Writer40/NAT14.png,NAT_14,ခင်ဗျားတို့ မမေးခင်မှာပင် ကျွန်တော် ဖြေကြားရန် အဆင်သင့်ဖြစ်နေပါပြီ။,NAT
Writer40,Writer40/NAT15.png,NAT_15,သဘာဝဘေးဒဏ်များနှင့် လူသားတို့၏ မှားယွင်းသော ဆုံးဖြတ်ချက်များကြောင့် ပြဿနာများ ဖြစ်ပေါ်လာတတ်သည်။,NAT
Writer40,Writer40/NAT16.png,NAT_16,ကြီးမားသော အလှည့်အပြောင်းပါဝင်သည့် ဆုံးဖြတ်ချက်တစ်ခု ဖြစ်နေပါသလား။,NAT
Writer40,Writer40/NAT17.png,NAT_17,ကျွန်တော် ဌာနသို့ စတင်ရောက်ရှိလာသည့်အချိန်ကို ယနေ့တိုင် မှတ်မိနေသေးသည်။,NAT
Writer40,Writer40/NAT18.png,NAT_18,ကဗျာဆရာ၏ အတွေးရထားသည် လောကသံလမ်းတစ်နေရာတွင် ဘီးချော်တိမ်းမှောက်ခဲ့ပြီလား။,NAT
Writer40,Writer40/NAT19.png,NAT_19,ဒီနေ့ မိုးအနည်းငယ် ရွာနိုင်ပါတယ်။,NAT
Writer40,Writer40/NAT20.png,NAT_20,ကျွန်တော် မနက်တိုင်း လမ်းလျှောက်လေ့ရှိပါတယ်။,NAT
Writer40,Writer40/NAT21.png,NAT_21,ကလေးများသည် ကျောင်းဝင်းထဲတွင် ကစားနေကြသည်။,NAT
Writer40,Writer40/NAT22.png,NAT_22,မိသားစုအားလုံး ညစာအတူတူ စားကြသည်။,NAT
Writer40,Writer40/NAT23.png,NAT_23,သူမသည် စာကြည့်တိုက်မှ စာအုပ်တစ်အုပ် ငှားလာခဲ့သည်။,NAT
Writer40,Writer40/NAT24.png,NAT_24,ကျွန်တော်တို့ မနက်ဖြန် ခရီးထွက်ရန် စီစဉ်ထားသည်။,NAT
Writer40,Writer40/NAT25.png,NAT_25,လယ်သမားများသည် လယ်ကွင်းထဲတွင် အလုပ်လုပ်နေကြသည်။,NAT
Writer40,Writer40/NAT26.png,NAT_26,ရထားသည် နံနက် ကိုးနာရီတွင် ဘူတာသို့ ရောက်မည်။,NAT
Writer40,Writer40/NAT27.png,NAT_27,သူသည် ကော်ဖီတစ်ခွက် သောက်ပြီး အလုပ်စတင်ခဲ့သည်။,NAT
Writer40,Writer40/NAT28.png,NAT_28,မြန်မာနိုင်ငံတွင် ရိုးရာပွဲတော်များစွာ ရှိသည်။,NAT
Writer40,Writer40/NAT29.png,NAT_29,စျေးထဲတွင် လတ်ဆတ်သော သစ်သီးများ ရောင်းချနေသည်။,NAT
Writer40,Writer40/NAT30.png,NAT_30,ကျောင်းသားများသည် စာမေးပွဲအတွက် ကြိုးစားလေ့လာနေကြသည်။,NAT
Writer40,Writer40/NONCE01.png,NONCE_01,သျှိုင်းကွိမ်,NONCE
Writer40,Writer40/NONCE02.png,NONCE_02,ပြွမ်းဂျိန်,NONCE
Writer40,Writer40/NONCE03.png,NONCE_03,ညွှောင့်ပိမ်,NONCE
Writer40,Writer40/NONCE04.png,NONCE_04,ချွိန်ဖျော့,NONCE
Writer40,Writer40/NONCE05.png,NONCE_05,မြှိမ်းဇွက်,NONCE
Writer40,Writer40/NONCE06.png,NONCE_06,ကျွိုင်းဗြန်,NONCE
Writer40,Writer40/NONCE07.png,NONCE_07,ဖြွေးနိပ်,NONCE
Writer40,Writer40/NONCE08.png,NONCE_08,လျှိန်ဂွတ်,NONCE
Writer40,Writer40/NONCE09.png,NONCE_09,ပွှိုင်းဒျက်,NONCE
Writer40,Writer40/NONCE10.png,NONCE_10,ကြွိမ်းဖျန်,NONCE
Writer40,Writer40/RARE01.png,RARE_01,ဦးပညာကျော်သည် ၁၉၉၈ ခုနှစ်၊ မတ်လ ၂၃ ရက်နေ့တွင် မွေးဖွားခဲ့သည်။,RARE
Writer40,Writer40/RARE02.png,RARE_02,အမှတ် ၁၂၇၊ သရဖီလမ်း၊ ရတနာပုံမြို့နယ်တွင် နေထိုင်သည်။,RARE
Writer40,Writer40/RARE03.png,RARE_03,ဆက်သွယ်ရန် ဖုန်းနံပါတ်မှာ ၀၉-၇၈၁၂၃၄၅၆၇ ဖြစ်သည်။,RARE
Writer40,Writer40/RARE04.png,RARE_04,"စုစုပေါင်းကျသင့်ငွေမှာ ၁၂၈,၅၀၀ ကျပ် ဖြစ်သည်။",RARE
Writer40,Writer40/RARE05.png,RARE_05,မန္တလေးမှ မြစ်ကြီးနားသို့ ရထားအမှတ် ၃၅ ဖြင့် ထွက်ခွာမည်။,RARE
Writer40,Writer40/RARE06.png,RARE_06,ဒေါက်တာ သီဟဇော်ထွန်းသည် အဏုဇီဝဗေဒကို လေ့လာနေသည်။,RARE
Writer40,Writer40/RARE07.png,RARE_07,သင်တန်းအမှတ်စဉ် ML-၂၀၂၆-၀၇ ကို ဇူလိုင်လ ၁၅ ရက်နေ့တွင် စတင်မည်။,RARE
Writer40,Writer40/RARE08.png,RARE_08,ကန့်ဘလူမြို့နယ်၊ ထန်းကုန်းကျေးရွာတွင် စမ်းသပ်မှု ပြုလုပ်ခဲ့သည်။,RARE
Writer40,Writer40/RARE09.png,RARE_09,ဓာတ်ခွဲနမူနာကုဒ် BMY-၄၂၁၇ ကို အအေးခန်းထဲတွင် သိမ်းဆည်းထားသည်။,RARE
Writer40,Writer40/RARE10.png,RARE_10,ရှေးဟောင်းကျောက်စာကို မြန်မာသက္ကရာဇ် ၁၂၃၄ ခုနှစ်တွင် ရေးထိုးခဲ့သည်။,RARE
Writer41,Writer41/NAT01.jpg,NAT_01,အစောပိုင်း အမျိုးသမီးစာရေးဆရာများသည် စာရေးခြင်းဖြင့် ရပ်တည်ရန် အခက်အခဲများ ကြုံခဲ့ရသည်။,NAT
Writer41,Writer41/NAT02.jpg,NAT_02,မမလေးက ပြည်တွင်းယဉ်ကျေးမှုဘက်ကို အားပြုပြီး ကြည်အေးက လူသားဝါဒကို အသားပေးပါတယ်။,NAT
Writer41,Writer41/NAT03.jpg,NAT_03,သူသည် အကြောင်းအရာများကို သွယ်ဝိုက်ရေးသားတတ်သောကြောင့် စာဖတ်သူများ၏ စိတ်ဝင်စားမှုကို ရရှိခဲ့သည်။,NAT
Writer41,Writer41/NAT04.jpg,NAT_04,တစ်ခါက ဒီဝတ္ထုကြီးကို အကောင်းဆုံး မြန်မာဝတ္ထုရှည် ၅ ပုဒ်တွင် ပါဝင်သည်ဟု ချီးမွမ်းခဲ့ကြသည်။,NAT
Writer41,Writer41/NAT05.jpg,NAT_05,ကျောင်းသားလူငယ်များသည် လူငယ်များပီပီ ပျော်ပျော်ရွှင်ရွှင် နေချင်ကြသည်။,NAT
Writer41,Writer41/NAT06.jpg,NAT_06,ကျွန်မတို့နိုင်ငံသည် အရင်က လူတန်းစားများအကြား ကွာခြားမှုနည်းသော နိုင်ငံအဖြစ် လူသိများခဲ့သည်။,NAT
Writer41,Writer41/NAT07.jpg,NAT_07,လူတန်းစားများအကြား ကွာဟမှုကြီးထွားစေသော ကိစ္စများကို သေချာစွာ လေ့လာသင့်သည်။,NAT
Writer41,Writer41/NAT08.jpg,NAT_08,လယ်သမားများသည် သီးနှံကောင်းကောင်း ရရှိရန် နေ့စဉ် ကြိုးစားအလုပ်လုပ်ကြသည်။,NAT
Writer41,Writer41/NAT09.jpg,NAT_09,သုတေသနအဖွဲ့သည် လယ်သမားများ၏ အခြေအနေကို မေးမြန်းလေ့လာခဲ့သည်။,NAT
Writer41,Writer41/NAT10.jpg,NAT_10,တချို့လယ်သမားများသည် သီးနှံမအောင်မြင်ခြင်းနှင့် အကြွေးတင်ခြင်းကြောင့် လယ်ယာများကို ရောင်းချရသည်။,NAT
Writer41,Writer41/NAT11.jpg,NAT_11,ဤသည်ကို ကြိုတင်သိရှိလိုဟန်ဖြင့် သူသည် မချိုမချဉ်ပြုံးကာ အဝေးသို့သာ ငေးရီနေသည်။,NAT
Writer41,Writer41/NAT12.jpg,NAT_12,ကမ္ဘာပေါ်ရှိ လူများသည် မတူညီသော ယဉ်ကျေးမှုနှင့် အတွေးအခေါ်များကို လက်ခံထားကြသည်။,NAT
Writer41,Writer41/NAT13.jpg,NAT_13,နေဝင်ချိန်တွင် ကောင်းကင်သည် လိမ္မော်ရောင်သို့ တဖြည်းဖြည်း ပြောင်းလဲသွားသည်။,NAT
Writer41,Writer41/NAT14.jpg,NAT_14,ခင်ဗျားတို့ မမေးခင်မှာပင် ကျွန်တော် ဖြေကြားရန် အဆင်သင့်ဖြစ်နေပါပြီ။,NAT
Writer41,Writer41/NAT15.jpg,NAT_15,သဘာဝဘေးဒဏ်များနှင့် လူသားတို့၏ မှားယွင်းသော ဆုံးဖြတ်ချက်များကြောင့် ပြဿနာများ ဖြစ်ပေါ်လာတတ်သည်။,NAT
Writer41,Writer41/NAT16.jpg,NAT_16,ကြီးမားသော အလှည့်အပြောင်းပါဝင်သည့် ဆုံးဖြတ်ချက်တစ်ခု ဖြစ်နေပါသလား။,NAT
Writer41,Writer41/NAT17.jpg,NAT_17,ကျွန်တော် ဌာနသို့ စတင်ရောက်ရှိလာသည့်အချိန်ကို ယနေ့တိုင် မှတ်မိနေသေးသည်။,NAT
Writer41,Writer41/NAT18.jpg,NAT_18,ကဗျာဆရာ၏ အတွေးရထားသည် လောကသံလမ်းတစ်နေရာတွင် ဘီးချော်တိမ်းမှောက်ခဲ့ပြီလား။,NAT
Writer41,Writer41/NAT19.jpg,NAT_19,ဒီနေ့ မိုးအနည်းငယ် ရွာနိုင်ပါတယ်။,NAT
Writer41,Writer41/NAT20.jpg,NAT_20,ကျွန်တော် မနက်တိုင်း လမ်းလျှောက်လေ့ရှိပါတယ်။,NAT
Writer41,Writer41/NAT21.jpg,NAT_21,ကလေးများသည် ကျောင်းဝင်းထဲတွင် ကစားနေကြသည်။,NAT
Writer41,Writer41/NAT22.jpg,NAT_22,မိသားစုအားလုံး ညစာအတူတူ စားကြသည်။,NAT
Writer41,Writer41/NAT23.jpg,NAT_23,သူမသည် စာကြည့်တိုက်မှ စာအုပ်တစ်အုပ် ငှားလာခဲ့သည်။,NAT
Writer41,Writer41/NAT24.jpg,NAT_24,ကျွန်တော်တို့ မနက်ဖြန် ခရီးထွက်ရန် စီစဉ်ထားသည်။,NAT
Writer41,Writer41/NAT25.jpg,NAT_25,လယ်သမားများသည် လယ်ကွင်းထဲတွင် အလုပ်လုပ်နေကြသည်။,NAT
Writer41,Writer41/NAT26.jpg,NAT_26,ရထားသည် နံနက် ကိုးနာရီတွင် ဘူတာသို့ ရောက်မည်။,NAT
Writer41,Writer41/NAT27.jpg,NAT_27,သူသည် ကော်ဖီတစ်ခွက် သောက်ပြီး အလုပ်စတင်ခဲ့သည်။,NAT
Writer41,Writer41/NAT28.jpg,NAT_28,မြန်မာနိုင်ငံတွင် ရိုးရာပွဲတော်များစွာ ရှိသည်။,NAT
Writer41,Writer41/NAT29.jpg,NAT_29,စျေးထဲတွင် လတ်ဆတ်သော သစ်သီးများ ရောင်းချနေသည်။,NAT
Writer41,Writer41/NAT30.jpg,NAT_30,ကျောင်းသားများသည် စာမေးပွဲအတွက် ကြိုးစားလေ့လာနေကြသည်။,NAT
Writer41,Writer41/NONCE01.jpg,NONCE_01,သျှိုင်းကွိမ်,NONCE
Writer41,Writer41/NONCE02.jpg,NONCE_02,ပြွမ်းဂျိန်,NONCE
Writer41,Writer41/NONCE03.jpg,NONCE_03,ညွှောင့်ပိမ်,NONCE
Writer41,Writer41/NONCE04.jpg,NONCE_04,ချွိန်ဖျော့,NONCE
Writer41,Writer41/NONCE05.jpg,NONCE_05,မြှိမ်းဇွက်,NONCE
Writer41,Writer41/NONCE06.jpg,NONCE_06,ကျွိုင်းဗြန်,NONCE
Writer41,Writer41/NONCE07.jpg,NONCE_07,ဖြွေးနိပ်,NONCE
Writer41,Writer41/NONCE08.jpg,NONCE_08,လျှိန်ဂွတ်,NONCE
Writer41,Writer41/NONCE09.jpg,NONCE_09,ပွှိုင်းဒျက်,NONCE
Writer41,Writer41/NONCE10.jpg,NONCE_10,ကြွိမ်းဖျန်,NONCE
Writer41,Writer41/RARE01.jpg,RARE_01,ဦးပညာကျော်သည် ၁၉၉၈ ခုနှစ်၊ မတ်လ ၂၃ ရက်နေ့တွင် မွေးဖွားခဲ့သည်။,RARE
Writer41,Writer41/RARE02.jpg,RARE_02,အမှတ် ၁၂၇၊ သရဖီလမ်း၊ ရတနာပုံမြို့နယ်တွင် နေထိုင်သည်။,RARE
Writer41,Writer41/RARE03.jpg,RARE_03,ဆက်သွယ်ရန် ဖုန်းနံပါတ်မှာ ၀၉-၇၈၁၂၃၄၅၆၇ ဖြစ်သည်။,RARE
Writer41,Writer41/RARE04.jpg,RARE_04,"စုစုပေါင်းကျသင့်ငွေမှာ ၁၂၈,၅၀၀ ကျပ် ဖြစ်သည်။",RARE
Writer41,Writer41/RARE05.jpg,RARE_05,မန္တလေးမှ မြစ်ကြီးနားသို့ ရထားအမှတ် ၃၅ ဖြင့် ထွက်ခွာမည်။,RARE
Writer41,Writer41/RARE06.jpg,RARE_06,ဒေါက်တာ သီဟဇော်ထွန်းသည် အဏုဇီဝဗေဒကို လေ့လာနေသည်။,RARE
Writer41,Writer41/RARE07.jpg,RARE_07,သင်တန်းအမှတ်စဉ် ML-၂၀၂၆-၀၇ ကို ဇူလိုင်လ ၁၅ ရက်နေ့တွင် စတင်မည်။,RARE
Writer41,Writer41/RARE08.jpg,RARE_08,ကန့်ဘလူမြို့နယ်၊ ထန်းကုန်းကျေးရွာတွင် စမ်းသပ်မှု ပြုလုပ်ခဲ့သည်။,RARE
Writer41,Writer41/RARE09.jpg,RARE_09,ဓာတ်ခွဲနမူနာကုဒ် BMY-၄၂၁၇ ကို အအေးခန်းထဲတွင် သိမ်းဆည်းထားသည်။,RARE
Writer41,Writer41/RARE10.jpg,RARE_10,ရှေးဟောင်းကျောက်စာကို မြန်မာသက္ကရာဇ် ၁၂၃၄ ခုနှစ်တွင် ရေးထိုးခဲ့သည်။,RARE
Writer42,Writer42/NAT01.png,NAT_01,အစောပိုင်း အမျိုးသမီးစာရေးဆရာများသည် စာရေးခြင်းဖြင့် ရပ်တည်ရန် အခက်အခဲများ ကြုံခဲ့ရသည်။,NAT
Writer42,Writer42/NAT02.png,NAT_02,မမလေးက ပြည်တွင်းယဉ်ကျေးမှုဘက်ကို အားပြုပြီး ကြည်အေးက လူသားဝါဒကို အသားပေးပါတယ်။,NAT
Writer42,Writer42/NAT03.png,NAT_03,သူသည် အကြောင်းအရာများကို သွယ်ဝိုက်ရေးသားတတ်သောကြောင့် စာဖတ်သူများ၏ စိတ်ဝင်စားမှုကို ရရှိခဲ့သည်။,NAT
Writer42,Writer42/NAT04.png,NAT_04,တစ်ခါက ဒီဝတ္ထုကြီးကို အကောင်းဆုံး မြန်မာဝတ္ထုရှည် ၅ ပုဒ်တွင် ပါဝင်သည်ဟု ချီးမွမ်းခဲ့ကြသည်။,NAT
Writer42,Writer42/NAT05.png,NAT_05,ကျောင်းသားလူငယ်များသည် လူငယ်များပီပီ ပျော်ပျော်ရွှင်ရွှင် နေချင်ကြသည်။,NAT
Writer42,Writer42/NAT06.png,NAT_06,ကျွန်မတို့နိုင်ငံသည် အရင်က လူတန်းစားများအကြား ကွာခြားမှုနည်းသော နိုင်ငံအဖြစ် လူသိများခဲ့သည်။,NAT
Writer42,Writer42/NAT07.png,NAT_07,လူတန်းစားများအကြား ကွာဟမှုကြီးထွားစေသော ကိစ္စများကို သေချာစွာ လေ့လာသင့်သည်။,NAT
Writer42,Writer42/NAT08.png,NAT_08,လယ်သမားများသည် သီးနှံကောင်းကောင်း ရရှိရန် နေ့စဉ် ကြိုးစားအလုပ်လုပ်ကြသည်။,NAT
Writer42,Writer42/NAT09.png,NAT_09,သုတေသနအဖွဲ့သည် လယ်သမားများ၏ အခြေအနေကို မေးမြန်းလေ့လာခဲ့သည်။,NAT
Writer42,Writer42/NAT10.png,NAT_10,တချို့လယ်သမားများသည် သီးနှံမအောင်မြင်ခြင်းနှင့် အကြွေးတင်ခြင်းကြောင့် လယ်ယာများကို ရောင်းချရသည်။,NAT
Writer42,Writer42/NAT11.png,NAT_11,ဤသည်ကို ကြိုတင်သိရှိလိုဟန်ဖြင့် သူသည် မချိုမချဉ်ပြုံးကာ အဝေးသို့သာ ငေးရီနေသည်။,NAT
Writer42,Writer42/NAT12.png,NAT_12,ကမ္ဘာပေါ်ရှိ လူများသည် မတူညီသော ယဉ်ကျေးမှုနှင့် အတွေးအခေါ်များကို လက်ခံထားကြသည်။,NAT
Writer42,Writer42/NAT13.png,NAT_13,နေဝင်ချိန်တွင် ကောင်းကင်သည် လိမ္မော်ရောင်သို့ တဖြည်းဖြည်း ပြောင်းလဲသွားသည်။,NAT
Writer42,Writer42/NAT14.png,NAT_14,ခင်ဗျားတို့ မမေးခင်မှာပင် ကျွန်တော် ဖြေကြားရန် အဆင်သင့်ဖြစ်နေပါပြီ။,NAT
Writer42,Writer42/NAT15.png,NAT_15,သဘာဝဘေးဒဏ်များနှင့် လူသားတို့၏ မှားယွင်းသော ဆုံးဖြတ်ချက်များကြောင့် ပြဿနာများ ဖြစ်ပေါ်လာတတ်သည်။,NAT
Writer42,Writer42/NAT16.png,NAT_16,ကြီးမားသော အလှည့်အပြောင်းပါဝင်သည့် ဆုံးဖြတ်ချက်တစ်ခု ဖြစ်နေပါသလား။,NAT
Writer42,Writer42/NAT17.png,NAT_17,ကျွန်တော် ဌာနသို့ စတင်ရောက်ရှိလာသည့်အချိန်ကို ယနေ့တိုင် မှတ်မိနေသေးသည်။,NAT
Writer42,Writer42/NAT18.png,NAT_18,ကဗျာဆရာ၏ အတွေးရထားသည် လောကသံလမ်းတစ်နေရာတွင် ဘီးချော်တိမ်းမှောက်ခဲ့ပြီလား။,NAT
Writer42,Writer42/NAT19.png,NAT_19,ဒီနေ့ မိုးအနည်းငယ် ရွာနိုင်ပါတယ်။,NAT
Writer42,Writer42/NAT20.png,NAT_20,ကျွန်တော် မနက်တိုင်း လမ်းလျှောက်လေ့ရှိပါတယ်။,NAT
Writer42,Writer42/NAT21.png,NAT_21,ကလေးများသည် ကျောင်းဝင်းထဲတွင် ကစားနေကြသည်။,NAT
Writer42,Writer42/NAT22.png,NAT_22,မိသားစုအားလုံး ညစာအတူတူ စားကြသည်။,NAT
Writer42,Writer42/NAT23.png,NAT_23,သူမသည် စာကြည့်တိုက်မှ စာအုပ်တစ်အုပ် ငှားလာခဲ့သည်။,NAT
Writer42,Writer42/NAT24.png,NAT_24,ကျွန်တော်တို့ မနက်ဖြန် ခရီးထွက်ရန် စီစဉ်ထားသည်။,NAT
Writer42,Writer42/NAT25.png,NAT_25,လယ်သမားများသည် လယ်ကွင်းထဲတွင် အလုပ်လုပ်နေကြသည်။,NAT
Writer42,Writer42/NAT26.png,NAT_26,ရထားသည် နံနက် ကိုးနာရီတွင် ဘူတာသို့ ရောက်မည်။,NAT
Writer42,Writer42/NAT27.png,NAT_27,သူသည် ကော်ဖီတစ်ခွက် သောက်ပြီး အလုပ်စတင်ခဲ့သည်။,NAT
Writer42,Writer42/NAT28.png,NAT_28,မြန်မာနိုင်ငံတွင် ရိုးရာပွဲတော်များစွာ ရှိသည်။,NAT
Writer42,Writer42/NAT29.png,NAT_29,စျေးထဲတွင် လတ်ဆတ်သော သစ်သီးများ ရောင်းချနေသည်။,NAT
Writer42,Writer42/NAT30.png,NAT_30,ကျောင်းသားများသည် စာမေးပွဲအတွက် ကြိုးစားလေ့လာနေကြသည်။,NAT
Writer42,Writer42/NONCE01.png,NONCE_01,သျှိုင်းကွိမ်,NONCE
Writer42,Writer42/NONCE02.png,NONCE_02,ပြွမ်းဂျိန်,NONCE
Writer42,Writer42/NONCE03.png,NONCE_03,ညွှောင့်ပိမ်,NONCE
Writer42,Writer42/NONCE04.png,NONCE_04,ချွိန်ဖျော့,NONCE
Writer42,Writer42/NONCE05.png,NONCE_05,မြှိမ်းဇွက်,NONCE
Writer42,Writer42/NONCE06.png,NONCE_06,ကျွိုင်းဗြန်,NONCE
Writer42,Writer42/NONCE07.png,NONCE_07,ဖြွေးနိပ်,NONCE
Writer42,Writer42/NONCE08.png,NONCE_08,လျှိန်ဂွတ်,NONCE
Writer42,Writer42/NONCE09.png,NONCE_09,ပွှိုင်းဒျက်,NONCE
Writer42,Writer42/NONCE10.png,NONCE_10,ကြွိမ်းဖျန်,NONCE
Writer42,Writer42/RARE01.png,RARE_01,ဦးပညာကျော်သည် ၁၉၉၈ ခုနှစ်၊ မတ်လ ၂၃ ရက်နေ့တွင် မွေးဖွားခဲ့သည်။,RARE
Writer42,Writer42/RARE02.png,RARE_02,အမှတ် ၁၂၇၊ သရဖီလမ်း၊ ရတနာပုံမြို့နယ်တွင် နေထိုင်သည်။,RARE
Writer42,Writer42/RARE03.png,RARE_03,ဆက်သွယ်ရန် ဖုန်းနံပါတ်မှာ ၀၉-၇၈၁၂၃၄၅၆၇ ဖြစ်သည်။,RARE
Writer42,Writer42/RARE04.png,RARE_04,"စုစုပေါင်းကျသင့်ငွေမှာ ၁၂၈,၅၀၀ ကျပ် ဖြစ်သည်။",RARE
Writer42,Writer42/RARE05.png,RARE_05,မန္တလေးမှ မြစ်ကြီးနားသို့ ရထားအမှတ် ၃၅ ဖြင့် ထွက်ခွာမည်။,RARE
Writer42,Writer42/RARE06.png,RARE_06,ဒေါက်တာ သီဟဇော်ထွန်းသည် အဏုဇီဝဗေဒကို လေ့လာနေသည်။,RARE
Writer42,Writer42/RARE07.png,RARE_07,သင်တန်းအမှတ်စဉ် ML-၂၀၂၆-၀၇ ကို ဇူလိုင်လ ၁၅ ရက်နေ့တွင် စတင်မည်။,RARE
Writer42,Writer42/RARE08.png,RARE_08,ကန့်ဘလူမြို့နယ်၊ ထန်းကုန်းကျေးရွာတွင် စမ်းသပ်မှု ပြုလုပ်ခဲ့သည်။,RARE
Writer42,Writer42/RARE09.png,RARE_09,ဓာတ်ခွဲနမူနာကုဒ် BMY-၄၂၁၇ ကို အအေးခန်းထဲတွင် သိမ်းဆည်းထားသည်။,RARE
Writer42,Writer42/RARE10.png,RARE_10,ရှေးဟောင်းကျောက်စာကို မြန်မာသက္ကရာဇ် ၁၂၃၄ ခုနှစ်တွင် ရေးထိုးခဲ့သည်။,RARE
Writer43,Writer43/NAT01.png,NAT_01,အစောပိုင်း အမျိုးသမီးစာရေးဆရာများသည် စာရေးခြင်းဖြင့် ရပ်တည်ရန် အခက်အခဲများ ကြုံခဲ့ရသည်။,NAT
Writer43,Writer43/NAT02.png,NAT_02,မမလေးက ပြည်တွင်းယဉ်ကျေးမှုဘက်ကို အားပြုပြီး ကြည်အေးက လူသားဝါဒကို အသားပေးပါတယ်။,NAT
Writer43,Writer43/NAT03.png,NAT_03,သူသည် အကြောင်းအရာများကို သွယ်ဝိုက်ရေးသားတတ်သောကြောင့် စာဖတ်သူများ၏ စိတ်ဝင်စားမှုကို ရရှိခဲ့သည်။,NAT
Writer43,Writer43/NAT04.png,NAT_04,တစ်ခါက ဒီဝတ္ထုကြီးကို အကောင်းဆုံး မြန်မာဝတ္ထုရှည် ၅ ပုဒ်တွင် ပါဝင်သည်ဟု ချီးမွမ်းခဲ့ကြသည်။,NAT
Writer43,Writer43/NAT05.png,NAT_05,ကျောင်းသားလူငယ်များသည် လူငယ်များပီပီ ပျော်ပျော်ရွှင်ရွှင် နေချင်ကြသည်။,NAT
Writer43,Writer43/NAT06.png,NAT_06,ကျွန်မတို့နိုင်ငံသည် အရင်က လူတန်းစားများအကြား ကွာခြားမှုနည်းသော နိုင်ငံအဖြစ် လူသိများခဲ့သည်။,NAT
Writer43,Writer43/NAT07.png,NAT_07,လူတန်းစားများအကြား ကွာဟမှုကြီးထွားစေသော ကိစ္စများကို သေချာစွာ လေ့လာသင့်သည်။,NAT
Writer43,Writer43/NAT08.png,NAT_08,လယ်သမားများသည် သီးနှံကောင်းကောင်း ရရှိရန် နေ့စဉ် ကြိုးစားအလုပ်လုပ်ကြသည်။,NAT
Writer43,Writer43/NAT09.png,NAT_09,သုတေသနအဖွဲ့သည် လယ်သမားများ၏ အခြေအနေကို မေးမြန်းလေ့လာခဲ့သည်။,NAT
Writer43,Writer43/NAT10.png,NAT_10,တချို့လယ်သမားများသည် သီးနှံမအောင်မြင်ခြင်းနှင့် အကြွေးတင်ခြင်းကြောင့် လယ်ယာများကို ရောင်းချရသည်။,NAT
Writer43,Writer43/NAT11.png,NAT_11,ဤသည်ကို ကြိုတင်သိရှိလိုဟန်ဖြင့် သူသည် မချိုမချဉ်ပြုံးကာ အဝေးသို့သာ ငေးရီနေသည်။,NAT
Writer43,Writer43/NAT12.png,NAT_12,ကမ္ဘာပေါ်ရှိ လူများသည် မတူညီသော ယဉ်ကျေးမှုနှင့် အတွေးအခေါ်များကို လက်ခံထားကြသည်။,NAT
Writer43,Writer43/NAT13.png,NAT_13,နေဝင်ချိန်တွင် ကောင်းကင်သည် လိမ္မော်ရောင်သို့ တဖြည်းဖြည်း ပြောင်းလဲသွားသည်။,NAT
Writer43,Writer43/NAT14.png,NAT_14,ခင်ဗျားတို့ မမေးခင်မှာပင် ကျွန်တော် ဖြေကြားရန် အဆင်သင့်ဖြစ်နေပါပြီ။,NAT
Writer43,Writer43/NAT15.png,NAT_15,သဘာဝဘေးဒဏ်များနှင့် လူသားတို့၏ မှားယွင်းသော ဆုံးဖြတ်ချက်များကြောင့် ပြဿနာများ ဖြစ်ပေါ်လာတတ်သည်။,NAT
Writer43,Writer43/NAT16.png,NAT_16,ကြီးမားသော အလှည့်အပြောင်းပါဝင်သည့် ဆုံးဖြတ်ချက်တစ်ခု ဖြစ်နေပါသလား။,NAT
Writer43,Writer43/NAT17.png,NAT_17,ကျွန်တော် ဌာနသို့ စတင်ရောက်ရှိလာသည့်အချိန်ကို ယနေ့တိုင် မှတ်မိနေသေးသည်။,NAT
Writer43,Writer43/NAT18.png,NAT_18,ကဗျာဆရာ၏ အတွေးရထားသည် လောကသံလမ်းတစ်နေရာတွင် ဘီးချော်တိမ်းမှောက်ခဲ့ပြီလား။,NAT
Writer43,Writer43/NAT19.png,NAT_19,ဒီနေ့ မိုးအနည်းငယ် ရွာနိုင်ပါတယ်။,NAT
Writer43,Writer43/NAT20.png,NAT_20,ကျွန်တော် မနက်တိုင်း လမ်းလျှောက်လေ့ရှိပါတယ်။,NAT
Writer43,Writer43/NAT21.png,NAT_21,ကလေးများသည် ကျောင်းဝင်းထဲတွင် ကစားနေကြသည်။,NAT
Writer43,Writer43/NAT22.png,NAT_22,မိသားစုအားလုံး ညစာအတူတူ စားကြသည်။,NAT
Writer43,Writer43/NAT23.png,NAT_23,သူမသည် စာကြည့်တိုက်မှ စာအုပ်တစ်အုပ် ငှားလာခဲ့သည်။,NAT
Writer43,Writer43/NAT24.png,NAT_24,ကျွန်တော်တို့ မနက်ဖြန် ခရီးထွက်ရန် စီစဉ်ထားသည်။,NAT
Writer43,Writer43/NAT25.png,NAT_25,လယ်သမားများသည် လယ်ကွင်းထဲတွင် အလုပ်လုပ်နေကြသည်။,NAT
Writer43,Writer43/NAT26.png,NAT_26,ရထားသည် နံနက် ကိုးနာရီတွင် ဘူတာသို့ ရောက်မည်။,NAT
Writer43,Writer43/NAT27.png,NAT_27,သူသည် ကော်ဖီတစ်ခွက် သောက်ပြီး အလုပ်စတင်ခဲ့သည်။,NAT
Writer43,Writer43/NAT28.png,NAT_28,မြန်မာနိုင်ငံတွင် ရိုးရာပွဲတော်များစွာ ရှိသည်။,NAT
Writer43,Writer43/NAT29.png,NAT_29,စျေးထဲတွင် လတ်ဆတ်သော သစ်သီးများ ရောင်းချနေသည်။,NAT
Writer43,Writer43/NAT30.png,NAT_30,ကျောင်းသားများသည် စာမေးပွဲအတွက် ကြိုးစားလေ့လာနေကြသည်။,NAT
Writer43,Writer43/NONCE01.png,NONCE_01,သျှိုင်းကွိမ်,NONCE
Writer43,Writer43/NONCE02.png,NONCE_02,ပြွမ်းဂျိန်,NONCE
Writer43,Writer43/NONCE03.png,NONCE_03,ညွှောင့်ပိမ်,NONCE
Writer43,Writer43/NONCE04.png,NONCE_04,ချွိန်ဖျော့,NONCE
Writer43,Writer43/NONCE05.png,NONCE_05,မြှိမ်းဇွက်,NONCE
Writer43,Writer43/NONCE06.png,NONCE_06,ကျွိုင်းဗြန်,NONCE
Writer43,Writer43/NONCE07.png,NONCE_07,ဖြွေးနိပ်,NONCE
Writer43,Writer43/NONCE08.png,NONCE_08,လျှိန်ဂွတ်,NONCE
Writer43,Writer43/NONCE09.png,NONCE_09,ပွှိုင်းဒျက်,NONCE
Writer43,Writer43/NONCE10.png,NONCE_10,ကြွိမ်းဖျန်,NONCE
Writer43,Writer43/RARE01.png,RARE_01,ဦးပညာကျော်သည် ၁၉၉၈ ခုနှစ်၊ မတ်လ ၂၃ ရက်နေ့တွင် မွေးဖွားခဲ့သည်။,RARE
Writer43,Writer43/RARE02.png,RARE_02,အမှတ် ၁၂၇၊ သရဖီလမ်း၊ ရတနာပုံမြို့နယ်တွင် နေထိုင်သည်။,RARE
Writer43,Writer43/RARE03.png,RARE_03,ဆက်သွယ်ရန် ဖုန်းနံပါတ်မှာ ၀၉-၇၈၁၂၃၄၅၆၇ ဖြစ်သည်။,RARE
Writer43,Writer43/RARE04.png,RARE_04,"စုစုပေါင်းကျသင့်ငွေမှာ ၁၂၈,၅၀၀ ကျပ် ဖြစ်သည်။",RARE
Writer43,Writer43/RARE05.png,RARE_05,မန္တလေးမှ မြစ်ကြီးနားသို့ ရထားအမှတ် ၃၅ ဖြင့် ထွက်ခွာမည်။,RARE
Writer43,Writer43/RARE06.png,RARE_06,ဒေါက်တာ သီဟဇော်ထွန်းသည် အဏုဇီဝဗေဒကို လေ့လာနေသည်။,RARE
Writer43,Writer43/RARE07.png,RARE_07,သင်တန်းအမှတ်စဉ် ML-၂၀၂၆-၀၇ ကို ဇူလိုင်လ ၁၅ ရက်နေ့တွင် စတင်မည်။,RARE
Writer43,Writer43/RARE08.png,RARE_08,ကန့်ဘလူမြို့နယ်၊ ထန်းကုန်းကျေးရွာတွင် စမ်းသပ်မှု ပြုလုပ်ခဲ့သည်။,RARE
Writer43,Writer43/RARE09.png,RARE_09,ဓာတ်ခွဲနမူနာကုဒ် BMY-၄၂၁၇ ကို အအေးခန်းထဲတွင် သိမ်းဆည်းထားသည်။,RARE
Writer43,Writer43/RARE10.png,RARE_10,ရှေးဟောင်းကျောက်စာကို မြန်မာသက္ကရာဇ် ၁၂၃၄ ခုနှစ်တွင် ရေးထိုးခဲ့သည်။,RARE
Writer44,Writer44/NAT01.png,NAT_01,အစောပိုင်း အမျိုးသမီးစာရေးဆရာများသည် စာရေးခြင်းဖြင့် ရပ်တည်ရန် အခက်အခဲများ ကြုံခဲ့ရသည်။,NAT
Writer44,Writer44/NAT02.png,NAT_02,မမလေးက ပြည်တွင်းယဉ်ကျေးမှုဘက်ကို အားပြုပြီး ကြည်အေးက လူသားဝါဒကို အသားပေးပါတယ်။,NAT
Writer44,Writer44/NAT03.png,NAT_03,သူသည် အကြောင်းအရာများကို သွယ်ဝိုက်ရေးသားတတ်သောကြောင့် စာဖတ်သူများ၏ စိတ်ဝင်စားမှုကို ရရှိခဲ့သည်။,NAT
Writer44,Writer44/NAT04.png,NAT_04,တစ်ခါက ဒီဝတ္ထုကြီးကို အကောင်းဆုံး မြန်မာဝတ္ထုရှည် ၅ ပုဒ်တွင် ပါဝင်သည်ဟု ချီးမွမ်းခဲ့ကြသည်။,NAT
Writer44,Writer44/NAT05.png,NAT_05,ကျောင်းသားလူငယ်များသည် လူငယ်များပီပီ ပျော်ပျော်ရွှင်ရွှင် နေချင်ကြသည်။,NAT
Writer44,Writer44/NAT06.png,NAT_06,ကျွန်မတို့နိုင်ငံသည် အရင်က လူတန်းစားများအကြား ကွာခြားမှုနည်းသော နိုင်ငံအဖြစ် လူသိများခဲ့သည်။,NAT
Writer44,Writer44/NAT07.png,NAT_07,လူတန်းစားများအကြား ကွာဟမှုကြီးထွားစေသော ကိစ္စများကို သေချာစွာ လေ့လာသင့်သည်။,NAT
Writer44,Writer44/NAT08.png,NAT_08,လယ်သမားများသည် သီးနှံကောင်းကောင်း ရရှိရန် နေ့စဉ် ကြိုးစားအလုပ်လုပ်ကြသည်။,NAT
Writer44,Writer44/NAT09.png,NAT_09,သုတေသနအဖွဲ့သည် လယ်သမားများ၏ အခြေအနေကို မေးမြန်းလေ့လာခဲ့သည်။,NAT
Writer44,Writer44/NAT10.png,NAT_10,တချို့လယ်သမားများသည် သီးနှံမအောင်မြင်ခြင်းနှင့် အကြွေးတင်ခြင်းကြောင့် လယ်ယာများကို ရောင်းချရသည်။,NAT
Writer44,Writer44/NAT11.png,NAT_11,ဤသည်ကို ကြိုတင်သိရှိလိုဟန်ဖြင့် သူသည် မချိုမချဉ်ပြုံးကာ အဝေးသို့သာ ငေးရီနေသည်။,NAT
Writer44,Writer44/NAT12.png,NAT_12,ကမ္ဘာပေါ်ရှိ လူများသည် မတူညီသော ယဉ်ကျေးမှုနှင့် အတွေးအခေါ်များကို လက်ခံထားကြသည်။,NAT
Writer44,Writer44/NAT13.png,NAT_13,နေဝင်ချိန်တွင် ကောင်းကင်သည် လိမ္မော်ရောင်သို့ တဖြည်းဖြည်း ပြောင်းလဲသွားသည်။,NAT
Writer44,Writer44/NAT14.png,NAT_14,ခင်ဗျားတို့ မမေးခင်မှာပင် ကျွန်တော် ဖြေကြားရန် အဆင်သင့်ဖြစ်နေပါပြီ။,NAT
Writer44,Writer44/NAT15.png,NAT_15,သဘာဝဘေးဒဏ်များနှင့် လူသားတို့၏ မှားယွင်းသော ဆုံးဖြတ်ချက်များကြောင့် ပြဿနာများ ဖြစ်ပေါ်လာတတ်သည်။,NAT
Writer44,Writer44/NAT16.png,NAT_16,ကြီးမားသော အလှည့်အပြောင်းပါဝင်သည့် ဆုံးဖြတ်ချက်တစ်ခု ဖြစ်နေပါသလား။,NAT
Writer44,Writer44/NAT17.png,NAT_17,ကျွန်တော် ဌာနသို့ စတင်ရောက်ရှိလာသည့်အချိန်ကို ယနေ့တိုင် မှတ်မိနေသေးသည်။,NAT
Writer44,Writer44/NAT18.png,NAT_18,ကဗျာဆရာ၏ အတွေးရထားသည် လောကသံလမ်းတစ်နေရာတွင် ဘီးချော်တိမ်းမှောက်ခဲ့ပြီလား။,NAT
Writer44,Writer44/NAT19.png,NAT_19,ဒီနေ့ မိုးအနည်းငယ် ရွာနိုင်ပါတယ်။,NAT
Writer44,Writer44/NAT20.png,NAT_20,ကျွန်တော် မနက်တိုင်း လမ်းလျှောက်လေ့ရှိပါတယ်။,NAT
Writer44,Writer44/NAT21.png,NAT_21,ကလေးများသည် ကျောင်းဝင်းထဲတွင် ကစားနေကြသည်။,NAT
Writer44,Writer44/NAT22.jpg,NAT_22,မိသားစုအားလုံး ညစာအတူတူ စားကြသည်။,NAT
Writer44,Writer44/NAT23.png,NAT_23,သူမသည် စာကြည့်တိုက်မှ စာအုပ်တစ်အုပ် ငှားလာခဲ့သည်။,NAT
Writer44,Writer44/NAT24.png,NAT_24,ကျွန်တော်တို့ မနက်ဖြန် ခရီးထွက်ရန် စီစဉ်ထားသည်။,NAT
Writer44,Writer44/NAT25.png,NAT_25,လယ်သမားများသည် လယ်ကွင်းထဲတွင် အလုပ်လုပ်နေကြသည်။,NAT
Writer44,Writer44/NAT26.png,NAT_26,ရထားသည် နံနက် ကိုးနာရီတွင် ဘူတာသို့ ရောက်မည်။,NAT
Writer44,Writer44/NAT27.png,NAT_27,သူသည် ကော်ဖီတစ်ခွက် သောက်ပြီး အလုပ်စတင်ခဲ့သည်။,NAT
Writer44,Writer44/NAT28.png,NAT_28,မြန်မာနိုင်ငံတွင် ရိုးရာပွဲတော်များစွာ ရှိသည်။,NAT
Writer44,Writer44/NAT29.png,NAT_29,စျေးထဲတွင် လတ်ဆတ်သော သစ်သီးများ ရောင်းချနေသည်။,NAT
Writer44,Writer44/NAT30.png,NAT_30,ကျောင်းသားများသည် စာမေးပွဲအတွက် ကြိုးစားလေ့လာနေကြသည်။,NAT
Writer44,Writer44/NONCE01.png,NONCE_01,သျှိုင်းကွိမ်,NONCE
Writer44,Writer44/NONCE02.png,NONCE_02,ပြွမ်းဂျိန်,NONCE
Writer44,Writer44/NONCE03.png,NONCE_03,ညွှောင့်ပိမ်,NONCE
Writer44,Writer44/NONCE04.png,NONCE_04,ချွိန်ဖျော့,NONCE
Writer44,Writer44/NONCE05.png,NONCE_05,မြှိမ်းဇွက်,NONCE
Writer44,Writer44/NONCE06.png,NONCE_06,ကျွိုင်းဗြန်,NONCE
Writer44,Writer44/NONCE07.png,NONCE_07,ဖြွေးနိပ်,NONCE
Writer44,Writer44/NONCE08.png,NONCE_08,လျှိန်ဂွတ်,NONCE
Writer44,Writer44/NONCE09.png,NONCE_09,ပွှိုင်းဒျက်,NONCE
Writer44,Writer44/NONCE10.png,NONCE_10,ကြွိမ်းဖျန်,NONCE
Writer44,Writer44/RARE01.png,RARE_01,ဦးပညာကျော်သည် ၁၉၉၈ ခုနှစ်၊ မတ်လ ၂၃ ရက်နေ့တွင် မွေးဖွားခဲ့သည်။,RARE
Writer44,Writer44/RARE02.png,RARE_02,အမှတ် ၁၂၇၊ သရဖီလမ်း၊ ရတနာပုံမြို့နယ်တွင် နေထိုင်သည်။,RARE
Writer44,Writer44/RARE03.png,RARE_03,ဆက်သွယ်ရန် ဖုန်းနံပါတ်မှာ ၀၉-၇၈၁၂၃၄၅၆၇ ဖြစ်သည်။,RARE
Writer44,Writer44/RARE04.png,RARE_04,"စုစုပေါင်းကျသင့်ငွေမှာ ၁၂၈,၅၀၀ ကျပ် ဖြစ်သည်။",RARE
Writer44,Writer44/RARE05.png,RARE_05,မန္တလေးမှ မြစ်ကြီးနားသို့ ရထားအမှတ် ၃၅ ဖြင့် ထွက်ခွာမည်။,RARE
Writer44,Writer44/RARE06.png,RARE_06,ဒေါက်တာ သီဟဇော်ထွန်းသည် အဏုဇီဝဗေဒကို လေ့လာနေသည်။,RARE
Writer44,Writer44/RARE07.png,RARE_07,သင်တန်းအမှတ်စဉ် ML-၂၀၂၆-၀၇ ကို ဇူလိုင်လ ၁၅ ရက်နေ့တွင် စတင်မည်။,RARE
Writer44,Writer44/RARE08.png,RARE_08,ကန့်ဘလူမြို့နယ်၊ ထန်းကုန်းကျေးရွာတွင် စမ်းသပ်မှု ပြုလုပ်ခဲ့သည်။,RARE
Writer44,Writer44/RARE09.png,RARE_09,ဓာတ်ခွဲနမူနာကုဒ် BMY-၄၂၁၇ ကို အအေးခန်းထဲတွင် သိမ်းဆည်းထားသည်။,RARE
Writer44,Writer44/RARE10.png,RARE_10,ရှေးဟောင်းကျောက်စာကို မြန်မာသက္ကရာဇ် ၁၂၃၄ ခုနှစ်တွင် ရေးထိုးခဲ့သည်။,RARE
Writer45,Writer45/NAT01.png,NAT_01,အစောပိုင်း အမျိုးသမီးစာရေးဆရာများသည် စာရေးခြင်းဖြင့် ရပ်တည်ရန် အခက်အခဲများ ကြုံခဲ့ရသည်။,NAT
Writer45,Writer45/NAT02.png,NAT_02,မမလေးက ပြည်တွင်းယဉ်ကျေးမှုဘက်ကို အားပြုပြီး ကြည်အေးက လူသားဝါဒကို အသားပေးပါတယ်။,NAT
Writer45,Writer45/NAT03.png,NAT_03,သူသည် အကြောင်းအရာများကို သွယ်ဝိုက်ရေးသားတတ်သောကြောင့် စာဖတ်သူများ၏ စိတ်ဝင်စားမှုကို ရရှိခဲ့သည်။,NAT
Writer45,Writer45/NAT04.png,NAT_04,တစ်ခါက ဒီဝတ္ထုကြီးကို အကောင်းဆုံး မြန်မာဝတ္ထုရှည် ၅ ပုဒ်တွင် ပါဝင်သည်ဟု ချီးမွမ်းခဲ့ကြသည်။,NAT
Writer45,Writer45/NAT05.png,NAT_05,ကျောင်းသားလူငယ်များသည် လူငယ်များပီပီ ပျော်ပျော်ရွှင်ရွှင် နေချင်ကြသည်။,NAT
Writer45,Writer45/NAT06.png,NAT_06,ကျွန်မတို့နိုင်ငံသည် အရင်က လူတန်းစားများအကြား ကွာခြားမှုနည်းသော နိုင်ငံအဖြစ် လူသိများခဲ့သည်။,NAT
Writer45,Writer45/NAT07.png,NAT_07,လူတန်းစားများအကြား ကွာဟမှုကြီးထွားစေသော ကိစ္စများကို သေချာစွာ လေ့လာသင့်သည်။,NAT
Writer45,Writer45/NAT08.png,NAT_08,လယ်သမားများသည် သီးနှံကောင်းကောင်း ရရှိရန် နေ့စဉ် ကြိုးစားအလုပ်လုပ်ကြသည်။,NAT
Writer45,Writer45/NAT09.png,NAT_09,သုတေသနအဖွဲ့သည် လယ်သမားများ၏ အခြေအနေကို မေးမြန်းလေ့လာခဲ့သည်။,NAT
Writer45,Writer45/NAT10.png,NAT_10,တချို့လယ်သမားများသည် သီးနှံမအောင်မြင်ခြင်းနှင့် အကြွေးတင်ခြင်းကြောင့် လယ်ယာများကို ရောင်းချရသည်။,NAT
Writer45,Writer45/NAT11.png,NAT_11,ဤသည်ကို ကြိုတင်သိရှိလိုဟန်ဖြင့် သူသည် မချိုမချဉ်ပြုံးကာ အဝေးသို့သာ ငေးရီနေသည်။,NAT
Writer45,Writer45/NAT12.png,NAT_12,ကမ္ဘာပေါ်ရှိ လူများသည် မတူညီသော ယဉ်ကျေးမှုနှင့် အတွေးအခေါ်များကို လက်ခံထားကြသည်။,NAT
Writer45,Writer45/NAT13.png,NAT_13,နေဝင်ချိန်တွင် ကောင်းကင်သည် လိမ္မော်ရောင်သို့ တဖြည်းဖြည်း ပြောင်းလဲသွားသည်။,NAT
Writer45,Writer45/NAT14.png,NAT_14,ခင်ဗျားတို့ မမေးခင်မှာပင် ကျွန်တော် ဖြေကြားရန် အဆင်သင့်ဖြစ်နေပါပြီ။,NAT
Writer45,Writer45/NAT15.png,NAT_15,သဘာဝဘေးဒဏ်များနှင့် လူသားတို့၏ မှားယွင်းသော ဆုံးဖြတ်ချက်များကြောင့် ပြဿနာများ ဖြစ်ပေါ်လာတတ်သည်။,NAT
Writer45,Writer45/NAT16.png,NAT_16,ကြီးမားသော အလှည့်အပြောင်းပါဝင်သည့် ဆုံးဖြတ်ချက်တစ်ခု ဖြစ်နေပါသလား။,NAT
Writer45,Writer45/NAT17.png,NAT_17,ကျွန်တော် ဌာနသို့ စတင်ရောက်ရှိလာသည့်အချိန်ကို ယနေ့တိုင် မှတ်မိနေသေးသည်။,NAT
Writer45,Writer45/NAT18.png,NAT_18,ကဗျာဆရာ၏ အတွေးရထားသည် လောကသံလမ်းတစ်နေရာတွင် ဘီးချော်တိမ်းမှောက်ခဲ့ပြီလား။,NAT
Writer45,Writer45/NAT19.png,NAT_19,ဒီနေ့ မိုးအနည်းငယ် ရွာနိုင်ပါတယ်။,NAT
Writer45,Writer45/NAT20.png,NAT_20,ကျွန်တော် မနက်တိုင်း လမ်းလျှောက်လေ့ရှိပါတယ်။,NAT
Writer45,Writer45/NAT21.png,NAT_21,ကလေးများသည် ကျောင်းဝင်းထဲတွင် ကစားနေကြသည်။,NAT
Writer45,Writer45/NAT22.png,NAT_22,မိသားစုအားလုံး ညစာအတူတူ စားကြသည်။,NAT
Writer45,Writer45/NAT23.png,NAT_23,သူမသည် စာကြည့်တိုက်မှ စာအုပ်တစ်အုပ် ငှားလာခဲ့သည်။,NAT
Writer45,Writer45/NAT24.png,NAT_24,ကျွန်တော်တို့ မနက်ဖြန် ခရီးထွက်ရန် စီစဉ်ထားသည်။,NAT
Writer45,Writer45/NAT25.png,NAT_25,လယ်သမားများသည် လယ်ကွင်းထဲတွင် အလုပ်လုပ်နေကြသည်။,NAT
Writer45,Writer45/NAT26.png,NAT_26,ရထားသည် နံနက် ကိုးနာရီတွင် ဘူတာသို့ ရောက်မည်။,NAT
Writer45,Writer45/NAT27.png,NAT_27,သူသည် ကော်ဖီတစ်ခွက် သောက်ပြီး အလုပ်စတင်ခဲ့သည်။,NAT
Writer45,Writer45/NAT28.png,NAT_28,မြန်မာနိုင်ငံတွင် ရိုးရာပွဲတော်များစွာ ရှိသည်။,NAT
Writer45,Writer45/NAT29.png,NAT_29,စျေးထဲတွင် လတ်ဆတ်သော သစ်သီးများ ရောင်းချနေသည်။,NAT
Writer45,Writer45/NAT30.png,NAT_30,ကျောင်းသားများသည် စာမေးပွဲအတွက် ကြိုးစားလေ့လာနေကြသည်။,NAT
Writer45,Writer45/NONCE01.png,NONCE_01,သျှိုင်းကွိမ်,NONCE
Writer45,Writer45/NONCE02.png,NONCE_02,ပြွမ်းဂျိန်,NONCE
Writer45,Writer45/NONCE03.png,NONCE_03,ညွှောင့်ပိမ်,NONCE
Writer45,Writer45/NONCE04.png,NONCE_04,ချွိန်ဖျော့,NONCE
Writer45,Writer45/NONCE05.png,NONCE_05,မြှိမ်းဇွက်,NONCE
Writer45,Writer45/NONCE06.png,NONCE_06,ကျွိုင်းဗြန်,NONCE
Writer45,Writer45/NONCE07.png,NONCE_07,ဖြွေးနိပ်,NONCE
Writer45,Writer45/NONCE08.png,NONCE_08,လျှိန်ဂွတ်,NONCE
Writer45,Writer45/NONCE09.png,NONCE_09,ပွှိုင်းဒျက်,NONCE
Writer45,Writer45/NONCE10.png,NONCE_10,ကြွိမ်းဖျန်,NONCE
Writer45,Writer45/RARE01.png,RARE_01,ဦးပညာကျော်သည် ၁၉၉၈ ခုနှစ်၊ မတ်လ ၂၃ ရက်နေ့တွင် မွေးဖွားခဲ့သည်။,RARE
Writer45,Writer45/RARE02.png,RARE_02,အမှတ် ၁၂၇၊ သရဖီလမ်း၊ ရတနာပုံမြို့နယ်တွင် နေထိုင်သည်။,RARE
Writer45,Writer45/RARE03.png,RARE_03,ဆက်သွယ်ရန် ဖုန်းနံပါတ်မှာ ၀၉-၇၈၁၂၃၄၅၆၇ ဖြစ်သည်။,RARE
Writer45,Writer45/RARE04.png,RARE_04,"စုစုပေါင်းကျသင့်ငွေမှာ ၁၂၈,၅၀၀ ကျပ် ဖြစ်သည်။",RARE
Writer45,Writer45/RARE05.png,RARE_05,မန္တလေးမှ မြစ်ကြီးနားသို့ ရထားအမှတ် ၃၅ ဖြင့် ထွက်ခွာမည်။,RARE
Writer45,Writer45/RARE06.png,RARE_06,ဒေါက်တာ သီဟဇော်ထွန်းသည် အဏုဇီဝဗေဒကို လေ့လာနေသည်။,RARE
Writer45,Writer45/RARE07.png,RARE_07,သင်တန်းအမှတ်စဉ် ML-၂၀၂၆-၀၇ ကို ဇူလိုင်လ ၁၅ ရက်နေ့တွင် စတင်မည်။,RARE
Writer45,Writer45/RARE08.png,RARE_08,ကန့်ဘလူမြို့နယ်၊ ထန်းကုန်းကျေးရွာတွင် စမ်းသပ်မှု ပြုလုပ်ခဲ့သည်။,RARE
Writer45,Writer45/RARE09.png,RARE_09,ဓာတ်ခွဲနမူနာကုဒ် BMY-၄၂၁၇ ကို အအေးခန်းထဲတွင် သိမ်းဆည်းထားသည်။,RARE
Writer45,Writer45/RARE10.png,RARE_10,ရှေးဟောင်းကျောက်စာကို မြန်မာသက္ကရာဇ် ၁၂၃၄ ခုနှစ်တွင် ရေးထိုးခဲ့သည်။,RARE
Writer46,Writer46/NAT01.png,NAT_01,အစောပိုင်း အမျိုးသမီးစာရေးဆရာများသည် စာရေးခြင်းဖြင့် ရပ်တည်ရန် အခက်အခဲများ ကြုံခဲ့ရသည်။,NAT
Writer46,Writer46/NAT02.png,NAT_02,မမလေးက ပြည်တွင်းယဉ်ကျေးမှုဘက်ကို အားပြုပြီး ကြည်အေးက လူသားဝါဒကို အသားပေးပါတယ်။,NAT
Writer46,Writer46/NAT03.png,NAT_03,သူသည် အကြောင်းအရာများကို သွယ်ဝိုက်ရေးသားတတ်သောကြောင့် စာဖတ်သူများ၏ စိတ်ဝင်စားမှုကို ရရှိခဲ့သည်။,NAT
Writer46,Writer46/NAT04.png,NAT_04,တစ်ခါက ဒီဝတ္ထုကြီးကို အကောင်းဆုံး မြန်မာဝတ္ထုရှည် ၅ ပုဒ်တွင် ပါဝင်သည်ဟု ချီးမွမ်းခဲ့ကြသည်။,NAT
Writer46,Writer46/NAT05.png,NAT_05,ကျောင်းသားလူငယ်များသည် လူငယ်များပီပီ ပျော်ပျော်ရွှင်ရွှင် နေချင်ကြသည်။,NAT
Writer46,Writer46/NAT06.png,NAT_06,ကျွန်မတို့နိုင်ငံသည် အရင်က လူတန်းစားများအကြား ကွာခြားမှုနည်းသော နိုင်ငံအဖြစ် လူသိများခဲ့သည်။,NAT
Writer46,Writer46/NAT07.png,NAT_07,လူတန်းစားများအကြား ကွာဟမှုကြီးထွားစေသော ကိစ္စများကို သေချာစွာ လေ့လာသင့်သည်။,NAT
Writer46,Writer46/NAT08.png,NAT_08,လယ်သမားများသည် သီးနှံကောင်းကောင်း ရရှိရန် နေ့စဉ် ကြိုးစားအလုပ်လုပ်ကြသည်။,NAT
Writer46,Writer46/NAT09.png,NAT_09,သုတေသနအဖွဲ့သည် လယ်သမားများ၏ အခြေအနေကို မေးမြန်းလေ့လာခဲ့သည်။,NAT
Writer46,Writer46/NAT10.png,NAT_10,တချို့လယ်သမားများသည် သီးနှံမအောင်မြင်ခြင်းနှင့် အကြွေးတင်ခြင်းကြောင့် လယ်ယာများကို ရောင်းချရသည်။,NAT
Writer46,Writer46/NAT11.png,NAT_11,ဤသည်ကို ကြိုတင်သိရှိလိုဟန်ဖြင့် သူသည် မချိုမချဉ်ပြုံးကာ အဝေးသို့သာ ငေးရီနေသည်။,NAT
Writer46,Writer46/NAT12.png,NAT_12,ကမ္ဘာပေါ်ရှိ လူများသည် မတူညီသော ယဉ်ကျေးမှုနှင့် အတွေးအခေါ်များကို လက်ခံထားကြသည်။,NAT
Writer46,Writer46/NAT13.png,NAT_13,နေဝင်ချိန်တွင် ကောင်းကင်သည် လိမ္မော်ရောင်သို့ တဖြည်းဖြည်း ပြောင်းလဲသွားသည်။,NAT
Writer46,Writer46/NAT14.png,NAT_14,ခင်ဗျားတို့ မမေးခင်မှာပင် ကျွန်တော် ဖြေကြားရန် အဆင်သင့်ဖြစ်နေပါပြီ။,NAT
Writer46,Writer46/NAT15.png,NAT_15,သဘာဝဘေးဒဏ်များနှင့် လူသားတို့၏ မှားယွင်းသော ဆုံးဖြတ်ချက်များကြောင့် ပြဿနာများ ဖြစ်ပေါ်လာတတ်သည်။,NAT
Writer46,Writer46/NAT16.png,NAT_16,ကြီးမားသော အလှည့်အပြောင်းပါဝင်သည့် ဆုံးဖြတ်ချက်တစ်ခု ဖြစ်နေပါသလား။,NAT
Writer46,Writer46/NAT17.png,NAT_17,ကျွန်တော် ဌာနသို့ စတင်ရောက်ရှိလာသည့်အချိန်ကို ယနေ့တိုင် မှတ်မိနေသေးသည်။,NAT
Writer46,Writer46/NAT18.png,NAT_18,ကဗျာဆရာ၏ အတွေးရထားသည် လောကသံလမ်းတစ်နေရာတွင် ဘီးချော်တိမ်းမှောက်ခဲ့ပြီလား။,NAT
Writer46,Writer46/NAT19.png,NAT_19,ဒီနေ့ မိုးအနည်းငယ် ရွာနိုင်ပါတယ်။,NAT
Writer46,Writer46/NAT20.png,NAT_20,ကျွန်တော် မနက်တိုင်း လမ်းလျှောက်လေ့ရှိပါတယ်။,NAT
Writer46,Writer46/NAT21.png,NAT_21,ကလေးများသည် ကျောင်းဝင်းထဲတွင် ကစားနေကြသည်။,NAT
Writer46,Writer46/NAT22.png,NAT_22,မိသားစုအားလုံး ညစာအတူတူ စားကြသည်။,NAT
Writer46,Writer46/NAT23.png,NAT_23,သူမသည် စာကြည့်တိုက်မှ စာအုပ်တစ်အုပ် ငှားလာခဲ့သည်။,NAT
Writer46,Writer46/NAT24.png,NAT_24,ကျွန်တော်တို့ မနက်ဖြန် ခရီးထွက်ရန် စီစဉ်ထားသည်။,NAT
Writer46,Writer46/NAT25.png,NAT_25,လယ်သမားများသည် လယ်ကွင်းထဲတွင် အလုပ်လုပ်နေကြသည်။,NAT
Writer46,Writer46/NAT26.png,NAT_26,ရထားသည် နံနက် ကိုးနာရီတွင် ဘူတာသို့ ရောက်မည်။,NAT
Writer46,Writer46/NAT27.png,NAT_27,သူသည် ကော်ဖီတစ်ခွက် သောက်ပြီး အလုပ်စတင်ခဲ့သည်။,NAT
Writer46,Writer46/NAT28.png,NAT_28,မြန်မာနိုင်ငံတွင် ရိုးရာပွဲတော်များစွာ ရှိသည်။,NAT
Writer46,Writer46/NAT29.png,NAT_29,စျေးထဲတွင် လတ်ဆတ်သော သစ်သီးများ ရောင်းချနေသည်။,NAT
Writer46,Writer46/NAT30.png,NAT_30,ကျောင်းသားများသည် စာမေးပွဲအတွက် ကြိုးစားလေ့လာနေကြသည်။,NAT
Writer46,Writer46/NONCE01.png,NONCE_01,သျှိုင်းကွိမ်,NONCE
Writer46,Writer46/NONCE02.png,NONCE_02,ပြွမ်းဂျိန်,NONCE
Writer46,Writer46/NONCE03.png,NONCE_03,ညွှောင့်ပိမ်,NONCE
Writer46,Writer46/NONCE04.png,NONCE_04,ချွိန်ဖျော့,NONCE
Writer46,Writer46/NONCE05.png,NONCE_05,မြှိမ်းဇွက်,NONCE
Writer46,Writer46/NONCE06.png,NONCE_06,ကျွိုင်းဗြန်,NONCE
Writer46,Writer46/NONCE07.png,NONCE_07,ဖြွေးနိပ်,NONCE
Writer46,Writer46/NONCE08.png,NONCE_08,လျှိန်ဂွတ်,NONCE
Writer46,Writer46/NONCE09.png,NONCE_09,ပွှိုင်းဒျက်,NONCE
Writer46,Writer46/NONCE10.png,NONCE_10,ကြွိမ်းဖျန်,NONCE
Writer46,Writer46/RARE01.png,RARE_01,ဦးပညာကျော်သည် ၁၉၉၈ ခုနှစ်၊ မတ်လ ၂၃ ရက်နေ့တွင် မွေးဖွားခဲ့သည်။,RARE
Writer46,Writer46/RARE02.png,RARE_02,အမှတ် ၁၂၇၊ သရဖီလမ်း၊ ရတနာပုံမြို့နယ်တွင် နေထိုင်သည်။,RARE
Writer46,Writer46/RARE03.png,RARE_03,ဆက်သွယ်ရန် ဖုန်းနံပါတ်မှာ ၀၉-၇၈၁၂၃၄၅၆၇ ဖြစ်သည်။,RARE
Writer46,Writer46/RARE04.png,RARE_04,"စုစုပေါင်းကျသင့်ငွေမှာ ၁၂၈,၅၀၀ ကျပ် ဖြစ်သည်။",RARE
Writer46,Writer46/RARE05.png,RARE_05,မန္တလေးမှ မြစ်ကြီးနားသို့ ရထားအမှတ် ၃၅ ဖြင့် ထွက်ခွာမည်။,RARE
Writer46,Writer46/RARE06.png,RARE_06,ဒေါက်တာ သီဟဇော်ထွန်းသည် အဏုဇီဝဗေဒကို လေ့လာနေသည်။,RARE
Writer46,Writer46/RARE07.png,RARE_07,သင်တန်းအမှတ်စဉ် ML-၂၀၂၆-၀၇ ကို ဇူလိုင်လ ၁၅ ရက်နေ့တွင် စတင်မည်။,RARE
Writer46,Writer46/RARE08.png,RARE_08,ကန့်ဘလူမြို့နယ်၊ ထန်းကုန်းကျေးရွာတွင် စမ်းသပ်မှု ပြုလုပ်ခဲ့သည်။,RARE
Writer46,Writer46/RARE09.png,RARE_09,ဓာတ်ခွဲနမူနာကုဒ် BMY-၄၂၁၇ ကို အအေးခန်းထဲတွင် သိမ်းဆည်းထားသည်။,RARE
Writer46,Writer46/RARE10.png,RARE_10,ရှေးဟောင်းကျောက်စာကို မြန်မာသက္ကရာဇ် ၁၂၃၄ ခုနှစ်တွင် ရေးထိုးခဲ့သည်။,RARE
Writer47,Writer47/NAT01.png,NAT_01,အစောပိုင်း အမျိုးသမီးစာရေးဆရာများသည် စာရေးခြင်းဖြင့် ရပ်တည်ရန် အခက်အခဲများ ကြုံခဲ့ရသည်။,NAT
Writer47,Writer47/NAT02.png,NAT_02,မမလေးက ပြည်တွင်းယဉ်ကျေးမှုဘက်ကို အားပြုပြီး ကြည်အေးက လူသားဝါဒကို အသားပေးပါတယ်။,NAT
Writer47,Writer47/NAT03.png,NAT_03,သူသည် အကြောင်းအရာများကို သွယ်ဝိုက်ရေးသားတတ်သောကြောင့် စာဖတ်သူများ၏ စိတ်ဝင်စားမှုကို ရရှိခဲ့သည်။,NAT
Writer47,Writer47/NAT04.png,NAT_04,တစ်ခါက ဒီဝတ္ထုကြီးကို အကောင်းဆုံး မြန်မာဝတ္ထုရှည် ၅ ပုဒ်တွင် ပါဝင်သည်ဟု ချီးမွမ်းခဲ့ကြသည်။,NAT
Writer47,Writer47/NAT05.png,NAT_05,ကျောင်းသားလူငယ်များသည် လူငယ်များပီပီ ပျော်ပျော်ရွှင်ရွှင် နေချင်ကြသည်။,NAT
Writer47,Writer47/NAT06.png,NAT_06,ကျွန်မတို့နိုင်ငံသည် အရင်က လူတန်းစားများအကြား ကွာခြားမှုနည်းသော နိုင်ငံအဖြစ် လူသိများခဲ့သည်။,NAT
Writer47,Writer47/NAT07.png,NAT_07,လူတန်းစားများအကြား ကွာဟမှုကြီးထွားစေသော ကိစ္စများကို သေချာစွာ လေ့လာသင့်သည်။,NAT
Writer47,Writer47/NAT08.png,NAT_08,လယ်သမားများသည် သီးနှံကောင်းကောင်း ရရှိရန် နေ့စဉ် ကြိုးစားအလုပ်လုပ်ကြသည်။,NAT
Writer47,Writer47/NAT09.png,NAT_09,သုတေသနအဖွဲ့သည် လယ်သမားများ၏ အခြေအနေကို မေးမြန်းလေ့လာခဲ့သည်။,NAT
Writer47,Writer47/NAT10.png,NAT_10,တချို့လယ်သမားများသည် သီးနှံမအောင်မြင်ခြင်းနှင့် အကြွေးတင်ခြင်းကြောင့် လယ်ယာများကို ရောင်းချရသည်။,NAT
Writer47,Writer47/NAT11.png,NAT_11,ဤသည်ကို ကြိုတင်သိရှိလိုဟန်ဖြင့် သူသည် မချိုမချဉ်ပြုံးကာ အဝေးသို့သာ ငေးရီနေသည်။,NAT
Writer47,Writer47/NAT12.png,NAT_12,ကမ္ဘာပေါ်ရှိ လူများသည် မတူညီသော ယဉ်ကျေးမှုနှင့် အတွေးအခေါ်များကို လက်ခံထားကြသည်။,NAT
Writer47,Writer47/NAT13.png,NAT_13,နေဝင်ချိန်တွင် ကောင်းကင်သည် လိမ္မော်ရောင်သို့ တဖြည်းဖြည်း ပြောင်းလဲသွားသည်။,NAT
Writer47,Writer47/NAT14.png,NAT_14,ခင်ဗျားတို့ မမေးခင်မှာပင် ကျွန်တော် ဖြေကြားရန် အဆင်သင့်ဖြစ်နေပါပြီ။,NAT
Writer47,Writer47/NAT15.png,NAT_15,သဘာဝဘေးဒဏ်များနှင့် လူသားတို့၏ မှားယွင်းသော ဆုံးဖြတ်ချက်များကြောင့် ပြဿနာများ ဖြစ်ပေါ်လာတတ်သည်။,NAT
Writer47,Writer47/NAT16.png,NAT_16,ကြီးမားသော အလှည့်အပြောင်းပါဝင်သည့် ဆုံးဖြတ်ချက်တစ်ခု ဖြစ်နေပါသလား။,NAT
Writer47,Writer47/NAT17.png,NAT_17,ကျွန်တော် ဌာနသို့ စတင်ရောက်ရှိလာသည့်အချိန်ကို ယနေ့တိုင် မှတ်မိနေသေးသည်။,NAT
Writer47,Writer47/NAT18.png,NAT_18,ကဗျာဆရာ၏ အတွေးရထားသည် လောကသံလမ်းတစ်နေရာတွင် ဘီးချော်တိမ်းမှောက်ခဲ့ပြီလား။,NAT
Writer47,Writer47/NAT19.png,NAT_19,ဒီနေ့ မိုးအနည်းငယ် ရွာနိုင်ပါတယ်။,NAT
Writer47,Writer47/NAT20.png,NAT_20,ကျွန်တော် မနက်တိုင်း လမ်းလျှောက်လေ့ရှိပါတယ်။,NAT
Writer47,Writer47/NAT21.png,NAT_21,ကလေးများသည် ကျောင်းဝင်းထဲတွင် ကစားနေကြသည်။,NAT
Writer47,Writer47/NAT22.png,NAT_22,မိသားစုအားလုံး ညစာအတူတူ စားကြသည်။,NAT
Writer47,Writer47/NAT23.png,NAT_23,သူမသည် စာကြည့်တိုက်မှ စာအုပ်တစ်အုပ် ငှားလာခဲ့သည်။,NAT
Writer47,Writer47/NAT24.png,NAT_24,ကျွန်တော်တို့ မနက်ဖြန် ခရီးထွက်ရန် စီစဉ်ထားသည်။,NAT
Writer47,Writer47/NAT25.png,NAT_25,လယ်သမားများသည် လယ်ကွင်းထဲတွင် အလုပ်လုပ်နေကြသည်။,NAT
Writer47,Writer47/NAT26.png,NAT_26,ရထားသည် နံနက် ကိုးနာရီတွင် ဘူတာသို့ ရောက်မည်။,NAT
Writer47,Writer47/NAT27.png,NAT_27,သူသည် ကော်ဖီတစ်ခွက် သောက်ပြီး အလုပ်စတင်ခဲ့သည်။,NAT
Writer47,Writer47/NAT28.png,NAT_28,မြန်မာနိုင်ငံတွင် ရိုးရာပွဲတော်များစွာ ရှိသည်။,NAT
Writer47,Writer47/NAT29.png,NAT_29,စျေးထဲတွင် လတ်ဆတ်သော သစ်သီးများ ရောင်းချနေသည်။,NAT
Writer47,Writer47/NAT30.png,NAT_30,ကျောင်းသားများသည် စာမေးပွဲအတွက် ကြိုးစားလေ့လာနေကြသည်။,NAT
Writer47,Writer47/NONCE01.png,NONCE_01,သျှိုင်းကွိမ်,NONCE
Writer47,Writer47/NONCE02.png,NONCE_02,ပြွမ်းဂျိန်,NONCE
Writer47,Writer47/NONCE03.png,NONCE_03,ညွှောင့်ပိမ်,NONCE
Writer47,Writer47/NONCE04.png,NONCE_04,ချွိန်ဖျော့,NONCE
Writer47,Writer47/NONCE05.png,NONCE_05,မြှိမ်းဇွက်,NONCE
Writer47,Writer47/NONCE06.png,NONCE_06,ကျွိုင်းဗြန်,NONCE
Writer47,Writer47/NONCE07.png,NONCE_07,ဖြွေးနိပ်,NONCE
Writer47,Writer47/NONCE08.png,NONCE_08,လျှိန်ဂွတ်,NONCE
Writer47,Writer47/NONCE09.png,NONCE_09,ပွှိုင်းဒျက်,NONCE
Writer47,Writer47/NONCE10.png,NONCE_10,ကြွိမ်းဖျန်,NONCE
Writer47,Writer47/RARE01.png,RARE_01,ဦးပညာကျော်သည် ၁၉၉၈ ခုနှစ်၊ မတ်လ ၂၃ ရက်နေ့တွင် မွေးဖွားခဲ့သည်။,RARE
Writer47,Writer47/RARE02.png,RARE_02,အမှတ် ၁၂၇၊ သရဖီလမ်း၊ ရတနာပုံမြို့နယ်တွင် နေထိုင်သည်။,RARE
Writer47,Writer47/RARE03.png,RARE_03,ဆက်သွယ်ရန် ဖုန်းနံပါတ်မှာ ၀၉-၇၈၁၂၃၄၅၆၇ ဖြစ်သည်။,RARE
Writer47,Writer47/RARE04.png,RARE_04,"စုစုပေါင်းကျသင့်ငွေမှာ ၁၂၈,၅၀၀ ကျပ် ဖြစ်သည်။",RARE
Writer47,Writer47/RARE05.png,RARE_05,မန္တလေးမှ မြစ်ကြီးနားသို့ ရထားအမှတ် ၃၅ ဖြင့် ထွက်ခွာမည်။,RARE
Writer47,Writer47/RARE06.png,RARE_06,ဒေါက်တာ သီဟဇော်ထွန်းသည် အဏုဇီဝဗေဒကို လေ့လာနေသည်။,RARE
Writer47,Writer47/RARE07.png,RARE_07,သင်တန်းအမှတ်စဉ် ML-၂၀၂၆-၀၇ ကို ဇူလိုင်လ ၁၅ ရက်နေ့တွင် စတင်မည်။,RARE
Writer47,Writer47/RARE08.png,RARE_08,ကန့်ဘလူမြို့နယ်၊ ထန်းကုန်းကျေးရွာတွင် စမ်းသပ်မှု ပြုလုပ်ခဲ့သည်။,RARE
Writer47,Writer47/RARE09.png,RARE_09,ဓာတ်ခွဲနမူနာကုဒ် BMY-၄၂၁၇ ကို အအေးခန်းထဲတွင် သိမ်းဆည်းထားသည်။,RARE
Writer47,Writer47/RARE10.png,RARE_10,ရှေးဟောင်းကျောက်စာကို မြန်မာသက္ကရာဇ် ၁၂၃၄ ခုနှစ်တွင် ရေးထိုးခဲ့သည်။,RARE
Writer48,Writer48/NAT01.png,NAT_01,အစောပိုင်း အမျိုးသမီးစာရေးဆရာများသည် စာရေးခြင်းဖြင့် ရပ်တည်ရန် အခက်အခဲများ ကြုံခဲ့ရသည်။,NAT
Writer48,Writer48/NAT02.png,NAT_02,မမလေးက ပြည်တွင်းယဉ်ကျေးမှုဘက်ကို အားပြုပြီး ကြည်အေးက လူသားဝါဒကို အသားပေးပါတယ်။,NAT
Writer48,Writer48/NAT03.png,NAT_03,သူသည် အကြောင်းအရာများကို သွယ်ဝိုက်ရေးသားတတ်သောကြောင့် စာဖတ်သူများ၏ စိတ်ဝင်စားမှုကို ရရှိခဲ့သည်။,NAT
Writer48,Writer48/NAT04.png,NAT_04,တစ်ခါက ဒီဝတ္ထုကြီးကို အကောင်းဆုံး မြန်မာဝတ္ထုရှည် ၅ ပုဒ်တွင် ပါဝင်သည်ဟု ချီးမွမ်းခဲ့ကြသည်။,NAT
Writer48,Writer48/NAT05.png,NAT_05,ကျောင်းသားလူငယ်များသည် လူငယ်များပီပီ ပျော်ပျော်ရွှင်ရွှင် နေချင်ကြသည်။,NAT
Writer48,Writer48/NAT06.png,NAT_06,ကျွန်မတို့နိုင်ငံသည် အရင်က လူတန်းစားများအကြား ကွာခြားမှုနည်းသော နိုင်ငံအဖြစ် လူသိများခဲ့သည်။,NAT
Writer48,Writer48/NAT07.png,NAT_07,လူတန်းစားများအကြား ကွာဟမှုကြီးထွားစေသော ကိစ္စများကို သေချာစွာ လေ့လာသင့်သည်။,NAT
Writer48,Writer48/NAT08.png,NAT_08,လယ်သမားများသည် သီးနှံကောင်းကောင်း ရရှိရန် နေ့စဉ် ကြိုးစားအလုပ်လုပ်ကြသည်။,NAT
Writer48,Writer48/NAT09.png,NAT_09,သုတေသနအဖွဲ့သည် လယ်သမားများ၏ အခြေအနေကို မေးမြန်းလေ့လာခဲ့သည်။,NAT
Writer48,Writer48/NAT10.png,NAT_10,တချို့လယ်သမားများသည် သီးနှံမအောင်မြင်ခြင်းနှင့် အကြွေးတင်ခြင်းကြောင့် လယ်ယာများကို ရောင်းချရသည်။,NAT
Writer48,Writer48/NAT11.png,NAT_11,ဤသည်ကို ကြိုတင်သိရှိလိုဟန်ဖြင့် သူသည် မချိုမချဉ်ပြုံးကာ အဝေးသို့သာ ငေးရီနေသည်။,NAT
Writer48,Writer48/NAT12.png,NAT_12,ကမ္ဘာပေါ်ရှိ လူများသည် မတူညီသော ယဉ်ကျေးမှုနှင့် အတွေးအခေါ်များကို လက်ခံထားကြသည်။,NAT
Writer48,Writer48/NAT13.png,NAT_13,နေဝင်ချိန်တွင် ကောင်းကင်သည် လိမ္မော်ရောင်သို့ တဖြည်းဖြည်း ပြောင်းလဲသွားသည်။,NAT
Writer48,Writer48/NAT14.png,NAT_14,ခင်ဗျားတို့ မမေးခင်မှာပင် ကျွန်တော် ဖြေကြားရန် အဆင်သင့်ဖြစ်နေပါပြီ။,NAT
Writer48,Writer48/NAT15.png,NAT_15,သဘာဝဘေးဒဏ်များနှင့် လူသားတို့၏ မှားယွင်းသော ဆုံးဖြတ်ချက်များကြောင့် ပြဿနာများ ဖြစ်ပေါ်လာတတ်သည်။,NAT
Writer48,Writer48/NAT16.png,NAT_16,ကြီးမားသော အလှည့်အပြောင်းပါဝင်သည့် ဆုံးဖြတ်ချက်တစ်ခု ဖြစ်နေပါသလား။,NAT
Writer48,Writer48/NAT17.png,NAT_17,ကျွန်တော် ဌာနသို့ စတင်ရောက်ရှိလာသည့်အချိန်ကို ယနေ့တိုင် မှတ်မိနေသေးသည်။,NAT
Writer48,Writer48/NAT18.png,NAT_18,ကဗျာဆရာ၏ အတွေးရထားသည် လောကသံလမ်းတစ်နေရာတွင် ဘီးချော်တိမ်းမှောက်ခဲ့ပြီလား။,NAT
Writer48,Writer48/NAT19.png,NAT_19,ဒီနေ့ မိုးအနည်းငယ် ရွာနိုင်ပါတယ်။,NAT
Writer48,Writer48/NAT20.png,NAT_20,ကျွန်တော် မနက်တိုင်း လမ်းလျှောက်လေ့ရှိပါတယ်။,NAT
Writer48,Writer48/NAT21.png,NAT_21,ကလေးများသည် ကျောင်းဝင်းထဲတွင် ကစားနေကြသည်။,NAT
Writer48,Writer48/NAT22.png,NAT_22,မိသားစုအားလုံး ညစာအတူတူ စားကြသည်။,NAT
Writer48,Writer48/NAT23.png,NAT_23,သူမသည် စာကြည့်တိုက်မှ စာအုပ်တစ်အုပ် ငှားလာခဲ့သည်။,NAT
Writer48,Writer48/NAT24.png,NAT_24,ကျွန်တော်တို့ မနက်ဖြန် ခရီးထွက်ရန် စီစဉ်ထားသည်။,NAT
Writer48,Writer48/NAT25.png,NAT_25,လယ်သမားများသည် လယ်ကွင်းထဲတွင် အလုပ်လုပ်နေကြသည်။,NAT
Writer48,Writer48/NAT26.png,NAT_26,ရထားသည် နံနက် ကိုးနာရီတွင် ဘူတာသို့ ရောက်မည်။,NAT
Writer48,Writer48/NAT27.png,NAT_27,သူသည် ကော်ဖီတစ်ခွက် သောက်ပြီး အလုပ်စတင်ခဲ့သည်။,NAT
Writer48,Writer48/NAT28.png,NAT_28,မြန်မာနိုင်ငံတွင် ရိုးရာပွဲတော်များစွာ ရှိသည်။,NAT
Writer48,Writer48/NAT29.png,NAT_29,စျေးထဲတွင် လတ်ဆတ်သော သစ်သီးများ ရောင်းချနေသည်။,NAT
Writer48,Writer48/NAT30.png,NAT_30,ကျောင်းသားများသည် စာမေးပွဲအတွက် ကြိုးစားလေ့လာနေကြသည်။,NAT
Writer48,Writer48/NONCE01.png,NONCE_01,သျှိုင်းကွိမ်,NONCE
Writer48,Writer48/NONCE02.png,NONCE_02,ပြွမ်းဂျိန်,NONCE
Writer48,Writer48/NONCE03.png,NONCE_03,ညွှောင့်ပိမ်,NONCE
Writer48,Writer48/NONCE04.png,NONCE_04,ချွိန်ဖျော့,NONCE
Writer48,Writer48/NONCE05.png,NONCE_05,မြှိမ်းဇွက်,NONCE
Writer48,Writer48/NONCE06.png,NONCE_06,ကျွိုင်းဗြန်,NONCE
Writer48,Writer48/NONCE07.png,NONCE_07,ဖြွေးနိပ်,NONCE
Writer48,Writer48/NONCE08.png,NONCE_08,လျှိန်ဂွတ်,NONCE
Writer48,Writer48/NONCE09.png,NONCE_09,ပွှိုင်းဒျက်,NONCE
Writer48,Writer48/NONCE10.png,NONCE_10,ကြွိမ်းဖျန်,NONCE
Writer48,Writer48/RARE01.png,RARE_01,ဦးပညာကျော်သည် ၁၉၉၈ ခုနှစ်၊ မတ်လ ၂၃ ရက်နေ့တွင် မွေးဖွားခဲ့သည်။,RARE
Writer48,Writer48/RARE02.png,RARE_02,အမှတ် ၁၂၇၊ သရဖီလမ်း၊ ရတနာပုံမြို့နယ်တွင် နေထိုင်သည်။,RARE
Writer48,Writer48/RARE03.png,RARE_03,ဆက်သွယ်ရန် ဖုန်းနံပါတ်မှာ ၀၉-၇၈၁၂၃၄၅၆၇ ဖြစ်သည်။,RARE
Writer48,Writer48/RARE04.png,RARE_04,"စုစုပေါင်းကျသင့်ငွေမှာ ၁၂၈,၅၀၀ ကျပ် ဖြစ်သည်။",RARE
Writer48,Writer48/RARE05.png,RARE_05,မန္တလေးမှ မြစ်ကြီးနားသို့ ရထားအမှတ် ၃၅ ဖြင့် ထွက်ခွာမည်။,RARE
Writer48,Writer48/RARE06.png,RARE_06,ဒေါက်တာ သီဟဇော်ထွန်းသည် အဏုဇီဝဗေဒကို လေ့လာနေသည်။,RARE
Writer48,Writer48/RARE07.png,RARE_07,သင်တန်းအမှတ်စဉ် ML-၂၀၂၆-၀၇ ကို ဇူလိုင်လ ၁၅ ရက်နေ့တွင် စတင်မည်။,RARE
Writer48,Writer48/RARE08.png,RARE_08,ကန့်ဘလူမြို့နယ်၊ ထန်းကုန်းကျေးရွာတွင် စမ်းသပ်မှု ပြုလုပ်ခဲ့သည်။,RARE
Writer48,Writer48/RARE09.png,RARE_09,ဓာတ်ခွဲနမူနာကုဒ် BMY-၄၂၁၇ ကို အအေးခန်းထဲတွင် သိမ်းဆည်းထားသည်။,RARE
Writer48,Writer48/RARE10.png,RARE_10,ရှေးဟောင်းကျောက်စာကို မြန်မာသက္ကရာဇ် ၁၂၃၄ ခုနှစ်တွင် ရေးထိုးခဲ့သည်။,RARE
Writer49,Writer49/NAT01.png,NAT_01,အစောပိုင်း အမျိုးသမီးစာရေးဆရာများသည် စာရေးခြင်းဖြင့် ရပ်တည်ရန် အခက်အခဲများ ကြုံခဲ့ရသည်။,NAT
Writer49,Writer49/NAT02.png,NAT_02,မမလေးက ပြည်တွင်းယဉ်ကျေးမှုဘက်ကို အားပြုပြီး ကြည်အေးက လူသားဝါဒကို အသားပေးပါတယ်။,NAT
Writer49,Writer49/NAT03.png,NAT_03,သူသည် အကြောင်းအရာများကို သွယ်ဝိုက်ရေးသားတတ်သောကြောင့် စာဖတ်သူများ၏ စိတ်ဝင်စားမှုကို ရရှိခဲ့သည်။,NAT
Writer49,Writer49/NAT04.png,NAT_04,တစ်ခါက ဒီဝတ္ထုကြီးကို အကောင်းဆုံး မြန်မာဝတ္ထုရှည် ၅ ပုဒ်တွင် ပါဝင်သည်ဟု ချီးမွမ်းခဲ့ကြသည်။,NAT
Writer49,Writer49/NAT05.png,NAT_05,ကျောင်းသားလူငယ်များသည် လူငယ်များပီပီ ပျော်ပျော်ရွှင်ရွှင် နေချင်ကြသည်။,NAT
Writer49,Writer49/NAT06.png,NAT_06,ကျွန်မတို့နိုင်ငံသည် အရင်က လူတန်းစားများအကြား ကွာခြားမှုနည်းသော နိုင်ငံအဖြစ် လူသိများခဲ့သည်။,NAT
Writer49,Writer49/NAT07.png,NAT_07,လူတန်းစားများအကြား ကွာဟမှုကြီးထွားစေသော ကိစ္စများကို သေချာစွာ လေ့လာသင့်သည်။,NAT
Writer49,Writer49/NAT08.png,NAT_08,လယ်သမားများသည် သီးနှံကောင်းကောင်း ရရှိရန် နေ့စဉ် ကြိုးစားအလုပ်လုပ်ကြသည်။,NAT
Writer49,Writer49/NAT09.png,NAT_09,သုတေသနအဖွဲ့သည် လယ်သမားများ၏ အခြေအနေကို မေးမြန်းလေ့လာခဲ့သည်။,NAT
Writer49,Writer49/NAT10.png,NAT_10,တချို့လယ်သမားများသည် သီးနှံမအောင်မြင်ခြင်းနှင့် အကြွေးတင်ခြင်းကြောင့် လယ်ယာများကို ရောင်းချရသည်။,NAT
Writer49,Writer49/NAT11.png,NAT_11,ဤသည်ကို ကြိုတင်သိရှိလိုဟန်ဖြင့် သူသည် မချိုမချဉ်ပြုံးကာ အဝေးသို့သာ ငေးရီနေသည်။,NAT
Writer49,Writer49/NAT12.png,NAT_12,ကမ္ဘာပေါ်ရှိ လူများသည် မတူညီသော ယဉ်ကျေးမှုနှင့် အတွေးအခေါ်များကို လက်ခံထားကြသည်။,NAT
Writer49,Writer49/NAT13.png,NAT_13,နေဝင်ချိန်တွင် ကောင်းကင်သည် လိမ္မော်ရောင်သို့ တဖြည်းဖြည်း ပြောင်းလဲသွားသည်။,NAT
Writer49,Writer49/NAT14.png,NAT_14,ခင်ဗျားတို့ မမေးခင်မှာပင် ကျွန်တော် ဖြေကြားရန် အဆင်သင့်ဖြစ်နေပါပြီ။,NAT
Writer49,Writer49/NAT15.png,NAT_15,သဘာဝဘေးဒဏ်များနှင့် လူသားတို့၏ မှားယွင်းသော ဆုံးဖြတ်ချက်များကြောင့် ပြဿနာများ ဖြစ်ပေါ်လာတတ်သည်။,NAT
Writer49,Writer49/NAT16.png,NAT_16,ကြီးမားသော အလှည့်အပြောင်းပါဝင်သည့် ဆုံးဖြတ်ချက်တစ်ခု ဖြစ်နေပါသလား။,NAT
Writer49,Writer49/NAT17.png,NAT_17,ကျွန်တော် ဌာနသို့ စတင်ရောက်ရှိလာသည့်အချိန်ကို ယနေ့တိုင် မှတ်မိနေသေးသည်။,NAT
Writer49,Writer49/NAT18.png,NAT_18,ကဗျာဆရာ၏ အတွေးရထားသည် လောကသံလမ်းတစ်နေရာတွင် ဘီးချော်တိမ်းမှောက်ခဲ့ပြီလား။,NAT
Writer49,Writer49/NAT19.png,NAT_19,ဒီနေ့ မိုးအနည်းငယ် ရွာနိုင်ပါတယ်။,NAT
Writer49,Writer49/NAT20.png,NAT_20,ကျွန်တော် မနက်တိုင်း လမ်းလျှောက်လေ့ရှိပါတယ်။,NAT
Writer49,Writer49/NAT21.png,NAT_21,ကလေးများသည် ကျောင်းဝင်းထဲတွင် ကစားနေကြသည်။,NAT
Writer49,Writer49/NAT22.png,NAT_22,မိသားစုအားလုံး ညစာအတူတူ စားကြသည်။,NAT
Writer49,Writer49/NAT23.png,NAT_23,သူမသည် စာကြည့်တိုက်မှ စာအုပ်တစ်အုပ် ငှားလာခဲ့သည်။,NAT
Writer49,Writer49/NAT24.png,NAT_24,ကျွန်တော်တို့ မနက်ဖြန် ခရီးထွက်ရန် စီစဉ်ထားသည်။,NAT
Writer49,Writer49/NAT25.png,NAT_25,လယ်သမားများသည် လယ်ကွင်းထဲတွင် အလုပ်လုပ်နေကြသည်။,NAT
Writer49,Writer49/NAT26.png,NAT_26,ရထားသည် နံနက် ကိုးနာရီတွင် ဘူတာသို့ ရောက်မည်။,NAT
Writer49,Writer49/NAT27.png,NAT_27,သူသည် ကော်ဖီတစ်ခွက် သောက်ပြီး အလုပ်စတင်ခဲ့သည်။,NAT
Writer49,Writer49/NAT28.png,NAT_28,မြန်မာနိုင်ငံတွင် ရိုးရာပွဲတော်များစွာ ရှိသည်။,NAT
Writer49,Writer49/NAT29.png,NAT_29,စျေးထဲတွင် လတ်ဆတ်သော သစ်သီးများ ရောင်းချနေသည်။,NAT
Writer49,Writer49/NAT30.png,NAT_30,ကျောင်းသားများသည် စာမေးပွဲအတွက် ကြိုးစားလေ့လာနေကြသည်။,NAT
Writer49,Writer49/NONCE01.png,NONCE_01,သျှိုင်းကွိမ်,NONCE
Writer49,Writer49/NONCE02.png,NONCE_02,ပြွမ်းဂျိန်,NONCE
Writer49,Writer49/NONCE03.png,NONCE_03,ညွှောင့်ပိမ်,NONCE
Writer49,Writer49/NONCE04.png,NONCE_04,ချွိန်ဖျော့,NONCE
Writer49,Writer49/NONCE05.png,NONCE_05,မြှိမ်းဇွက်,NONCE
Writer49,Writer49/NONCE06.png,NONCE_06,ကျွိုင်းဗြန်,NONCE
Writer49,Writer49/NONCE07.png,NONCE_07,ဖြွေးနိပ်,NONCE
Writer49,Writer49/NONCE08.png,NONCE_08,လျှိန်ဂွတ်,NONCE
Writer49,Writer49/NONCE09.png,NONCE_09,ပွှိုင်းဒျက်,NONCE
Writer49,Writer49/NONCE10.png,NONCE_10,ကြွိမ်းဖျန်,NONCE
Writer49,Writer49/RARE01.png,RARE_01,ဦးပညာကျော်သည် ၁၉၉၈ ခုနှစ်၊ မတ်လ ၂၃ ရက်နေ့တွင် မွေးဖွားခဲ့သည်။,RARE
Writer49,Writer49/RARE02.png,RARE_02,အမှတ် ၁၂၇၊ သရဖီလမ်း၊ ရတနာပုံမြို့နယ်တွင် နေထိုင်သည်။,RARE
Writer49,Writer49/RARE03.png,RARE_03,ဆက်သွယ်ရန် ဖုန်းနံပါတ်မှာ ၀၉-၇၈၁၂၃၄၅၆၇ ဖြစ်သည်။,RARE
Writer49,Writer49/RARE04.png,RARE_04,"စုစုပေါင်းကျသင့်ငွေမှာ ၁၂၈,၅၀၀ ကျပ် ဖြစ်သည်။",RARE
Writer49,Writer49/RARE05.png,RARE_05,မန္တလေးမှ မြစ်ကြီးနားသို့ ရထားအမှတ် ၃၅ ဖြင့် ထွက်ခွာမည်။,RARE
Writer49,Writer49/RARE06.png,RARE_06,ဒေါက်တာ သီဟဇော်ထွန်းသည် အဏုဇီဝဗေဒကို လေ့လာနေသည်။,RARE
Writer49,Writer49/RARE07.png,RARE_07,သင်တန်းအမှတ်စဉ် ML-၂၀၂၆-၀၇ ကို ဇူလိုင်လ ၁၅ ရက်နေ့တွင် စတင်မည်။,RARE
Writer49,Writer49/RARE08.png,RARE_08,ကန့်ဘလူမြို့နယ်၊ ထန်းကုန်းကျေးရွာတွင် စမ်းသပ်မှု ပြုလုပ်ခဲ့သည်။,RARE
Writer49,Writer49/RARE09.png,RARE_09,ဓာတ်ခွဲနမူနာကုဒ် BMY-၄၂၁၇ ကို အအေးခန်းထဲတွင် သိမ်းဆည်းထားသည်။,RARE
Writer49,Writer49/RARE10.png,RARE_10,ရှေးဟောင်းကျောက်စာကို မြန်မာသက္ကရာဇ် ၁၂၃၄ ခုနှစ်တွင် ရေးထိုးခဲ့သည်။,RARE
Writer50,Writer50/NAT01.png,NAT_01,အစောပိုင်း အမျိုးသမီးစာရေးဆရာများသည် စာရေးခြင်းဖြင့် ရပ်တည်ရန် အခက်အခဲများ ကြုံခဲ့ရသည်။,NAT
Writer50,Writer50/NAT02.png,NAT_02,မမလေးက ပြည်တွင်းယဉ်ကျေးမှုဘက်ကို အားပြုပြီး ကြည်အေးက လူသားဝါဒကို အသားပေးပါတယ်။,NAT
Writer50,Writer50/NAT03.png,NAT_03,သူသည် အကြောင်းအရာများကို သွယ်ဝိုက်ရေးသားတတ်သောကြောင့် စာဖတ်သူများ၏ စိတ်ဝင်စားမှုကို ရရှိခဲ့သည်။,NAT
Writer50,Writer50/NAT04.png,NAT_04,တစ်ခါက ဒီဝတ္ထုကြီးကို အကောင်းဆုံး မြန်မာဝတ္ထုရှည် ၅ ပုဒ်တွင် ပါဝင်သည်ဟု ချီးမွမ်းခဲ့ကြသည်။,NAT
Writer50,Writer50/NAT05.png,NAT_05,ကျောင်းသားလူငယ်များသည် လူငယ်များပီပီ ပျော်ပျော်ရွှင်ရွှင် နေချင်ကြသည်။,NAT
Writer50,Writer50/NAT06.png,NAT_06,ကျွန်မတို့နိုင်ငံသည် အရင်က လူတန်းစားများအကြား ကွာခြားမှုနည်းသော နိုင်ငံအဖြစ် လူသိများခဲ့သည်။,NAT
Writer50,Writer50/NAT07.png,NAT_07,လူတန်းစားများအကြား ကွာဟမှုကြီးထွားစေသော ကိစ္စများကို သေချာစွာ လေ့လာသင့်သည်။,NAT
Writer50,Writer50/NAT08.png,NAT_08,လယ်သမားများသည် သီးနှံကောင်းကောင်း ရရှိရန် နေ့စဉ် ကြိုးစားအလုပ်လုပ်ကြသည်။,NAT
Writer50,Writer50/NAT09.png,NAT_09,သုတေသနအဖွဲ့သည် လယ်သမားများ၏ အခြေအနေကို မေးမြန်းလေ့လာခဲ့သည်။,NAT
Writer50,Writer50/NAT10.png,NAT_10,တချို့လယ်သမားများသည် သီးနှံမအောင်မြင်ခြင်းနှင့် အကြွေးတင်ခြင်းကြောင့် လယ်ယာများကို ရောင်းချရသည်။,NAT
Writer50,Writer50/NAT11.png,NAT_11,ဤသည်ကို ကြိုတင်သိရှိလိုဟန်ဖြင့် သူသည် မချိုမချဉ်ပြုံးကာ အဝေးသို့သာ ငေးရီနေသည်။,NAT
Writer50,Writer50/NAT12.png,NAT_12,ကမ္ဘာပေါ်ရှိ လူများသည် မတူညီသော ယဉ်ကျေးမှုနှင့် အတွေးအခေါ်များကို လက်ခံထားကြသည်။,NAT
Writer50,Writer50/NAT13.png,NAT_13,နေဝင်ချိန်တွင် ကောင်းကင်သည် လိမ္မော်ရောင်သို့ တဖြည်းဖြည်း ပြောင်းလဲသွားသည်။,NAT
Writer50,Writer50/NAT14.png,NAT_14,ခင်ဗျားတို့ မမေးခင်မှာပင် ကျွန်တော် ဖြေကြားရန် အဆင်သင့်ဖြစ်နေပါပြီ။,NAT
Writer50,Writer50/NAT15.png,NAT_15,သဘာဝဘေးဒဏ်များနှင့် လူသားတို့၏ မှားယွင်းသော ဆုံးဖြတ်ချက်များကြောင့် ပြဿနာများ ဖြစ်ပေါ်လာတတ်သည်။,NAT
Writer50,Writer50/NAT16.png,NAT_16,ကြီးမားသော အလှည့်အပြောင်းပါဝင်သည့် ဆုံးဖြတ်ချက်တစ်ခု ဖြစ်နေပါသလား။,NAT
Writer50,Writer50/NAT17.png,NAT_17,ကျွန်တော် ဌာနသို့ စတင်ရောက်ရှိလာသည့်အချိန်ကို ယနေ့တိုင် မှတ်မိနေသေးသည်။,NAT
Writer50,Writer50/NAT18.png,NAT_18,ကဗျာဆရာ၏ အတွေးရထားသည် လောကသံလမ်းတစ်နေရာတွင် ဘီးချော်တိမ်းမှောက်ခဲ့ပြီလား။,NAT
Writer50,Writer50/NAT19.png,NAT_19,ဒီနေ့ မိုးအနည်းငယ် ရွာနိုင်ပါတယ်။,NAT
Writer50,Writer50/NAT20.png,NAT_20,ကျွန်တော် မနက်တိုင်း လမ်းလျှောက်လေ့ရှိပါတယ်။,NAT
Writer50,Writer50/NAT21.png,NAT_21,ကလေးများသည် ကျောင်းဝင်းထဲတွင် ကစားနေကြသည်။,NAT
Writer50,Writer50/NAT22.png,NAT_22,မိသားစုအားလုံး ညစာအတူတူ စားကြသည်။,NAT
Writer50,Writer50/NAT23.png,NAT_23,သူမသည် စာကြည့်တိုက်မှ စာအုပ်တစ်အုပ် ငှားလာခဲ့သည်။,NAT
Writer50,Writer50/NAT24.png,NAT_24,ကျွန်တော်တို့ မနက်ဖြန် ခရီးထွက်ရန် စီစဉ်ထားသည်။,NAT
Writer50,Writer50/NAT25.png,NAT_25,လယ်သမားများသည် လယ်ကွင်းထဲတွင် အလုပ်လုပ်နေကြသည်။,NAT
Writer50,Writer50/NAT26.png,NAT_26,ရထားသည် နံနက် ကိုးနာရီတွင် ဘူတာသို့ ရောက်မည်။,NAT
Writer50,Writer50/NAT27.png,NAT_27,သူသည် ကော်ဖီတစ်ခွက် သောက်ပြီး အလုပ်စတင်ခဲ့သည်။,NAT
Writer50,Writer50/NAT28.png,NAT_28,မြန်မာနိုင်ငံတွင် ရိုးရာပွဲတော်များစွာ ရှိသည်။,NAT
Writer50,Writer50/NAT29.png,NAT_29,စျေးထဲတွင် လတ်ဆတ်သော သစ်သီးများ ရောင်းချနေသည်။,NAT
Writer50,Writer50/NAT30.png,NAT_30,ကျောင်းသားများသည် စာမေးပွဲအတွက် ကြိုးစားလေ့လာနေကြသည်။,NAT
Writer50,Writer50/NONCE01.png,NONCE_01,သျှိုင်းကွိမ်,NONCE
Writer50,Writer50/NONCE02.png,NONCE_02,ပြွမ်းဂျိန်,NONCE
Writer50,Writer50/NONCE03.png,NONCE_03,ညွှောင့်ပိမ်,NONCE
Writer50,Writer50/NONCE04.png,NONCE_04,ချွိန်ဖျော့,NONCE
Writer50,Writer50/NONCE05.png,NONCE_05,မြှိမ်းဇွက်,NONCE
Writer50,Writer50/NONCE06.png,NONCE_06,ကျွိုင်းဗြန်,NONCE
Writer50,Writer50/NONCE07.png,NONCE_07,ဖြွေးနိပ်,NONCE
Writer50,Writer50/NONCE08.png,NONCE_08,လျှိန်ဂွတ်,NONCE
Writer50,Writer50/NONCE09.png,NONCE_09,ပွှိုင်းဒျက်,NONCE
Writer50,Writer50/NONCE10.png,NONCE_10,ကြွိမ်းဖျန်,NONCE
Writer50,Writer50/RARE01.png,RARE_01,ဦးပညာကျော်သည် ၁၉၉၈ ခုနှစ်၊ မတ်လ ၂၃ ရက်နေ့တွင် မွေးဖွားခဲ့သည်။,RARE
Writer50,Writer50/RARE02.png,RARE_02,အမှတ် ၁၂၇၊ သရဖီလမ်း၊ ရတနာပုံမြို့နယ်တွင် နေထိုင်သည်။,RARE
Writer50,Writer50/RARE03.png,RARE_03,ဆက်သွယ်ရန် ဖုန်းနံပါတ်မှာ ၀၉-၇၈၁၂၃၄၅၆၇ ဖြစ်သည်။,RARE
Writer50,Writer50/RARE04.png,RARE_04,"စုစုပေါင်းကျသင့်ငွေမှာ ၁၂၈,၅၀၀ ကျပ် ဖြစ်သည်။",RARE
Writer50,Writer50/RARE05.png,RARE_05,မန္တလေးမှ မြစ်ကြီးနားသို့ ရထားအမှတ် ၃၅ ဖြင့် ထွက်ခွာမည်။,RARE
Writer50,Writer50/RARE06.png,RARE_06,ဒေါက်တာ သီဟဇော်ထွန်းသည် အဏုဇီဝဗေဒကို လေ့လာနေသည်။,RARE
Writer50,Writer50/RARE07.png,RARE_07,သင်တန်းအမှတ်စဉ် ML-၂၀၂၆-၀၇ ကို ဇူလိုင်လ ၁၅ ရက်နေ့တွင် စတင်မည်။,RARE
Writer50,Writer50/RARE08.png,RARE_08,ကန့်ဘလူမြို့နယ်၊ ထန်းကုန်းကျေးရွာတွင် စမ်းသပ်မှု ပြုလုပ်ခဲ့သည်။,RARE
Writer50,Writer50/RARE09.png,RARE_09,ဓာတ်ခွဲနမူနာကုဒ် BMY-၄၂၁၇ ကို အအေးခန်းထဲတွင် သိမ်းဆည်းထားသည်။,RARE
Writer50,Writer50/RARE10.png,RARE_10,ရှေးဟောင်းကျောက်စာကို မြန်မာသက္ကရာဇ် ၁၂၃၄ ခုနှစ်တွင် ရေးထိုးခဲ့သည်။,RARE
Writer51,Writer51/NAT01.png,NAT_01,အစောပိုင်း အမျိုးသမီးစာရေးဆရာများသည် စာရေးခြင်းဖြင့် ရပ်တည်ရန် အခက်အခဲများ ကြုံခဲ့ရသည်။,NAT
Writer51,Writer51/NAT02.png,NAT_02,မမလေးက ပြည်တွင်းယဉ်ကျေးမှုဘက်ကို အားပြုပြီး ကြည်အေးက လူသားဝါဒကို အသားပေးပါတယ်။,NAT
Writer51,Writer51/NAT03.png,NAT_03,သူသည် အကြောင်းအရာများကို သွယ်ဝိုက်ရေးသားတတ်သောကြောင့် စာဖတ်သူများ၏ စိတ်ဝင်စားမှုကို ရရှိခဲ့သည်။,NAT
Writer51,Writer51/NAT04.png,NAT_04,တစ်ခါက ဒီဝတ္ထုကြီးကို အကောင်းဆုံး မြန်မာဝတ္ထုရှည် ၅ ပုဒ်တွင် ပါဝင်သည်ဟု ချီးမွမ်းခဲ့ကြသည်။,NAT
Writer51,Writer51/NAT05.png,NAT_05,ကျောင်းသားလူငယ်များသည် လူငယ်များပီပီ ပျော်ပျော်ရွှင်ရွှင် နေချင်ကြသည်။,NAT
Writer51,Writer51/NAT06.png,NAT_06,ကျွန်မတို့နိုင်ငံသည် အရင်က လူတန်းစားများအကြား ကွာခြားမှုနည်းသော နိုင်ငံအဖြစ် လူသိများခဲ့သည်။,NAT
Writer51,Writer51/NAT07.png,NAT_07,လူတန်းစားများအကြား ကွာဟမှုကြီးထွားစေသော ကိစ္စများကို သေချာစွာ လေ့လာသင့်သည်။,NAT
Writer51,Writer51/NAT08.png,NAT_08,လယ်သမားများသည် သီးနှံကောင်းကောင်း ရရှိရန် နေ့စဉ် ကြိုးစားအလုပ်လုပ်ကြသည်။,NAT
Writer51,Writer51/NAT09.png,NAT_09,သုတေသနအဖွဲ့သည် လယ်သမားများ၏ အခြေအနေကို မေးမြန်းလေ့လာခဲ့သည်။,NAT
Writer51,Writer51/NAT10.png,NAT_10,တချို့လယ်သမားများသည် သီးနှံမအောင်မြင်ခြင်းနှင့် အကြွေးတင်ခြင်းကြောင့် လယ်ယာများကို ရောင်းချရသည်။,NAT
Writer51,Writer51/NAT11.png,NAT_11,ဤသည်ကို ကြိုတင်သိရှိလိုဟန်ဖြင့် သူသည် မချိုမချဉ်ပြုံးကာ အဝေးသို့သာ ငေးရီနေသည်။,NAT
Writer51,Writer51/NAT12.png,NAT_12,ကမ္ဘာပေါ်ရှိ လူများသည် မတူညီသော ယဉ်ကျေးမှုနှင့် အတွေးအခေါ်များကို လက်ခံထားကြသည်။,NAT
Writer51,Writer51/NAT13.png,NAT_13,နေဝင်ချိန်တွင် ကောင်းကင်သည် လိမ္မော်ရောင်သို့ တဖြည်းဖြည်း ပြောင်းလဲသွားသည်။,NAT
Writer51,Writer51/NAT14.png,NAT_14,ခင်ဗျားတို့ မမေးခင်မှာပင် ကျွန်တော် ဖြေကြားရန် အဆင်သင့်ဖြစ်နေပါပြီ။,NAT
Writer51,Writer51/NAT15.png,NAT_15,သဘာဝဘေးဒဏ်များနှင့် လူသားတို့၏ မှားယွင်းသော ဆုံးဖြတ်ချက်များကြောင့် ပြဿနာများ ဖြစ်ပေါ်လာတတ်သည်။,NAT
Writer51,Writer51/NAT16.png,NAT_16,ကြီးမားသော အလှည့်အပြောင်းပါဝင်သည့် ဆုံးဖြတ်ချက်တစ်ခု ဖြစ်နေပါသလား။,NAT
Writer51,Writer51/NAT17.png,NAT_17,ကျွန်တော် ဌာနသို့ စတင်ရောက်ရှိလာသည့်အချိန်ကို ယနေ့တိုင် မှတ်မိနေသေးသည်။,NAT
Writer51,Writer51/NAT18.png,NAT_18,ကဗျာဆရာ၏ အတွေးရထားသည် လောကသံလမ်းတစ်နေရာတွင် ဘီးချော်တိမ်းမှောက်ခဲ့ပြီလား။,NAT
Writer51,Writer51/NAT19.png,NAT_19,ဒီနေ့ မိုးအနည်းငယ် ရွာနိုင်ပါတယ်။,NAT
Writer51,Writer51/NAT20.png,NAT_20,ကျွန်တော် မနက်တိုင်း လမ်းလျှောက်လေ့ရှိပါတယ်။,NAT
Writer51,Writer51/NAT21.png,NAT_21,ကလေးများသည် ကျောင်းဝင်းထဲတွင် ကစားနေကြသည်။,NAT
Writer51,Writer51/NAT22.png,NAT_22,မိသားစုအားလုံး ညစာအတူတူ စားကြသည်။,NAT
Writer51,Writer51/NAT23.png,NAT_23,သူမသည် စာကြည့်တိုက်မှ စာအုပ်တစ်အုပ် ငှားလာခဲ့သည်။,NAT
Writer51,Writer51/NAT24.png,NAT_24,ကျွန်တော်တို့ မနက်ဖြန် ခရီးထွက်ရန် စီစဉ်ထားသည်။,NAT
Writer51,Writer51/NAT25.png,NAT_25,လယ်သမားများသည် လယ်ကွင်းထဲတွင် အလုပ်လုပ်နေကြသည်။,NAT
Writer51,Writer51/NAT26.png,NAT_26,ရထားသည် နံနက် ကိုးနာရီတွင် ဘူတာသို့ ရောက်မည်။,NAT
Writer51,Writer51/NAT27.png,NAT_27,သူသည် ကော်ဖီတစ်ခွက် သောက်ပြီး အလုပ်စတင်ခဲ့သည်။,NAT
Writer51,Writer51/NAT28.png,NAT_28,မြန်မာနိုင်ငံတွင် ရိုးရာပွဲတော်များစွာ ရှိသည်။,NAT
Writer51,Writer51/NAT29.png,NAT_29,စျေးထဲတွင် လတ်ဆတ်သော သစ်သီးများ ရောင်းချနေသည်။,NAT
Writer51,Writer51/NAT30.png,NAT_30,ကျောင်းသားများသည် စာမေးပွဲအတွက် ကြိုးစားလေ့လာနေကြသည်။,NAT
Writer51,Writer51/NONCE01.png,NONCE_01,သျှိုင်းကွိမ်,NONCE
Writer51,Writer51/NONCE02.png,NONCE_02,ပြွမ်းဂျိန်,NONCE
Writer51,Writer51/NONCE03.png,NONCE_03,ညွှောင့်ပိမ်,NONCE
Writer51,Writer51/NONCE04.png,NONCE_04,ချွိန်ဖျော့,NONCE
Writer51,Writer51/NONCE05.png,NONCE_05,မြှိမ်းဇွက်,NONCE
Writer51,Writer51/NONCE06.png,NONCE_06,ကျွိုင်းဗြန်,NONCE
Writer51,Writer51/NONCE07.png,NONCE_07,ဖြွေးနိပ်,NONCE
Writer51,Writer51/NONCE08.png,NONCE_08,လျှိန်ဂွတ်,NONCE
Writer51,Writer51/NONCE09.png,NONCE_09,ပွှိုင်းဒျက်,NONCE
Writer51,Writer51/NONCE10.png,NONCE_10,ကြွိမ်းဖျန်,NONCE
Writer51,Writer51/RARE01.png,RARE_01,ဦးပညာကျော်သည် ၁၉၉၈ ခုနှစ်၊ မတ်လ ၂၃ ရက်နေ့တွင် မွေးဖွားခဲ့သည်။,RARE
Writer51,Writer51/RARE02.png,RARE_02,အမှတ် ၁၂၇၊ သရဖီလမ်း၊ ရတနာပုံမြို့နယ်တွင် နေထိုင်သည်။,RARE
Writer51,Writer51/RARE03.png,RARE_03,ဆက်သွယ်ရန် ဖုန်းနံပါတ်မှာ ၀၉-၇၈၁၂၃၄၅၆၇ ဖြစ်သည်။,RARE
Writer51,Writer51/RARE04.png,RARE_04,"စုစုပေါင်းကျသင့်ငွေမှာ ၁၂၈,၅၀၀ ကျပ် ဖြစ်သည်။",RARE
Writer51,Writer51/RARE05.png,RARE_05,မန္တလေးမှ မြစ်ကြီးနားသို့ ရထားအမှတ် ၃၅ ဖြင့် ထွက်ခွာမည်။,RARE
Writer51,Writer51/RARE06.png,RARE_06,ဒေါက်တာ သီဟဇော်ထွန်းသည် အဏုဇီဝဗေဒကို လေ့လာနေသည်။,RARE
Writer51,Writer51/RARE07.png,RARE_07,သင်တန်းအမှတ်စဉ် ML-၂၀၂၆-၀၇ ကို ဇူလိုင်လ ၁၅ ရက်နေ့တွင် စတင်မည်။,RARE
Writer51,Writer51/RARE08.png,RARE_08,ကန့်ဘလူမြို့နယ်၊ ထန်းကုန်းကျေးရွာတွင် စမ်းသပ်မှု ပြုလုပ်ခဲ့သည်။,RARE
Writer51,Writer51/RARE09.png,RARE_09,ဓာတ်ခွဲနမူနာကုဒ် BMY-၄၂၁၇ ကို အအေးခန်းထဲတွင် သိမ်းဆည်းထားသည်။,RARE
Writer51,Writer51/RARE10.png,RARE_10,ရှေးဟောင်းကျောက်စာကို မြန်မာသက္ကရာဇ် ၁၂၃၄ ခုနှစ်တွင် ရေးထိုးခဲ့သည်။,RARE
Writer52,Writer52/NAT01.png,NAT_01,အစောပိုင်း အမျိုးသမီးစာရေးဆရာများသည် စာရေးခြင်းဖြင့် ရပ်တည်ရန် အခက်အခဲများ ကြုံခဲ့ရသည်။,NAT
Writer52,Writer52/NAT02.png,NAT_02,မမလေးက ပြည်တွင်းယဉ်ကျေးမှုဘက်ကို အားပြုပြီး ကြည်အေးက လူသားဝါဒကို အသားပေးပါတယ်။,NAT
Writer52,Writer52/NAT03.png,NAT_03,သူသည် အကြောင်းအရာများကို သွယ်ဝိုက်ရေးသားတတ်သောကြောင့် စာဖတ်သူများ၏ စိတ်ဝင်စားမှုကို ရရှိခဲ့သည်။,NAT
Writer52,Writer52/NAT04.png,NAT_04,တစ်ခါက ဒီဝတ္ထုကြီးကို အကောင်းဆုံး မြန်မာဝတ္ထုရှည် ၅ ပုဒ်တွင် ပါဝင်သည်ဟု ချီးမွမ်းခဲ့ကြသည်။,NAT
Writer52,Writer52/NAT05.png,NAT_05,ကျောင်းသားလူငယ်များသည် လူငယ်များပီပီ ပျော်ပျော်ရွှင်ရွှင် နေချင်ကြသည်။,NAT
Writer52,Writer52/NAT06.png,NAT_06,ကျွန်မတို့နိုင်ငံသည် အရင်က လူတန်းစားများအကြား ကွာခြားမှုနည်းသော နိုင်ငံအဖြစ် လူသိများခဲ့သည်။,NAT
Writer52,Writer52/NAT07.png,NAT_07,လူတန်းစားများအကြား ကွာဟမှုကြီးထွားစေသော ကိစ္စများကို သေချာစွာ လေ့လာသင့်သည်။,NAT
Writer52,Writer52/NAT08.png,NAT_08,လယ်သမားများသည် သီးနှံကောင်းကောင်း ရရှိရန် နေ့စဉ် ကြိုးစားအလုပ်လုပ်ကြသည်။,NAT
Writer52,Writer52/NAT09.png,NAT_09,သုတေသနအဖွဲ့သည် လယ်သမားများ၏ အခြေအနေကို မေးမြန်းလေ့လာခဲ့သည်။,NAT
Writer52,Writer52/NAT10.png,NAT_10,တချို့လယ်သမားများသည် သီးနှံမအောင်မြင်ခြင်းနှင့် အကြွေးတင်ခြင်းကြောင့် လယ်ယာများကို ရောင်းချရသည်။,NAT
Writer52,Writer52/NAT11.png,NAT_11,ဤသည်ကို ကြိုတင်သိရှိလိုဟန်ဖြင့် သူသည် မချိုမချဉ်ပြုံးကာ အဝေးသို့သာ ငေးရီနေသည်။,NAT
Writer52,Writer52/NAT12.png,NAT_12,ကမ္ဘာပေါ်ရှိ လူများသည် မတူညီသော ယဉ်ကျေးမှုနှင့် အတွေးအခေါ်များကို လက်ခံထားကြသည်။,NAT
Writer52,Writer52/NAT13.png,NAT_13,နေဝင်ချိန်တွင် ကောင်းကင်သည် လိမ္မော်ရောင်သို့ တဖြည်းဖြည်း ပြောင်းလဲသွားသည်။,NAT
Writer52,Writer52/NAT14.png,NAT_14,ခင်ဗျားတို့ မမေးခင်မှာပင် ကျွန်တော် ဖြေကြားရန် အဆင်သင့်ဖြစ်နေပါပြီ။,NAT
Writer52,Writer52/NAT15.png,NAT_15,သဘာဝဘေးဒဏ်များနှင့် လူသားတို့၏ မှားယွင်းသော ဆုံးဖြတ်ချက်များကြောင့် ပြဿနာများ ဖြစ်ပေါ်လာတတ်သည်။,NAT
Writer52,Writer52/NAT16.png,NAT_16,ကြီးမားသော အလှည့်အပြောင်းပါဝင်သည့် ဆုံးဖြတ်ချက်တစ်ခု ဖြစ်နေပါသလား။,NAT
Writer52,Writer52/NAT17.png,NAT_17,ကျွန်တော် ဌာနသို့ စတင်ရောက်ရှိလာသည့်အချိန်ကို ယနေ့တိုင် မှတ်မိနေသေးသည်။,NAT
Writer52,Writer52/NAT18.png,NAT_18,ကဗျာဆရာ၏ အတွေးရထားသည် လောကသံလမ်းတစ်နေရာတွင် ဘီးချော်တိမ်းမှောက်ခဲ့ပြီလား။,NAT
Writer52,Writer52/NAT19.png,NAT_19,ဒီနေ့ မိုးအနည်းငယ် ရွာနိုင်ပါတယ်။,NAT
Writer52,Writer52/NAT20.png,NAT_20,ကျွန်တော် မနက်တိုင်း လမ်းလျှောက်လေ့ရှိပါတယ်။,NAT
Writer52,Writer52/NAT21.png,NAT_21,ကလေးများသည် ကျောင်းဝင်းထဲတွင် ကစားနေကြသည်။,NAT
Writer52,Writer52/NAT22.png,NAT_22,မိသားစုအားလုံး ညစာအတူတူ စားကြသည်။,NAT
Writer52,Writer52/NAT23.png,NAT_23,သူမသည် စာကြည့်တိုက်မှ စာအုပ်တစ်အုပ် ငှားလာခဲ့သည်။,NAT
Writer52,Writer52/NAT24.png,NAT_24,ကျွန်တော်တို့ မနက်ဖြန် ခရီးထွက်ရန် စီစဉ်ထားသည်။,NAT
Writer52,Writer52/NAT25.png,NAT_25,လယ်သမားများသည် လယ်ကွင်းထဲတွင် အလုပ်လုပ်နေကြသည်။,NAT
Writer52,Writer52/NAT26.png,NAT_26,ရထားသည် နံနက် ကိုးနာရီတွင် ဘူတာသို့ ရောက်မည်။,NAT
Writer52,Writer52/NAT27.png,NAT_27,သူသည် ကော်ဖီတစ်ခွက် သောက်ပြီး အလုပ်စတင်ခဲ့သည်။,NAT
Writer52,Writer52/NAT28.png,NAT_28,မြန်မာနိုင်ငံတွင် ရိုးရာပွဲတော်များစွာ ရှိသည်။,NAT
Writer52,Writer52/NAT29.png,NAT_29,စျေးထဲတွင် လတ်ဆတ်သော သစ်သီးများ ရောင်းချနေသည်။,NAT
Writer52,Writer52/NAT30.png,NAT_30,ကျောင်းသားများသည် စာမေးပွဲအတွက် ကြိုးစားလေ့လာနေကြသည်။,NAT
Writer52,Writer52/NONCE01.png,NONCE_01,သျှိုင်းကွိမ်,NONCE
Writer52,Writer52/NONCE02.png,NONCE_02,ပြွမ်းဂျိန်,NONCE
Writer52,Writer52/NONCE03.png,NONCE_03,ညွှောင့်ပိမ်,NONCE
Writer52,Writer52/NONCE04.png,NONCE_04,ချွိန်ဖျော့,NONCE
Writer52,Writer52/NONCE05.png,NONCE_05,မြှိမ်းဇွက်,NONCE
Writer52,Writer52/NONCE06.png,NONCE_06,ကျွိုင်းဗြန်,NONCE
Writer52,Writer52/NONCE07.png,NONCE_07,ဖြွေးနိပ်,NONCE
Writer52,Writer52/NONCE08.png,NONCE_08,လျှိန်ဂွတ်,NONCE
Writer52,Writer52/NONCE09.png,NONCE_09,ပွှိုင်းဒျက်,NONCE
Writer52,Writer52/NONCE10.png,NONCE_10,ကြွိမ်းဖျန်,NONCE
Writer52,Writer52/RARE01.png,RARE_01,ဦးပညာကျော်သည် ၁၉၉၈ ခုနှစ်၊ မတ်လ ၂၃ ရက်နေ့တွင် မွေးဖွားခဲ့သည်။,RARE
Writer52,Writer52/RARE02.png,RARE_02,အမှတ် ၁၂၇၊ သရဖီလမ်း၊ ရတနာပုံမြို့နယ်တွင် နေထိုင်သည်။,RARE
Writer52,Writer52/RARE03.png,RARE_03,ဆက်သွယ်ရန် ဖုန်းနံပါတ်မှာ ၀၉-၇၈၁၂၃၄၅၆၇ ဖြစ်သည်။,RARE
Writer52,Writer52/RARE04.png,RARE_04,"စုစုပေါင်းကျသင့်ငွေမှာ ၁၂၈,၅၀၀ ကျပ် ဖြစ်သည်။",RARE
Writer52,Writer52/RARE05.png,RARE_05,မန္တလေးမှ မြစ်ကြီးနားသို့ ရထားအမှတ် ၃၅ ဖြင့် ထွက်ခွာမည်။,RARE
Writer52,Writer52/RARE06.png,RARE_06,ဒေါက်တာ သီဟဇော်ထွန်းသည် အဏုဇီဝဗေဒကို လေ့လာနေသည်။,RARE
Writer52,Writer52/RARE07.png,RARE_07,သင်တန်းအမှတ်စဉ် ML-၂၀၂၆-၀၇ ကို ဇူလိုင်လ ၁၅ ရက်နေ့တွင် စတင်မည်။,RARE
Writer52,Writer52/RARE08.png,RARE_08,ကန့်ဘလူမြို့နယ်၊ ထန်းကုန်းကျေးရွာတွင် စမ်းသပ်မှု ပြုလုပ်ခဲ့သည်။,RARE
Writer52,Writer52/RARE09.png,RARE_09,ဓာတ်ခွဲနမူနာကုဒ် BMY-၄၂၁၇ ကို အအေးခန်းထဲတွင် သိမ်းဆည်းထားသည်။,RARE
Writer52,Writer52/RARE10.png,RARE_10,ရှေးဟောင်းကျောက်စာကို မြန်မာသက္ကရာဇ် ၁၂၃၄ ခုနှစ်တွင် ရေးထိုးခဲ့သည်။,RARE
Writer53,Writer53/NAT01.png,NAT_01,အစောပိုင်း အမျိုးသမီးစာရေးဆရာများသည် စာရေးခြင်းဖြင့် ရပ်တည်ရန် အခက်အခဲများ ကြုံခဲ့ရသည်။,NAT
Writer53,Writer53/NAT02.png,NAT_02,မမလေးက ပြည်တွင်းယဉ်ကျေးမှုဘက်ကို အားပြုပြီး ကြည်အေးက လူသားဝါဒကို အသားပေးပါတယ်။,NAT
Writer53,Writer53/NAT03.png,NAT_03,သူသည် အကြောင်းအရာများကို သွယ်ဝိုက်ရေးသားတတ်သောကြောင့် စာဖတ်သူများ၏ စိတ်ဝင်စားမှုကို ရရှိခဲ့သည်။,NAT
Writer53,Writer53/NAT04.png,NAT_04,တစ်ခါက ဒီဝတ္ထုကြီးကို အကောင်းဆုံး မြန်မာဝတ္ထုရှည် ၅ ပုဒ်တွင် ပါဝင်သည်ဟု ချီးမွမ်းခဲ့ကြသည်။,NAT
Writer53,Writer53/NAT05.png,NAT_05,ကျောင်းသားလူငယ်များသည် လူငယ်များပီပီ ပျော်ပျော်ရွှင်ရွှင် နေချင်ကြသည်။,NAT
Writer53,Writer53/NAT06.png,NAT_06,ကျွန်မတို့နိုင်ငံသည် အရင်က လူတန်းစားများအကြား ကွာခြားမှုနည်းသော နိုင်ငံအဖြစ် လူသိများခဲ့သည်။,NAT
Writer53,Writer53/NAT07.png,NAT_07,လူတန်းစားများအကြား ကွာဟမှုကြီးထွားစေသော ကိစ္စများကို သေချာစွာ လေ့လာသင့်သည်။,NAT
Writer53,Writer53/NAT08.png,NAT_08,လယ်သမားများသည် သီးနှံကောင်းကောင်း ရရှိရန် နေ့စဉ် ကြိုးစားအလုပ်လုပ်ကြသည်။,NAT
Writer53,Writer53/NAT09.png,NAT_09,သုတေသနအဖွဲ့သည် လယ်သမားများ၏ အခြေအနေကို မေးမြန်းလေ့လာခဲ့သည်။,NAT
Writer53,Writer53/NAT10.png,NAT_10,တချို့လယ်သမားများသည် သီးနှံမအောင်မြင်ခြင်းနှင့် အကြွေးတင်ခြင်းကြောင့် လယ်ယာများကို ရောင်းချရသည်။,NAT
Writer53,Writer53/NAT11.png,NAT_11,ဤသည်ကို ကြိုတင်သိရှိလိုဟန်ဖြင့် သူသည် မချိုမချဉ်ပြုံးကာ အဝေးသို့သာ ငေးရီနေသည်။,NAT
Writer53,Writer53/NAT12.png,NAT_12,ကမ္ဘာပေါ်ရှိ လူများသည် မတူညီသော ယဉ်ကျေးမှုနှင့် အတွေးအခေါ်များကို လက်ခံထားကြသည်။,NAT
Writer53,Writer53/NAT13.png,NAT_13,နေဝင်ချိန်တွင် ကောင်းကင်သည် လိမ္မော်ရောင်သို့ တဖြည်းဖြည်း ပြောင်းလဲသွားသည်။,NAT
Writer53,Writer53/NAT14.png,NAT_14,ခင်ဗျားတို့ မမေးခင်မှာပင် ကျွန်တော် ဖြေကြားရန် အဆင်သင့်ဖြစ်နေပါပြီ။,NAT
Writer53,Writer53/NAT15.png,NAT_15,သဘာဝဘေးဒဏ်များနှင့် လူသားတို့၏ မှားယွင်းသော ဆုံးဖြတ်ချက်များကြောင့် ပြဿနာများ ဖြစ်ပေါ်လာတတ်သည်။,NAT
Writer53,Writer53/NAT16.png,NAT_16,ကြီးမားသော အလှည့်အပြောင်းပါဝင်သည့် ဆုံးဖြတ်ချက်တစ်ခု ဖြစ်နေပါသလား။,NAT
Writer53,Writer53/NAT17.png,NAT_17,ကျွန်တော် ဌာနသို့ စတင်ရောက်ရှိလာသည့်အချိန်ကို ယနေ့တိုင် မှတ်မိနေသေးသည်။,NAT
Writer53,Writer53/NAT18.png,NAT_18,ကဗျာဆရာ၏ အတွေးရထားသည် လောကသံလမ်းတစ်နေရာတွင် ဘီးချော်တိမ်းမှောက်ခဲ့ပြီလား။,NAT
Writer53,Writer53/NAT19.png,NAT_19,ဒီနေ့ မိုးအနည်းငယ် ရွာနိုင်ပါတယ်။,NAT
Writer53,Writer53/NAT20.png,NAT_20,ကျွန်တော် မနက်တိုင်း လမ်းလျှောက်လေ့ရှိပါတယ်။,NAT
Writer53,Writer53/NAT21.png,NAT_21,ကလေးများသည် ကျောင်းဝင်းထဲတွင် ကစားနေကြသည်။,NAT
Writer53,Writer53/NAT22.png,NAT_22,မိသားစုအားလုံး ညစာအတူတူ စားကြသည်။,NAT
Writer53,Writer53/NAT23.png,NAT_23,သူမသည် စာကြည့်တိုက်မှ စာအုပ်တစ်အုပ် ငှားလာခဲ့သည်။,NAT
Writer53,Writer53/NAT24.png,NAT_24,ကျွန်တော်တို့ မနက်ဖြန် ခရီးထွက်ရန် စီစဉ်ထားသည်။,NAT
Writer53,Writer53/NAT25.png,NAT_25,လယ်သမားများသည် လယ်ကွင်းထဲတွင် အလုပ်လုပ်နေကြသည်။,NAT
Writer53,Writer53/NAT26.png,NAT_26,ရထားသည် နံနက် ကိုးနာရီတွင် ဘူတာသို့ ရောက်မည်။,NAT
Writer53,Writer53/NAT27.png,NAT_27,သူသည် ကော်ဖီတစ်ခွက် သောက်ပြီး အလုပ်စတင်ခဲ့သည်။,NAT
Writer53,Writer53/NAT28.png,NAT_28,မြန်မာနိုင်ငံတွင် ရိုးရာပွဲတော်များစွာ ရှိသည်။,NAT
Writer53,Writer53/NAT29.png,NAT_29,စျေးထဲတွင် လတ်ဆတ်သော သစ်သီးများ ရောင်းချနေသည်။,NAT
Writer53,Writer53/NAT30.png,NAT_30,ကျောင်းသားများသည် စာမေးပွဲအတွက် ကြိုးစားလေ့လာနေကြသည်။,NAT
Writer53,Writer53/NONCE01.png,NONCE_01,သျှိုင်းကွိမ်,NONCE
Writer53,Writer53/NONCE02.png,NONCE_02,ပြွမ်းဂျိန်,NONCE
Writer53,Writer53/NONCE03.png,NONCE_03,ညွှောင့်ပိမ်,NONCE
Writer53,Writer53/NONCE04.png,NONCE_04,ချွိန်ဖျော့,NONCE
Writer53,Writer53/NONCE05.png,NONCE_05,မြှိမ်းဇွက်,NONCE
Writer53,Writer53/NONCE06.png,NONCE_06,ကျွိုင်းဗြန်,NONCE
Writer53,Writer53/NONCE07.png,NONCE_07,ဖြွေးနိပ်,NONCE
Writer53,Writer53/NONCE08.png,NONCE_08,လျှိန်ဂွတ်,NONCE
Writer53,Writer53/NONCE09.png,NONCE_09,ပွှိုင်းဒျက်,NONCE
Writer53,Writer53/NONCE10.png,NONCE_10,ကြွိမ်းဖျန်,NONCE
Writer53,Writer53/RARE01.png,RARE_01,ဦးပညာကျော်သည် ၁၉၉၈ ခုနှစ်၊ မတ်လ ၂၃ ရက်နေ့တွင် မွေးဖွားခဲ့သည်။,RARE
Writer53,Writer53/RARE02.png,RARE_02,အမှတ် ၁၂၇၊ သရဖီလမ်း၊ ရတနာပုံမြို့နယ်တွင် နေထိုင်သည်။,RARE
Writer53,Writer53/RARE03.png,RARE_03,ဆက်သွယ်ရန် ဖုန်းနံပါတ်မှာ ၀၉-၇၈၁၂၃၄၅၆၇ ဖြစ်သည်။,RARE
Writer53,Writer53/RARE04.png,RARE_04,"စုစုပေါင်းကျသင့်ငွေမှာ ၁၂၈,၅၀၀ ကျပ် ဖြစ်သည်။",RARE
Writer53,Writer53/RARE05.png,RARE_05,မန္တလေးမှ မြစ်ကြီးနားသို့ ရထားအမှတ် ၃၅ ဖြင့် ထွက်ခွာမည်။,RARE
Writer53,Writer53/RARE06.png,RARE_06,ဒေါက်တာ သီဟဇော်ထွန်းသည် အဏုဇီဝဗေဒကို လေ့လာနေသည်။,RARE
Writer53,Writer53/RARE07.png,RARE_07,သင်တန်းအမှတ်စဉ် ML-၂၀၂၆-၀၇ ကို ဇူလိုင်လ ၁၅ ရက်နေ့တွင် စတင်မည်။,RARE
Writer53,Writer53/RARE08.png,RARE_08,ကန့်ဘလူမြို့နယ်၊ ထန်းကုန်းကျေးရွာတွင် စမ်းသပ်မှု ပြုလုပ်ခဲ့သည်။,RARE
Writer53,Writer53/RARE09.png,RARE_09,ဓာတ်ခွဲနမူနာကုဒ် BMY-၄၂၁၇ ကို အအေးခန်းထဲတွင် သိမ်းဆည်းထားသည်။,RARE
Writer53,Writer53/RARE10.png,RARE_10,ရှေးဟောင်းကျောက်စာကို မြန်မာသက္ကရာဇ် ၁၂၃၄ ခုနှစ်တွင် ရေးထိုးခဲ့သည်။,RARE
Writer54,Writer54/NAT01.png,NAT_01,အစောပိုင်း အမျိုးသမီးစာရေးဆရာများသည် စာရေးခြင်းဖြင့် ရပ်တည်ရန် အခက်အခဲများ ကြုံခဲ့ရသည်။,NAT
Writer54,Writer54/NAT02.png,NAT_02,မမလေးက ပြည်တွင်းယဉ်ကျေးမှုဘက်ကို အားပြုပြီး ကြည်အေးက လူသားဝါဒကို အသားပေးပါတယ်။,NAT
Writer54,Writer54/NAT03.png,NAT_03,သူသည် အကြောင်းအရာများကို သွယ်ဝိုက်ရေးသားတတ်သောကြောင့် စာဖတ်သူများ၏ စိတ်ဝင်စားမှုကို ရရှိခဲ့သည်။,NAT
Writer54,Writer54/NAT04.png,NAT_04,တစ်ခါက ဒီဝတ္ထုကြီးကို အကောင်းဆုံး မြန်မာဝတ္ထုရှည် ၅ ပုဒ်တွင် ပါဝင်သည်ဟု ချီးမွမ်းခဲ့ကြသည်။,NAT
Writer54,Writer54/NAT05.png,NAT_05,ကျောင်းသားလူငယ်များသည် လူငယ်များပီပီ ပျော်ပျော်ရွှင်ရွှင် နေချင်ကြသည်။,NAT
Writer54,Writer54/NAT06.png,NAT_06,ကျွန်မတို့နိုင်ငံသည် အရင်က လူတန်းစားများအကြား ကွာခြားမှုနည်းသော နိုင်ငံအဖြစ် လူသိများခဲ့သည်။,NAT
Writer54,Writer54/NAT07.png,NAT_07,လူတန်းစားများအကြား ကွာဟမှုကြီးထွားစေသော ကိစ္စများကို သေချာစွာ လေ့လာသင့်သည်။,NAT
Writer54,Writer54/NAT08.png,NAT_08,လယ်သမားများသည် သီးနှံကောင်းကောင်း ရရှိရန် နေ့စဉ် ကြိုးစားအလုပ်လုပ်ကြသည်။,NAT
Writer54,Writer54/NAT09.png,NAT_09,သုတေသနအဖွဲ့သည် လယ်သမားများ၏ အခြေအနေကို မေးမြန်းလေ့လာခဲ့သည်။,NAT
Writer54,Writer54/NAT10.png,NAT_10,တချို့လယ်သမားများသည် သီးနှံမအောင်မြင်ခြင်းနှင့် အကြွေးတင်ခြင်းကြောင့် လယ်ယာများကို ရောင်းချရသည်။,NAT
Writer54,Writer54/NAT11.png,NAT_11,ဤသည်ကို ကြိုတင်သိရှိလိုဟန်ဖြင့် သူသည် မချိုမချဉ်ပြုံးကာ အဝေးသို့သာ ငေးရီနေသည်။,NAT
Writer54,Writer54/NAT12.png,NAT_12,ကမ္ဘာပေါ်ရှိ လူများသည် မတူညီသော ယဉ်ကျေးမှုနှင့် အတွေးအခေါ်များကို လက်ခံထားကြသည်။,NAT
Writer54,Writer54/NAT13.png,NAT_13,နေဝင်ချိန်တွင် ကောင်းကင်သည် လိမ္မော်ရောင်သို့ တဖြည်းဖြည်း ပြောင်းလဲသွားသည်။,NAT
Writer54,Writer54/NAT14.png,NAT_14,ခင်ဗျားတို့ မမေးခင်မှာပင် ကျွန်တော် ဖြေကြားရန် အဆင်သင့်ဖြစ်နေပါပြီ။,NAT
Writer54,Writer54/NAT15.png,NAT_15,သဘာဝဘေးဒဏ်များနှင့် လူသားတို့၏ မှားယွင်းသော ဆုံးဖြတ်ချက်များကြောင့် ပြဿနာများ ဖြစ်ပေါ်လာတတ်သည်။,NAT
Writer54,Writer54/NAT16.png,NAT_16,ကြီးမားသော အလှည့်အပြောင်းပါဝင်သည့် ဆုံးဖြတ်ချက်တစ်ခု ဖြစ်နေပါသလား။,NAT
Writer54,Writer54/NAT17.png,NAT_17,ကျွန်တော် ဌာနသို့ စတင်ရောက်ရှိလာသည့်အချိန်ကို ယနေ့တိုင် မှတ်မိနေသေးသည်။,NAT
Writer54,Writer54/NAT18.png,NAT_18,ကဗျာဆရာ၏ အတွေးရထားသည် လောကသံလမ်းတစ်နေရာတွင် ဘီးချော်တိမ်းမှောက်ခဲ့ပြီလား။,NAT
Writer54,Writer54/NAT19.png,NAT_19,ဒီနေ့ မိုးအနည်းငယ် ရွာနိုင်ပါတယ်။,NAT
Writer54,Writer54/NAT20.png,NAT_20,ကျွန်တော် မနက်တိုင်း လမ်းလျှောက်လေ့ရှိပါတယ်။,NAT
Writer54,Writer54/NAT21.png,NAT_21,ကလေးများသည် ကျောင်းဝင်းထဲတွင် ကစားနေကြသည်။,NAT
Writer54,Writer54/NAT22.png,NAT_22,မိသားစုအားလုံး ညစာအတူတူ စားကြသည်။,NAT
Writer54,Writer54/NAT23.png,NAT_23,သူမသည် စာကြည့်တိုက်မှ စာအုပ်တစ်အုပ် ငှားလာခဲ့သည်။,NAT
Writer54,Writer54/NAT24.png,NAT_24,ကျွန်တော်တို့ မနက်ဖြန် ခရီးထွက်ရန် စီစဉ်ထားသည်။,NAT
Writer54,Writer54/NAT25.png,NAT_25,လယ်သမားများသည် လယ်ကွင်းထဲတွင် အလုပ်လုပ်နေကြသည်။,NAT
Writer54,Writer54/NAT26.png,NAT_26,ရထားသည် နံနက် ကိုးနာရီတွင် ဘူတာသို့ ရောက်မည်။,NAT
Writer54,Writer54/NAT27.png,NAT_27,သူသည် ကော်ဖီတစ်ခွက် သောက်ပြီး အလုပ်စတင်ခဲ့သည်။,NAT
Writer54,Writer54/NAT28.png,NAT_28,မြန်မာနိုင်ငံတွင် ရိုးရာပွဲတော်များစွာ ရှိသည်။,NAT
Writer54,Writer54/NAT29.png,NAT_29,စျေးထဲတွင် လတ်ဆတ်သော သစ်သီးများ ရောင်းချနေသည်။,NAT
Writer54,Writer54/NAT30.png,NAT_30,ကျောင်းသားများသည် စာမေးပွဲအတွက် ကြိုးစားလေ့လာနေကြသည်။,NAT
Writer54,Writer54/NONCE01.png,NONCE_01,သျှိုင်းကွိမ်,NONCE
Writer54,Writer54/NONCE02.png,NONCE_02,ပြွမ်းဂျိန်,NONCE
Writer54,Writer54/NONCE03.png,NONCE_03,ညွှောင့်ပိမ်,NONCE
Writer54,Writer54/NONCE04.png,NONCE_04,ချွိန်ဖျော့,NONCE
Writer54,Writer54/NONCE05.png,NONCE_05,မြှိမ်းဇွက်,NONCE
Writer54,Writer54/NONCE06.png,NONCE_06,ကျွိုင်းဗြန်,NONCE
Writer54,Writer54/NONCE07.png,NONCE_07,ဖြွေးနိပ်,NONCE
Writer54,Writer54/NONCE08.png,NONCE_08,လျှိန်ဂွတ်,NONCE
Writer54,Writer54/NONCE09.png,NONCE_09,ပွှိုင်းဒျက်,NONCE
Writer54,Writer54/NONCE10.png,NONCE_10,ကြွိမ်းဖျန်,NONCE
Writer54,Writer54/RARE01.png,RARE_01,ဦးပညာကျော်သည် ၁၉၉၈ ခုနှစ်၊ မတ်လ ၂၃ ရက်နေ့တွင် မွေးဖွားခဲ့သည်။,RARE
Writer54,Writer54/RARE02.png,RARE_02,အမှတ် ၁၂၇၊ သရဖီလမ်း၊ ရတနာပုံမြို့နယ်တွင် နေထိုင်သည်။,RARE
Writer54,Writer54/RARE03.png,RARE_03,ဆက်သွယ်ရန် ဖုန်းနံပါတ်မှာ ၀၉-၇၈၁၂၃၄၅၆၇ ဖြစ်သည်။,RARE
Writer54,Writer54/RARE04.png,RARE_04,"စုစုပေါင်းကျသင့်ငွေမှာ ၁၂၈,၅၀၀ ကျပ် ဖြစ်သည်။",RARE
Writer54,Writer54/RARE05.png,RARE_05,မန္တလေးမှ မြစ်ကြီးနားသို့ ရထားအမှတ် ၃၅ ဖြင့် ထွက်ခွာမည်။,RARE
Writer54,Writer54/RARE06.png,RARE_06,ဒေါက်တာ သီဟဇော်ထွန်းသည် အဏုဇီဝဗေဒကို လေ့လာနေသည်။,RARE
Writer54,Writer54/RARE07.png,RARE_07,သင်တန်းအမှတ်စဉ် ML-၂၀၂၆-၀၇ ကို ဇူလိုင်လ ၁၅ ရက်နေ့တွင် စတင်မည်။,RARE
Writer54,Writer54/RARE08.png,RARE_08,ကန့်ဘလူမြို့နယ်၊ ထန်းကုန်းကျေးရွာတွင် စမ်းသပ်မှု ပြုလုပ်ခဲ့သည်။,RARE
Writer54,Writer54/RARE09.png,RARE_09,ဓာတ်ခွဲနမူနာကုဒ် BMY-၄၂၁၇ ကို အအေးခန်းထဲတွင် သိမ်းဆည်းထားသည်။,RARE
Writer54,Writer54/RARE10.png,RARE_10,ရှေးဟောင်းကျောက်စာကို မြန်မာသက္ကရာဇ် ၁၂၃၄ ခုနှစ်တွင် ရေးထိုးခဲ့သည်။,RARE
